customer_id,customer_name,company_name,account_type,customer_segment,industry,region,subscription_type,customer_tenure_months,monthly_contract_value,account_manager,account_created_date
ACC-00001,Charles Jones,Highland Systems,Business,Individual,Education,Waikato,Basic,14,72.03,Unassigned,2018-06-17
ACC-00002,Michael Lopez,Sterling Group,Business,Corporate,Agriculture,Wellington,Premium,21,264.87,Mike Patterson,2022-01-28
ACC-00003,Susan Davis,Unknown,Residential,Small Business,Unknown,Canterbury,Basic,43,36.31,Unassigned,2018-03-21
ACC-00004,Richard Johnson,Pioneer Tech,Business,Corporate,Professional Services,Northland,Premium,11,278.36,Rob Thompson,2022-05-01
ACC-00008,David Martinez,Southern Holdings,Business,Individual,Construction,Canterbury,Basic,6,816.33,Sarah Chen,2018-07-15
ACC-00010,Charles Davis,Unknown,Residential,Corporate,Unknown,Waikato,Basic,7,47.3,Unassigned,2021-01-25
ACC-00012,James Moore,Island Solutions,Business,Corporate,Property Management,Canterbury,Free,18,14.91,Unassigned,2019-06-17
ACC-00013,Elizabeth Johnson,Highland Tech,Business,Corporate,Retail,Manawatu-Whanganui,Enterprise,11,674.27,Lisa Hartley,2018-02-18
ACC-00018,Susan Thomas,Peak Electrical,Business,Small Business,Retail,Canterbury,Free,43,0.0,Unassigned,2020-05-16
ACC-00019,Barbara Williams,Ridge Dental,Business,Corporate,Retail,Canterbury,Premium,58,258.56,Sarah Chen,2022-06-04
ACC-00020,Mary Lopez,Unknown,Residential,Individual,Unknown,Otago,Premium,38,114.86,Unassigned,2020-05-31
ACC-00021,Jessica Martin,Northern Legal,Business,Corporate,Hospitality,Auckland,Enterprise,41,663.03,Lisa Hartley,2020-05-13
ACC-00026,Elizabeth Williams,Unknown,Residential,Individual,Unknown,Bay of Plenty,Premium,13,122.43,Sarah Chen,2023-12-19
ACC-00028,Joseph Garcia,Alpha Partners,Business,Corporate,Hospitality,Waikato,Enterprise,15,450.13,Lisa Hartley,2018-01-19
ACC-00029,Robert Gonzalez,Valley Logistics,Business,Corporate,Healthcare,Waikato,Enterprise,9,611.84,Mike Patterson,2018-07-16
ACC-00030,Sarah Lopez,Northern Dental,Business,Corporate,Retail,Wellington,Enterprise,25,801.83,Lisa Hartley,2022-07-22
ACC-00031,Karen Taylor,Peak Industries,Business,Small Business,Construction,Canterbury,Premium,39,302.33,Lisa Hartley,2019-01-16
ACC-00032,Sarah Anderson,Peak Holdings,Business,Small Business,Hospitality,Canterbury,Premium,55,307.51,Rob Thompson,2023-11-11
ACC-00033,Jennifer Davis,Island Logistics,Business,Small Business,Professional Services,Canterbury,Free,14,0.0,Unassigned,2023-07-17
ACC-00034,Karen Gonzalez,Unknown,Residential,Individual,Unknown,Waikato,Enterprise,3,96.2,Unassigned,2022-02-04
ACC-00035,Charles Garcia,Unknown,Residential,Individual,Unknown,Wellington,Basic,24,141.8,Unassigned,2018-06-23
ACC-00036,Jennifer Smith,Northern Tech,Business,Corporate,Retail,Waikato,Basic,6,195.05,Unassigned,2020-10-25
ACC-00038,Jennifer Thomas,Unknown,Residential,Individual,Unknown,Auckland,Basic,37,44.67,Unassigned,2021-08-26
ACC-00039,Barbara Anderson,Unknown,Residential,Corporate,Unknown,Wellington,Enterprise,4,41.71,Unassigned,2019-08-16
ACC-00041,Joseph Brown,Unknown,Residential,Individual,Unknown,Canterbury,Free,55,0.0,Unassigned,2020-01-27
ACC-00042,Joseph Martin,Summit Partners,Business,Corporate,Property Management,Wellington,Enterprise,39,248.75,Rob Thompson,2018-04-01
ACC-00044,Barbara Gonzalez,Island Logistics,Business,Corporate,Education,Canterbury,Enterprise,47,276.6,Rob Thompson,2019-02-09
ACC-00045,James Miller,Coastal Solutions,Business,Corporate,Hospitality,Otago,Free,50,0.0,Unassigned,2018-10-25
ACC-00046,Linda Thomas,Harbour Enterprises,Business,Corporate,Trades,Canterbury,Premium,24,287.81,Sarah Chen,2019-09-18
ACC-00047,Richard Wilson,Unknown,Residential,Individual,Unknown,Bay of Plenty,Enterprise,8,0.0,Unassigned,2022-01-11
ACC-00048,David Gonzalez,Island Ltd,Business,Corporate,Healthcare,Auckland,Enterprise,45,203.05,Lisa Hartley,2021-08-22
ACC-00049,Thomas Thomas,Metro Medical,Business,Corporate,Construction,Canterbury,Premium,4,237.38,Sarah Chen,2019-05-21
ACC-00051,Sarah Hernandez,Summit Logistics,Business,Individual,Healthcare,Canterbury,Premium,1,0.0,Unassigned,2021-05-13
ACC-00052,Elizabeth Johnson,Unknown,Residential,Individual,Unknown,Bay of Plenty,Enterprise,35,466.64,Rob Thompson,2018-03-29
ACC-00053,Barbara Jackson,Unknown,Residential,Individual,Unknown,Southland,Enterprise,55,361.92,Mike Patterson,2020-06-01
ACC-00054,David Gonzalez,Alpha Group,Business,Individual,Transport & Logistics,Waikato,Enterprise,4,634.58,Mike Patterson,2018-09-29
ACC-00055,Robert Anderson,Sterling Holdings,Business,Corporate,Agriculture,Wellington,Enterprise,15,221.33,Sarah Chen,2023-07-07
ACC-00056,Barbara Williams,Unknown,Residential,Corporate,Unknown,Hawke's Bay,Enterprise,58,451.2,Rob Thompson,2021-03-30
ACC-00064,David Johnson,Unknown,Residential,Individual,Unknown,Canterbury,Premium,2,126.39,Unassigned,2019-10-03
ACC-00065,Charles Lopez,Highland Plumbing,Business,Corporate,Professional Services,Canterbury,Enterprise,22,638.7,Mike Patterson,2020-11-19
ACC-00067,Barbara Lopez,Highland Transport,Business,Small Business,Healthcare,Wellington,Free,12,0.0,Unassigned,2022-04-26
ACC-00068,David Martin,Island Enterprises,Business,Small Business,Construction,Canterbury,Basic,3,0.0,Unassigned,2019-07-09
ACC-00070,Charles Williams,Kiwi Transport,Business,Corporate,Construction,Canterbury,Free,13,190.08,Unassigned,2020-08-30
ACC-00071,David Moore,Summit Holdings,Business,Corporate,Healthcare,Manawatu-Whanganui,Enterprise,1,240.15,Mike Patterson,2023-08-24
ACC-00072,Joseph Jones,Coastal Consulting,Business,Small Business,Retail,Bay of Plenty,Free,11,0.0,Unassigned,2023-06-10
ACC-00073,Charles Wilson,Coastal Systems,Business,Corporate,Professional Services,Canterbury,Enterprise,42,503.62,Mike Patterson,2019-12-02
ACC-00074,David Garcia,Metro Consulting,Business,Corporate,Education,Wellington,Basic,1,68.12,Unassigned,2018-05-03
ACC-00075,Joseph Hernandez,Pioneer Ltd,Business,Corporate,Education,Otago,Enterprise,46,703.03,Mike Patterson,2021-06-17
ACC-00076,James Martinez,Frontier Consulting,Residential,Individual,Unknown,Waikato,Enterprise,32,142.11,Mike Patterson,2020-04-28
ACC-00077,Barbara Wilson,Unknown,Residential,Small Business,Unknown,Otago,Basic,13,48.67,Unassigned,2020-11-27
ACC-00078,James Miller,Harbour Holdings,Business,Corporate,Education,Auckland,Free,45,0.0,Unassigned,2021-03-17
ACC-00079,Charles Garcia,Pacific Enterprises,Business,Small Business,Professional Services,Wellington,Basic,5,449.05,Sarah Chen,2022-07-10
ACC-00080,Thomas Miller,Unknown,Residential,Individual,Unknown,Wellington,Enterprise,55,330.95,Lisa Hartley,2020-08-12
ACC-00081,Elizabeth Williams,Northern Legal,Business,Corporate,Construction,Canterbury,Free,2,0.0,Unassigned,2022-05-20
ACC-00082,Barbara Davis,Unknown,Residential,Corporate,Unknown,Otago,Basic,13,42.23,Unassigned,2022-02-21
ACC-00083,Linda Hernandez,Unknown,Residential,Individual,Unknown,Auckland,Enterprise,17,339.76,Lisa Hartley,2019-05-12
ACC-00085,Joseph Miller,Unknown,Residential,Corporate,Unknown,Northland,Enterprise,10,318.85,Rob Thompson,2023-07-20
ACC-00086,James Johnson,Kiwi Legal,Business,Corporate,Manufacturing,Auckland,Enterprise,37,268.37,Rob Thompson,2022-09-30
ACC-00087,David Miller,Unknown,Residential,Individual,Unknown,Auckland,Basic,24,41.82,Unassigned,2022-11-30
ACC-00088,Charles Hernandez,Unknown,Residential,Individual,Unknown,Northland,Basic,4,35.47,Unassigned,2018-09-07
ACC-00089,Barbara Johnson,Ridge Partners,Business,Individual,Professional Services,Bay of Plenty,Basic,2,193.75,Unassigned,2018-02-07
ACC-00092,David Brown,Unknown,Residential,Individual,Unknown,Canterbury,Basic,3,0.0,Unassigned,2019-03-12
ACC-00093,James Martin,Unknown,Residential,Corporate,Unknown,Otago,Enterprise,2,355.18,Lisa Hartley,2020-11-06
ACC-00094,Jennifer Rodriguez,Unknown,Residential,Individual,Unknown,Taranaki,Premium,21,134.26,Unassigned,2023-12-26
ACC-00095,Joseph Rodriguez,Harbour Legal,Business,Small Business,Transport & Logistics,Waikato,Enterprise,12,756.05,Lisa Hartley,2019-07-21
ACC-00096,Mary Martin,Apex Group,Business,Corporate,Agriculture,Auckland,Basic,11,462.59,Sarah Chen,2023-05-02
ACC-00097,Jennifer Martinez,Southern Plumbing,Business,Small Business,Trades,Canterbury,Enterprise,7,828.72,Lisa Hartley,2020-12-07
ACC-00098,Michael Gonzalez,Valley Medical,Business,Small Business,Hospitality,Wellington,Free,25,0.0,Unassigned,2019-11-04
ACC-00099,William Martinez,Highland Group,Business,Corporate,Professional Services,Canterbury,Free,20,0.0,Unassigned,2018-06-21
ACC-00101,Patricia Miller,Alpha Transport,Business,Small Business,Professional Services,Auckland,Basic,15,69.36,Unassigned,2023-08-29
ACC-00105,Elizabeth Martinez,Northern Industries,Business,Individual,Trades,Wellington,Premium,52,0.0,Unassigned,2019-03-07
ACC-00108,Barbara Rodriguez,Pacific Dental,Business,Corporate,Construction,Otago,Enterprise,22,0.0,Unassigned,2021-12-14
ACC-00112,Mary Taylor,Frontier Consulting,Business,Corporate,Education,Otago,Enterprise,11,546.41,Mike Patterson,2020-11-22
ACC-00113,Barbara Jackson,Pioneer Partners,Business,Corporate,Healthcare,Waikato,Premium,14,235.91,Mike Patterson,2023-07-25
ACC-00114,Charles Jackson,Island Ltd,Business,Corporate,Construction,Otago,Enterprise,53,0.0,Unassigned,2023-06-22
ACC-00116,David Jones,Gateway Enterprises,Business,Corporate,Hospitality,Wellington,Basic,28,117.13,Unassigned,2018-07-07
ACC-00117,Sarah Lopez,Frontier Engineering,Business,Corporate,Construction,Otago,Enterprise,21,818.9,Mike Patterson,2020-09-07
ACC-00118,Jennifer Wilson,Coastal Engineering,Business,Small Business,Construction,Otago,Free,40,26.65,Unassigned,2019-06-21
ACC-00119,Barbara Lopez,Sterling Dental,Business,Corporate,Retail,Auckland,Enterprise,9,687.53,Lisa Hartley,2021-02-16
ACC-00120,Jennifer Brown,Unknown,Residential,Individual,Unknown,Auckland,Enterprise,24,19.71,Unassigned,2022-01-30
ACC-00121,Richard Anderson,Sterling Consulting,Business,Small Business,Agriculture,Auckland,Free,6,0.0,Unassigned,2023-06-23
ACC-00122,John Davis,Unknown,Residential,Corporate,Unknown,Nelson-Marlborough,Basic,9,132.41,Unassigned,2023-12-06
ACC-00124,Michael Smith,Harbour Holdings,Business,Corporate,Professional Services,Canterbury,Premium,9,229.12,Sarah Chen,2019-09-10
ACC-00125,Susan Lopez,Metro Industries,Business,Small Business,Trades,Canterbury,Premium,26,274.37,Rob Thompson,2019-01-29
ACC-00126,Charles Martinez,Peak Group,Business,Corporate,Construction,Otago,Basic,12,90.39,Unassigned,2019-06-29
ACC-00127,Charles Davis,Pacific Electrical,Business,Small Business,Professional Services,Waikato,Free,22,295.93,Sarah Chen,2020-08-29
ACC-00128,Elizabeth Lopez,Harbour Enterprises,Business,Small Business,Professional Services,Auckland,Premium,5,245.08,Rob Thompson,2018-06-23
ACC-00130,Charles Thomas,Central Consulting,Business,Small Business,Retail,Auckland,Premium,51,169.38,Unassigned,2023-01-04
ACC-00131,Michael Garcia,Harbour Group,Business,Small Business,Retail,Canterbury,Free,41,0.0,Unassigned,2022-03-24
ACC-00133,David Wilson,Unknown,Residential,Corporate,Unknown,Southland,Enterprise,19,0.0,Unassigned,2020-03-19
ACC-00135,Jennifer Lopez,Coastal Group,Business,Corporate,Education,Canterbury,Enterprise,30,0.0,Unassigned,2021-09-29
ACC-00138,Linda Lopez,Unknown,Residential,Corporate,Unknown,Canterbury,Basic,3,44.11,Unassigned,2023-10-11
ACC-00140,David Martin,Pioneer Solutions,Business,Individual,Construction,Otago,Enterprise,8,0.0,Unassigned,2023-11-25
ACC-00141,Charles Davis,Valley Industries,Business,Individual,Professional Services,Canterbury,Premium,17,273.68,Sarah Chen,2023-12-19
ACC-00144,Linda Anderson,Summit Ltd,Business,Corporate,Hospitality,Waikato,Basic,41,93.87,Unassigned,2023-06-26
ACC-00145,James Lopez,Kiwi Services,Business,Corporate,Trades,Wellington,Basic,54,104.61,Sarah Chen,2018-05-25
ACC-00146,Charles Thomas,Unknown,Residential,Individual,Unknown,Auckland,Premium,50,118.17,Unassigned,2022-11-06
ACC-00147,Linda Martinez,Harbour Solutions,Business,Corporate,Healthcare,Wellington,Basic,3,84.34,Unassigned,2020-06-18
ACC-00148,Robert Smith,Southern Ltd,Business,Corporate,Professional Services,Otago,Free,25,0.0,Unassigned,2023-06-27
ACC-00151,Elizabeth Jackson,Unknown,Residential,Corporate,Unknown,Canterbury,Enterprise,10,144.06,Unassigned,2018-07-01
ACC-00152,Joseph Johnson,Metro Electrical,Business,Corporate,Retail,Auckland,Enterprise,36,422.12,Rob Thompson,2023-08-04
ACC-00155,Susan Martinez,Harbour Legal,Business,Corporate,Construction,Wellington,Basic,31,522.86,Rob Thompson,2022-02-10
ACC-00156,Sarah Taylor,Island Group,Business,Corporate,Retail,Canterbury,Premium,5,185.4,Unassigned,2018-09-26
ACC-00157,Jennifer Taylor,Northern Construction,Business,Corporate,Trades,Canterbury,Basic,9,96.78,Unassigned,2020-02-16
ACC-00158,James Martin,Highland Dental,Business,Corporate,Trades,Wellington,Enterprise,5,251.35,Lisa Hartley,2022-10-20
ACC-00159,Sarah Taylor,Island Dental,Business,Corporate,Trades,Wellington,Enterprise,53,439.16,Lisa Hartley,2019-03-25
ACC-00160,Sarah Martinez,Northern Industries,Business,Corporate,Manufacturing,Bay of Plenty,Premium,42,218.88,Rob Thompson,2021-01-22
ACC-00161,Sarah Martin,Unknown,Residential,Individual,Unknown,Canterbury,Basic,6,48.83,Unassigned,2020-11-24
ACC-00162,Michael Jones,Pioneer Medical,Business,Small Business,Retail,Hawke's Bay,Enterprise,9,0.0,Unassigned,2020-06-29
ACC-00163,Barbara Hernandez,Unknown,Residential,Corporate,Unknown,Canterbury,Enterprise,22,440.4,Lisa Hartley,2022-11-02
ACC-00164,Karen Anderson,Ridge Partners,Business,Small Business,Healthcare,Wellington,Enterprise,9,823.56,Rob Thompson,2023-03-15
ACC-00165,Barbara Jones,Summit Consulting,Business,Corporate,Professional Services,Auckland,Premium,23,269.9,Lisa Hartley,2022-07-18
ACC-00166,Sarah Jackson,Highland Solutions,Business,Individual,Education,Hawke's Bay,Enterprise,11,738.12,Rob Thompson,2020-07-10
ACC-00168,Robert Taylor,Valley Systems,Business,Corporate,Construction,Canterbury,Enterprise,27,550.31,Lisa Hartley,2022-01-17
ACC-00170,James Gonzalez,Northern Medical,Business,Corporate,Manufacturing,Canterbury,Free,21,0.0,Unassigned,2023-09-14
ACC-00171,Joseph Hernandez,Island Legal,Business,Small Business,Professional Services,Waikato,Enterprise,1,412.22,Lisa Hartley,2023-11-05
ACC-00173,Elizabeth Garcia,Unknown,Residential,Individual,Unknown,Otago,Free,7,0.0,Unassigned,2023-01-21
ACC-00177,Richard Anderson,Summit Transport,Business,Corporate,Property Management,Canterbury,Basic,18,102.23,Rob Thompson,2021-01-05
ACC-00179,Charles Martin,Ridge Plumbing,Business,Corporate,Healthcare,Wellington,Basic,8,810.75,Sarah Chen,2019-06-11
ACC-00180,Richard Martin,Coastal Electrical,Business,Small Business,Trades,Taranaki,Enterprise,54,470.88,Lisa Hartley,2018-03-26
ACC-00181,David Hernandez,Unknown,Residential,Individual,Unknown,Otago,Free,4,113.85,Unassigned,2023-05-30
ACC-00183,Karen Thomas,Valley Medical,Business,Small Business,Retail,Auckland,Free,60,642.64,Mike Patterson,2018-10-31
ACC-00184,James Martin,Unknown,Residential,Small Business,Unknown,Manawatu-Whanganui,Enterprise,9,317.7,Mike Patterson,2020-02-29
ACC-00185,Linda Jones,Unknown,Residential,Individual,Unknown,Wellington,Enterprise,59,443.9,Sarah Chen,2022-09-08
ACC-00186,Patricia Williams,Alpha Legal,Business,Corporate,Education,Canterbury,Premium,21,237.72,Lisa Hartley,2019-07-04
ACC-00187,Joseph Thomas,Ridge Ltd,Business,Corporate,Construction,Wellington,Premium,37,157.45,Mike Patterson,2018-09-30
ACC-00188,Elizabeth Rodriguez,Pioneer Plumbing,Business,Corporate,Construction,Canterbury,Enterprise,4,184.17,Unassigned,2021-02-13
ACC-00190,Jennifer Miller,Unknown,Residential,Individual,Unknown,Manawatu-Whanganui,Basic,1,58.17,Unassigned,2023-06-07
ACC-00192,James Miller,Metro Dental,Business,Individual,Retail,Waikato,Premium,37,80.47,Unassigned,2019-11-25
ACC-00193,Barbara Williams,Valley Group,Business,Small Business,Technology,Nelson-Marlborough,Basic,4,753.45,Lisa Hartley,2023-09-25
ACC-00194,Barbara Taylor,Central Holdings,Business,Corporate,Construction,Bay of Plenty,Basic,22,61.4,Unassigned,2018-06-21
ACC-00195,David Williams,Unknown,Residential,Individual,Unknown,Wellington,Basic,56,52.36,Unassigned,2023-09-16
ACC-00196,Joseph Martinez,Unknown,Residential,Individual,Unknown,Waikato,Premium,24,114.42,Rob Thompson,2018-03-07
ACC-00197,Charles Davis,Unknown,Residential,Corporate,Unknown,Wellington,Enterprise,12,327.28,Sarah Chen,2021-04-12
ACC-00198,Michael Smith,Metro Services,Business,Corporate,Construction,Manawatu-Whanganui,Premium,16,0.0,Unassigned,2018-05-19
ACC-00199,David Johnson,Unknown,Residential,Corporate,Unknown,Canterbury,Premium,44,42.56,Unassigned,2020-10-09
ACC-00200,Karen Gonzalez,Unknown,Residential,Small Business,Unknown,Auckland,Free,56,0.0,Unassigned,2020-05-10
ACC-00201,Robert Hernandez,Unknown,Residential,Individual,Unknown,Waikato,Free,1,0.0,Unassigned,2020-06-04
ACC-00203,Sarah Jackson,Central Industries,Residential,Individual,Unknown,Canterbury,Free,17,0.0,Unassigned,2019-08-17
ACC-00204,Barbara Moore,Pacific Holdings,Business,Individual,Retail,Canterbury,Enterprise,25,891.43,Sarah Chen,2018-08-24
ACC-00205,Charles Anderson,Apex Transport,Business,Corporate,Construction,Canterbury,Premium,19,190.03,Sarah Chen,2019-06-06
ACC-00208,Barbara Jones,Coastal Electrical,Business,Corporate,Professional Services,Canterbury,Basic,3,53.81,Unassigned,2020-09-13
ACC-00211,Jennifer Martin,Northern Enterprises,Business,Small Business,Healthcare,Canterbury,Free,20,0.0,Unassigned,2020-09-28
ACC-00212,Karen Davis,Northern Electrical,Business,Corporate,Construction,Auckland,Enterprise,2,795.9,Mike Patterson,2020-09-18
ACC-00213,Susan Brown,Frontier Services,Business,Individual,Professional Services,Auckland,Basic,32,271.88,Sarah Chen,2021-02-12
ACC-00214,Susan Garcia,Pioneer Logistics,Business,Corporate,Construction,Canterbury,Enterprise,6,782.47,Mike Patterson,2021-05-11
ACC-00215,Elizabeth Wilson,Ridge Enterprises,Business,Small Business,Professional Services,Canterbury,Basic,16,107.17,Unassigned,2019-03-09
ACC-00217,John Garcia,Metro Holdings,Business,Corporate,Healthcare,Northland,Premium,5,174.41,Unassigned,2019-05-18
ACC-00218,Jennifer Martin,Unknown,Residential,Corporate,Unknown,Wellington,Premium,1,147.62,Unassigned,2021-03-25
ACC-00219,Susan Taylor,Coastal Ltd,Business,Corporate,Manufacturing,Canterbury,Free,38,0.0,Unassigned,2018-08-21
ACC-00220,James Davis,Pioneer Industries,Business,Small Business,Retail,Auckland,Free,17,0.0,Unassigned,2021-10-03
ACC-00221,Sarah Taylor,Unknown,Residential,Individual,Unknown,Canterbury,Basic,41,40.63,Unassigned,2022-08-20
ACC-00222,John Johnson,Unknown,Residential,Individual,Unknown,Canterbury,Free,21,0.0,Unassigned,2023-10-29
ACC-00223,Elizabeth Gonzalez,Unknown,Residential,Individual,Unknown,Wellington,Free,2,0.0,Unassigned,2020-07-08
ACC-00227,Mary Moore,Highland Electrical,Business,Individual,Construction,Wellington,Enterprise,10,154.48,Unassigned,2021-08-15
ACC-00229,Jennifer Gonzalez,Central Enterprises,Business,Corporate,Education,Canterbury,Enterprise,9,199.13,Unassigned,2018-08-16
ACC-00230,Barbara Jones,Unknown,Residential,Individual,Unknown,Otago,Basic,9,48.05,Unassigned,2019-04-08
ACC-00231,Charles Garcia,Unknown,Residential,Corporate,Unknown,Wellington,Free,60,0.0,Unassigned,2020-04-13
ACC-00232,Elizabeth Thomas,Ridge Consulting,Business,Corporate,Property Management,Canterbury,Basic,4,103.82,Unassigned,2021-06-02
ACC-00234,Robert Thomas,Ridge Engineering,Business,Corporate,Construction,Otago,Basic,11,115.1,Unassigned,2023-07-19
ACC-00238,Elizabeth Jackson,Ridge Dental,Residential,Individual,Unknown,Hawke's Bay,Enterprise,9,384.01,Rob Thompson,2022-07-06
ACC-00239,Barbara Gonzalez,Apex Group,Business,Corporate,Construction,Bay of Plenty,Enterprise,9,95.03,Unassigned,2018-11-05
ACC-00240,Patricia Lopez,Summit Industries,Business,Corporate,Hospitality,Auckland,Enterprise,31,560.53,Sarah Chen,2021-12-11
ACC-00241,Charles Miller,Highland Solutions,Business,Individual,Trades,Canterbury,Free,56,0.0,Unassigned,2020-04-18
ACC-00242,Jennifer Jackson,Northern Industries,Business,Corporate,Hospitality,Canterbury,Basic,1,169.94,Unassigned,2020-05-18
ACC-00243,Barbara Martinez,Alpha Electrical,Business,Individual,Property Management,Northland,Enterprise,56,503.18,Mike Patterson,2020-07-19
ACC-00246,Charles Johnson,Coastal Enterprises,Business,Corporate,Healthcare,Auckland,Basic,18,96.01,Unassigned,2019-12-14
ACC-00247,Barbara Martin,Unknown,Residential,Corporate,Unknown,Auckland,Basic,4,382.1,Mike Patterson,2020-06-05
ACC-00248,Susan Gonzalez,Unknown,Residential,Individual,Unknown,Otago,Enterprise,35,130.34,Unassigned,2019-07-30
ACC-00249,Patricia Moore,Metro Group,Business,Corporate,Construction,Bay of Plenty,Free,3,0.0,Unassigned,2018-09-05
ACC-00250,Barbara Taylor,Coastal Logistics,Business,Corporate,Hospitality,Wellington,Free,4,73.09,Unassigned,2018-08-03
ACC-00251,Patricia Hernandez,Unknown,Residential,Individual,Unknown,Canterbury,Free,10,0.0,Unassigned,2022-05-27
ACC-00252,Linda Anderson,Gateway Dental,Business,Small Business,Education,Auckland,Premium,5,238.14,Lisa Hartley,2019-06-02
ACC-00253,Jennifer Johnson,Unknown,Residential,Corporate,Unknown,Auckland,Premium,3,284.03,Sarah Chen,2019-09-26
ACC-00254,Barbara Smith,Alpha Solutions,Business,Corporate,Retail,Otago,Enterprise,7,692.78,Mike Patterson,2023-06-13
ACC-00256,John Taylor,Unknown,Residential,Individual,Unknown,Canterbury,Basic,2,51.18,Unassigned,2018-10-03
ACC-00257,Barbara Garcia,Sterling Transport,Business,Individual,Trades,Auckland,Free,32,0.0,Unassigned,2021-12-18
ACC-00258,Charles Miller,Pioneer Plumbing,Business,Corporate,Hospitality,Auckland,Basic,10,96.03,Unassigned,2020-08-02
ACC-00261,John Jackson,Harbour Electrical,Business,Individual,Trades,Manawatu-Whanganui,Basic,4,104.37,Unassigned,2021-02-28
ACC-00262,Charles Anderson,Peak Systems,Business,Corporate,Retail,Auckland,Free,14,203.33,Sarah Chen,2020-02-29
ACC-00265,John Jones,Alpha Legal,Business,Corporate,Hospitality,Otago,Free,3,581.82,Mike Patterson,2020-05-25
ACC-00266,Charles Thomas,Unknown,Residential,Individual,Unknown,Waikato,Basic,1,44.99,Unassigned,2020-11-17
ACC-00267,William Garcia,Southern Engineering,Business,Small Business,Property Management,Bay of Plenty,Premium,55,268.33,Rob Thompson,2020-02-01
ACC-00268,Sarah Garcia,Metro Construction,Business,Corporate,Trades,Bay of Plenty,Enterprise,31,769.82,Lisa Hartley,2023-03-10
ACC-00269,Thomas Taylor,Frontier Plumbing,Business,Small Business,Construction,Waikato,Enterprise,33,824.96,Sarah Chen,2020-12-11
ACC-00271,Richard Garcia,Highland Partners,Business,Corporate,Trades,Manawatu-Whanganui,Basic,18,55.62,Unassigned,2022-04-10
ACC-00272,Jessica Taylor,Peak Partners,Business,Corporate,Manufacturing,Auckland,Enterprise,14,736.21,Mike Patterson,2023-07-04
ACC-00273,Jennifer Rodriguez,Unknown,Residential,Individual,Unknown,Canterbury,Basic,2,374.2,Rob Thompson,2022-09-21
ACC-00274,James Hernandez,Apex Medical,Business,Individual,Construction,Southland,Premium,4,223.86,Mike Patterson,2018-07-17
ACC-00276,Richard Rodriguez,Sterling Logistics,Residential,Small Business,Unknown,Canterbury,Basic,24,373.7,Mike Patterson,2022-08-25
ACC-00277,James Smith,Unknown,Residential,Individual,Unknown,Manawatu-Whanganui,Basic,53,41.75,Unassigned,2019-12-24
ACC-00278,Joseph Martinez,Ridge Construction,Business,Corporate,Construction,Canterbury,Enterprise,7,746.91,Lisa Hartley,2019-07-20
ACC-00279,Patricia Lopez,Gateway Industries,Business,Small Business,Professional Services,Auckland,Basic,5,79.96,Unassigned,2019-09-16
ACC-00280,Mary Martinez,Gateway Systems,Business,Corporate,Trades,Auckland,Enterprise,10,415.17,Lisa Hartley,2018-10-20
ACC-00281,Jennifer Brown,Northern Dental,Business,Corporate,Construction,Canterbury,Enterprise,12,714.14,Sarah Chen,2022-03-11
ACC-00283,Charles Anderson,Unknown,Residential,Corporate,Unknown,Otago,Enterprise,7,358.89,Sarah Chen,2021-06-27
ACC-00284,Jennifer Jackson,Gateway Industries,Business,Corporate,Trades,Canterbury,Free,8,0.0,Unassigned,2020-08-08
ACC-00286,Karen Martinez,Unknown,Residential,Individual,Unknown,Waikato,Premium,17,148.81,Rob Thompson,2021-02-22
ACC-00287,Linda Miller,Island Logistics,Business,Small Business,Construction,Canterbury,Free,16,0.0,Unassigned,2018-03-27
ACC-00288,Karen Smith,Unknown,Residential,Individual,Unknown,Wellington,Free,21,0.0,Unassigned,2022-03-02
ACC-00289,Michael Jackson,Central Ltd,Business,Small Business,Trades,Bay of Plenty,Free,42,0.0,Unassigned,2023-08-08
ACC-00293,James Lopez,Island Consulting,Business,Small Business,Professional Services,Canterbury,Free,7,66.73,Unassigned,2019-09-02
ACC-00295,Mary Martin,Unknown,Residential,Corporate,Unknown,Otago,Basic,5,0.0,Unassigned,2020-07-30
ACC-00296,Linda Hernandez,Northern Systems,Business,Small Business,Professional Services,Canterbury,Free,9,0.0,Unassigned,2021-03-16
ACC-00297,Linda Jones,Island Ltd,Business,Individual,Retail,Canterbury,Enterprise,6,746.34,Sarah Chen,2023-05-13
ACC-00298,Karen Lopez,Unknown,Residential,Individual,Unknown,Hawke's Bay,Basic,4,45.25,Unassigned,2019-08-05
ACC-00299,David Martin,Alpha Consulting,Business,Small Business,Retail,Wellington,Premium,15,245.95,Mike Patterson,2018-07-25
ACC-00300,Charles Hernandez,Unknown,Residential,Individual,Unknown,Auckland,Enterprise,29,297.17,Mike Patterson,2023-01-30
ACC-00302,Jessica Garcia,Sterling Group,Business,Corporate,Professional Services,Auckland,Enterprise,1,282.49,Sarah Chen,2021-06-08
ACC-00303,Jennifer Lopez,Unknown,Residential,Corporate,Unknown,Otago,Free,41,163.3,Unassigned,2021-04-19
ACC-00304,Michael Gonzalez,Metro Systems,Business,Corporate,Education,Canterbury,Premium,1,294.66,Lisa Hartley,2021-02-08
ACC-00305,Michael Martin,Pioneer Dental,Business,Individual,Construction,Waikato,Basic,55,74.88,Unassigned,2022-04-09
ACC-00306,Barbara Miller,Unknown,Residential,Individual,Unknown,Canterbury,Free,8,51.77,Unassigned,2021-11-08
ACC-00308,David Martin,Gateway Tech,Business,Corporate,Transport & Logistics,Auckland,Free,26,0.0,Unassigned,2023-03-09
ACC-00309,Charles Garcia,Ridge Construction,Business,Corporate,Education,Canterbury,Basic,10,62.13,Unassigned,2018-03-03
ACC-00310,Michael Anderson,Kiwi Ltd,Business,Corporate,Manufacturing,Auckland,Free,7,0.0,Unassigned,2022-04-16
ACC-00311,John Martinez,Unknown,Residential,Individual,Unknown,Wellington,Premium,5,96.92,Unassigned,2019-01-23
ACC-00312,Thomas Rodriguez,Coastal Medical,Business,Small Business,Technology,Otago,Premium,25,314.94,Mike Patterson,2021-05-05
ACC-00314,Charles Anderson,Northern Tech,Business,Individual,Professional Services,Nelson-Marlborough,Basic,17,256.67,Mike Patterson,2018-11-04
ACC-00315,Jessica Anderson,Unknown,Residential,Corporate,Unknown,Nelson-Marlborough,Basic,4,291.03,Lisa Hartley,2023-08-09
ACC-00320,Sarah Martin,Metro Services,Business,Corporate,Hospitality,Wellington,Basic,23,118.74,Unassigned,2019-03-22
ACC-00321,Robert Moore,Unknown,Residential,Individual,Unknown,Wellington,Free,31,0.0,Unassigned,2020-06-24
ACC-00322,Elizabeth Martin,Valley Solutions,Business,Corporate,Construction,Waikato,Basic,15,160.5,Lisa Hartley,2019-01-31
ACC-00324,John Rodriguez,Unknown,Residential,Individual,Unknown,Auckland,Enterprise,43,397.34,Rob Thompson,2021-11-05
ACC-00325,David Lopez,Metro Electrical,Business,Small Business,Professional Services,Canterbury,Basic,3,53.82,Unassigned,2021-08-17
ACC-00326,Richard Brown,Island Services,Residential,Individual,Unknown,Canterbury,Free,46,0.0,Unassigned,2019-07-29
ACC-00327,Charles Johnson,Metro Transport,Business,Corporate,Professional Services,Otago,Premium,2,158.5,Unassigned,2019-07-27
ACC-00328,Robert Hernandez,Apex Construction,Business,Corporate,Transport & Logistics,Waikato,Free,59,0.0,Unassigned,2022-10-03
ACC-00330,Robert Taylor,Unknown,Residential,Individual,Unknown,Auckland,Premium,13,133.19,Unassigned,2021-06-29
ACC-00332,David Jackson,Unknown,Residential,Individual,Unknown,Nelson-Marlborough,Premium,3,133.2,Unassigned,2019-07-04
ACC-00336,Susan Rodriguez,Island Systems,Business,Small Business,Construction,Canterbury,Free,5,0.0,Unassigned,2020-08-23
ACC-00337,Richard Johnson,Southern Logistics,Business,Corporate,Retail,Auckland,Enterprise,51,291.52,Lisa Hartley,2020-09-19
ACC-00338,Jennifer Smith,Coastal Construction,Business,Corporate,Retail,Canterbury,Basic,2,63.75,Unassigned,2018-01-23
ACC-00340,Elizabeth Rodriguez,Unknown,Residential,Small Business,Unknown,Waikato,Enterprise,24,397.24,Rob Thompson,2019-04-27
ACC-00342,Mary Wilson,Northern Solutions,Business,Corporate,Professional Services,Bay of Plenty,Basic,53,87.04,Unassigned,2019-09-23
ACC-00343,Michael Gonzalez,Metro Dental,Residential,Individual,Unknown,Canterbury,Basic,27,48.15,Unassigned,2022-11-22
ACC-00345,James Martinez,Highland Electrical,Business,Corporate,Trades,Auckland,Basic,34,92.68,Unassigned,2019-07-08
ACC-00346,Joseph Taylor,Sterling Services,Business,Corporate,Construction,Auckland,Premium,41,218.4,Mike Patterson,2021-10-27
ACC-00347,Thomas Thomas,Kiwi Legal,Business,Corporate,Agriculture,Canterbury,Enterprise,5,476.46,Rob Thompson,2023-02-13
ACC-00348,Michael Martinez,Unknown,Residential,Individual,Unknown,Hawke's Bay,Free,57,0.0,Unassigned,2023-03-31
ACC-00350,Joseph Garcia,Ridge Medical,Business,Corporate,Trades,Hawke's Bay,Free,5,665.61,Sarah Chen,2019-11-29
ACC-00351,Jessica Gonzalez,Unknown,Residential,Individual,Unknown,Auckland,Enterprise,2,113.01,Unassigned,2018-01-12
ACC-00352,Joseph Hernandez,Unknown,Residential,Individual,Unknown,Northland,Basic,2,0.0,Unassigned,2019-01-01
ACC-00353,James Wilson,Unknown,Residential,Corporate,Unknown,Nelson-Marlborough,Free,35,137.7,Lisa Hartley,2019-06-10
ACC-00354,Patricia Smith,Alpha Transport,Business,Small Business,Construction,Canterbury,Free,53,0.0,Unassigned,2019-07-14
ACC-00356,Barbara Jackson,Ridge Tech,Business,Individual,Healthcare,Canterbury,Enterprise,17,494.45,Lisa Hartley,2021-03-06
ACC-00358,Mary Johnson,Kiwi Transport,Business,Corporate,Professional Services,Canterbury,Premium,56,275.32,Rob Thompson,2019-03-06
ACC-00359,Charles Martin,Valley Logistics,Business,Individual,Trades,Hawke's Bay,Basic,18,21.05,Unassigned,2022-10-26
ACC-00360,Michael Lopez,Metro Plumbing,Business,Small Business,Trades,Waikato,Free,27,0.0,Unassigned,2019-05-13
ACC-00361,Susan Jones,Summit Ltd,Business,Corporate,Manufacturing,Canterbury,Free,55,0.0,Unassigned,2022-02-26
ACC-00362,John Jones,Unknown,Residential,Individual,Unknown,Waikato,Basic,43,33.97,Unassigned,2022-04-16
ACC-00363,Mary Garcia,Frontier Holdings,Residential,Small Business,Unknown,Waikato,Basic,13,43.54,Unassigned,2020-06-13
ACC-00365,Charles Jackson,Frontier Dental,Business,Corporate,Construction,Manawatu-Whanganui,Basic,2,53.8,Unassigned,2018-08-12
ACC-00366,Jennifer Martinez,Pacific Electrical,Business,Corporate,Construction,Auckland,Free,40,0.0,Unassigned,2019-01-19
ACC-00367,Sarah Garcia,Unknown,Residential,Individual,Unknown,Auckland,Enterprise,13,0.0,Unassigned,2022-05-13
ACC-00368,Richard Moore,Unknown,Residential,Small Business,Unknown,Canterbury,Basic,49,346.02,Mike Patterson,2018-01-07
ACC-00372,Mary Wilson,Central Holdings,Business,Corporate,Hospitality,Otago,Enterprise,46,639.13,Lisa Hartley,2018-02-05
ACC-00375,Mary Rodriguez,Gateway Services,Business,Corporate,Healthcare,Wellington,Enterprise,17,562.47,Lisa Hartley,2019-05-31
ACC-00377,Elizabeth Williams,Frontier Construction,Business,Corporate,Retail,Auckland,Premium,21,323.62,Sarah Chen,2019-08-03
ACC-00379,David Davis,Harbour Tech,Business,Corporate,Construction,Wellington,Premium,21,248.79,Lisa Hartley,2019-05-11
ACC-00382,Jessica Johnson,Unknown,Residential,Individual,Unknown,Canterbury,Enterprise,14,337.29,Lisa Hartley,2023-03-08
ACC-00383,Jessica Lopez,Unknown,Residential,Individual,Unknown,Wellington,Enterprise,8,360.3,Rob Thompson,2020-05-09
ACC-00384,Charles Lopez,Ridge Tech,Business,Individual,Construction,Auckland,Enterprise,9,235.31,Mike Patterson,2022-11-17
ACC-00385,Linda Lopez,Alpha Plumbing,Business,Individual,Healthcare,Wellington,Premium,27,204.2,Mike Patterson,2020-12-27
ACC-00386,Richard Smith,Highland Legal,Business,Small Business,Construction,Otago,Premium,52,260.4,Lisa Hartley,2021-11-30
ACC-00387,Richard Hernandez,Unknown,Residential,Individual,Unknown,Auckland,Enterprise,25,343.25,Lisa Hartley,2019-02-16
ACC-00388,David Wilson,Gateway Dental,Business,Corporate,Healthcare,Bay of Plenty,Enterprise,23,847.42,Sarah Chen,2023-05-27
ACC-00390,Mary Taylor,Unknown,Residential,Corporate,Unknown,Canterbury,Free,11,402.35,Mike Patterson,2022-07-26
ACC-00391,Charles Taylor,Unknown,Residential,Corporate,Unknown,Auckland,Premium,11,439.72,Sarah Chen,2022-04-15
ACC-00392,Robert Smith,Pacific Electrical,Business,Corporate,Retail,Otago,Basic,42,75.38,Unassigned,2018-07-04
ACC-00393,Barbara Rodriguez,Summit Plumbing,Business,Small Business,Healthcare,Otago,Enterprise,23,400.46,Sarah Chen,2018-01-30
ACC-00394,Linda Moore,Highland Partners,Business,Individual,Trades,Waikato,Basic,19,88.01,Unassigned,2022-10-10
ACC-00395,Karen Jackson,Gateway Industries,Business,Small Business,Hospitality,Canterbury,Free,19,0.0,Unassigned,2022-10-04
ACC-00396,Charles Wilson,Summit Industries,Business,Corporate,Retail,Manawatu-Whanganui,Premium,1,692.35,Rob Thompson,2019-06-26
ACC-00397,Mary Thomas,Unknown,Residential,Individual,Unknown,Nelson-Marlborough,Enterprise,16,328.18,Sarah Chen,2022-09-16
ACC-00398,Richard Wilson,Alpha Logistics,Business,Corporate,Construction,Canterbury,Basic,30,84.6,Unassigned,2021-04-15
ACC-00399,James Taylor,Unknown,Residential,Corporate,Unknown,Canterbury,Free,11,0.0,Unassigned,2022-08-30
ACC-00402,Barbara Jones,Unknown,Residential,Individual,Unknown,Taranaki,Basic,4,304.38,Sarah Chen,2020-10-18
ACC-00404,Michael Anderson,Southern Consulting,Business,Corporate,Professional Services,Waikato,Basic,17,151.04,Unassigned,2020-10-02
ACC-00406,Charles Johnson,Unknown,Residential,Individual,Unknown,Canterbury,Enterprise,2,270.91,Mike Patterson,2022-04-30
ACC-00409,Elizabeth Johnson,Unknown,Residential,Corporate,Unknown,Auckland,Premium,10,116.63,Unassigned,2023-07-28
ACC-00411,David Jackson,Southern Consulting,Business,Corporate,Retail,Canterbury,Free,1,0.0,Unassigned,2022-12-17
ACC-00412,Barbara Brown,Ridge Electrical,Business,Corporate,Professional Services,Hawke's Bay,Basic,2,84.77,Unassigned,2023-03-19
ACC-00413,David Wilson,Peak Industries,Business,Corporate,Retail,Auckland,Free,3,0.0,Unassigned,2018-02-04
ACC-00414,Karen Martin,Unknown,Residential,Corporate,Unknown,Canterbury,Basic,16,26.08,Unassigned,2021-11-28
ACC-00417,Thomas Moore,Unknown,Residential,Individual,Unknown,Canterbury,Basic,26,45.99,Unassigned,2023-10-07
ACC-00418,Charles Davis,Summit Tech,Business,Individual,Retail,Auckland,Enterprise,2,0.0,Unassigned,2020-07-21
ACC-00420,Barbara Brown,Unknown,Residential,Corporate,Unknown,Auckland,Enterprise,19,115.13,Lisa Hartley,2021-03-03
ACC-00421,James Martinez,Pioneer Group,Business,Small Business,Construction,Northland,Enterprise,12,441.29,Rob Thompson,2018-01-14
ACC-00422,Karen Wilson,Unknown,Residential,Individual,Unknown,Canterbury,Premium,21,136.68,Unassigned,2018-04-28
ACC-00428,Jessica Brown,Sterling Construction,Business,Small Business,Education,Auckland,Premium,19,0.0,Unassigned,2018-12-18
ACC-00429,Barbara Moore,Harbour Group,Business,Small Business,Hospitality,Wellington,Free,37,0.0,Unassigned,2019-02-24
ACC-00430,William Rodriguez,Central Engineering,Business,Corporate,Construction,Wellington,Free,31,0.0,Unassigned,2020-10-12
ACC-00431,Michael Jones,Unknown,Residential,Individual,Unknown,Wellington,Free,32,0.0,Unassigned,2022-10-09
ACC-00432,James Taylor,Island Group,Business,Corporate,Construction,Auckland,Basic,23,99.94,Unassigned,2021-08-14
ACC-00435,Patricia Thomas,Pacific Electrical,Business,Corporate,Construction,Auckland,Free,51,0.0,Unassigned,2018-10-25
ACC-00436,Susan Anderson,Kiwi Holdings,Business,Small Business,Professional Services,Canterbury,Basic,38,98.72,Unassigned,2023-07-31
ACC-00437,Elizabeth Martin,Gateway Electrical,Business,Small Business,Professional Services,Wellington,Premium,57,179.63,Unassigned,2019-03-15
ACC-00438,David Martinez,Northern Medical,Business,Corporate,Construction,Auckland,Basic,16,66.12,Unassigned,2018-07-20
ACC-00439,Barbara Garcia,Summit Industries,Business,Corporate,Education,Hawke's Bay,Basic,3,77.81,Unassigned,2020-12-16
ACC-00442,Michael Wilson,Unknown,Residential,Corporate,Unknown,Canterbury,Enterprise,41,133.52,Unassigned,2021-01-18
ACC-00443,Barbara Brown,Unknown,Residential,Individual,Unknown,Auckland,Basic,11,34.04,Unassigned,2018-06-07
ACC-00445,Richard Anderson,Unknown,Residential,Corporate,Unknown,Waikato,Basic,26,46.95,Unassigned,2023-04-19
ACC-00446,Barbara Lopez,Unknown,Residential,Individual,Unknown,Manawatu-Whanganui,Enterprise,25,46.06,Unassigned,2022-02-05
ACC-00447,James Smith,Highland Solutions,Business,Corporate,Hospitality,Canterbury,Premium,50,73.73,Unassigned,2022-06-02
ACC-00448,Mary Hernandez,Pioneer Solutions,Business,Small Business,Healthcare,Otago,Enterprise,23,241.01,Sarah Chen,2018-04-07
ACC-00451,Barbara Lopez,Harbour Enterprises,Business,Individual,Agriculture,Waikato,Basic,21,279.8,Mike Patterson,2021-08-02
ACC-00452,Elizabeth Williams,Unknown,Residential,Corporate,Unknown,Auckland,Basic,3,43.87,Unassigned,2020-06-15
ACC-00454,David Wilson,Gateway Tech,Residential,Individual,Unknown,Waikato,Premium,1,147.95,Unassigned,2022-11-01
ACC-00458,William Wilson,Metro Systems,Business,Small Business,Retail,Wellington,Premium,6,190.87,Unassigned,2022-09-01
ACC-00459,John Gonzalez,Island Engineering,Business,Corporate,Education,Otago,Premium,15,189.04,Unassigned,2020-03-08
ACC-00462,Susan Anderson,Apex Group,Business,Small Business,Healthcare,Waikato,Enterprise,19,457.56,Lisa Hartley,2018-06-09
ACC-00463,Michael Martinez,Highland Tech,Business,Small Business,Professional Services,Waikato,Basic,4,111.32,Mike Patterson,2019-10-13
ACC-00464,James Gonzalez,Summit Holdings,Business,Corporate,Trades,Waikato,Enterprise,27,703.15,Mike Patterson,2018-12-17
ACC-00465,Jessica Anderson,Unknown,Residential,Individual,Unknown,Waikato,Free,9,53.03,Unassigned,2021-03-22
ACC-00467,Karen Miller,Unknown,Residential,Corporate,Unknown,Canterbury,Premium,20,124.16,Unassigned,2023-02-25
ACC-00468,Barbara Gonzalez,Gateway Services,Business,Corporate,Manufacturing,Waikato,Basic,12,234.93,Rob Thompson,2023-10-15
ACC-00470,Elizabeth Rodriguez,Unknown,Residential,Individual,Unknown,Otago,Basic,5,25.58,Unassigned,2018-01-09
ACC-00471,Mary Rodriguez,Unknown,Residential,Individual,Unknown,Canterbury,Enterprise,20,328.35,Lisa Hartley,2022-09-18
ACC-00472,Charles Johnson,Unknown,Residential,Corporate,Unknown,Canterbury,Basic,29,409.97,Sarah Chen,2023-05-30
ACC-00473,Barbara Gonzalez,Unknown,Residential,Individual,Unknown,Canterbury,Enterprise,29,0.0,Unassigned,2018-12-22
ACC-00474,Charles Martin,Peak Services,Business,Corporate,Healthcare,Waikato,Free,47,0.0,Unassigned,2022-06-09
ACC-00476,Barbara Johnson,Unknown,Residential,Small Business,Unknown,Auckland,Premium,20,41.82,Unassigned,2023-06-11
ACC-00479,Barbara Miller,Unknown,Residential,Corporate,Unknown,Nelson-Marlborough,Free,24,303.67,Lisa Hartley,2021-10-23
ACC-00480,Robert Garcia,Unknown,Residential,Corporate,Unknown,Auckland,Enterprise,20,369.33,Lisa Hartley,2021-07-25
ACC-00481,Barbara Jones,Unknown,Residential,Individual,Unknown,Nelson-Marlborough,Enterprise,3,337.65,Mike Patterson,2022-10-13
ACC-00482,Barbara Lopez,Valley Solutions,Business,Small Business,Healthcare,Otago,Basic,4,0.0,Unassigned,2022-10-05
ACC-00483,Sarah Rodriguez,Summit Plumbing,Business,Corporate,Manufacturing,Hawke's Bay,Premium,18,157.59,Unassigned,2023-02-06
ACC-00484,Elizabeth Rodriguez,Coastal Industries,Business,Individual,Education,Canterbury,Basic,50,852.06,Mike Patterson,2019-09-05
ACC-00486,Joseph Martinez,Unknown,Residential,Corporate,Unknown,Canterbury,Premium,51,149.44,Unassigned,2020-04-23
ACC-00489,Barbara Moore,Sterling Engineering,Business,Corporate,Trades,Manawatu-Whanganui,Enterprise,40,256.54,Rob Thompson,2020-05-26
ACC-00490,Richard Thomas,Ridge Logistics,Business,Corporate,Transport & Logistics,Bay of Plenty,Basic,34,49.43,Unassigned,2019-10-08
ACC-00492,Jennifer Gonzalez,Ridge Systems,Business,Small Business,Construction,Wellington,Free,1,0.0,Unassigned,2021-03-31
ACC-00497,David Miller,Sterling Tech,Business,Individual,Retail,Otago,Free,13,0.0,Unassigned,2020-11-13
ACC-00498,Robert Brown,Gateway Construction,Business,Small Business,Education,Wellington,Basic,28,80.94,Unassigned,2018-11-14
ACC-00499,James Jones,Pioneer Systems,Business,Individual,Manufacturing,Auckland,Premium,26,207.65,Lisa Hartley,2018-06-24
ACC-00500,David Thomas,Unknown,Residential,Small Business,Unknown,Canterbury,Basic,43,342.86,Rob Thompson,2020-01-05
ACC-00501,Jennifer Williams,Unknown,Residential,Individual,Unknown,Auckland,Basic,12,49.89,Unassigned,2023-01-26
ACC-00502,Charles Martinez,Alpha Dental,Business,Small Business,Retail,Canterbury,Premium,28,288.16,Rob Thompson,2021-09-21
ACC-00503,Michael Smith,Unknown,Residential,Individual,Unknown,Otago,Basic,51,33.78,Unassigned,2021-11-07
ACC-00504,Charles Taylor,Unknown,Residential,Individual,Unknown,Canterbury,Basic,10,56.98,Unassigned,2018-10-21
ACC-00505,Mary Williams,Unknown,Residential,Corporate,Unknown,Wellington,Basic,16,335.18,Mike Patterson,2022-08-21
ACC-00507,Jennifer Martinez,Island Systems,Residential,Individual,Unknown,Auckland,Enterprise,7,347.83,Mike Patterson,2020-07-08
ACC-00508,David Lopez,Pioneer Solutions,Business,Individual,Healthcare,Hawke's Bay,Free,6,60.67,Unassigned,2018-07-19
ACC-00509,David Miller,Coastal Logistics,Business,Corporate,Healthcare,Canterbury,Free,10,757.62,Mike Patterson,2020-02-21
ACC-00510,Richard Brown,Island Transport,Business,Small Business,Agriculture,Taranaki,Basic,45,695.6,Lisa Hartley,2019-11-23
ACC-00513,Charles Johnson,Northern Engineering,Business,Small Business,Technology,Auckland,Basic,2,320.39,Mike Patterson,2019-09-04
ACC-00514,David Jones,Unknown,Residential,Corporate,Unknown,Canterbury,Basic,4,35.83,Unassigned,2021-05-12
ACC-00515,John Miller,Unknown,Residential,Individual,Unknown,Canterbury,Enterprise,6,0.0,Unassigned,2018-09-08
ACC-00517,Jessica Garcia,Peak Services,Business,Corporate,Manufacturing,Southland,Enterprise,33,233.1,Rob Thompson,2022-03-28
ACC-00518,Jessica Thomas,Valley Tech,Business,Small Business,Trades,Waikato,Free,39,0.0,Unassigned,2019-06-03
ACC-00519,Barbara Taylor,Coastal Dental,Business,Corporate,Healthcare,Auckland,Basic,2,506.18,Mike Patterson,2019-08-08
ACC-00521,John Jones,Unknown,Residential,Corporate,Unknown,Canterbury,Basic,23,270.34,Mike Patterson,2019-01-10
ACC-00523,Karen Garcia,Valley Holdings,Business,Corporate,Construction,Canterbury,Premium,2,0.0,Unassigned,2021-11-27
ACC-00524,Patricia Williams,Highland Engineering,Business,Corporate,Professional Services,Canterbury,Enterprise,1,472.15,Mike Patterson,2021-07-27
ACC-00525,Charles Davis,Island Consulting,Business,Individual,Healthcare,Canterbury,Basic,11,109.9,Unassigned,2018-06-29
ACC-00526,Susan Martin,Alpha Ltd,Business,Corporate,Construction,Auckland,Basic,3,871.61,Rob Thompson,2021-12-29
ACC-00527,Sarah Hernandez,Southern Systems,Business,Corporate,Education,Canterbury,Basic,42,75.24,Unassigned,2022-04-16
ACC-00528,Michael Moore,Ridge Construction,Business,Corporate,Property Management,Otago,Enterprise,22,253.17,Lisa Hartley,2020-09-24
ACC-00530,Barbara Jackson,Alpha Logistics,Business,Small Business,Education,Nelson-Marlborough,Free,44,0.0,Unassigned,2023-03-30
ACC-00531,Elizabeth Moore,Alpha Group,Business,Corporate,Trades,Canterbury,Free,22,243.2,Mike Patterson,2023-06-04
ACC-00532,Linda Williams,Southern Services,Business,Individual,Trades,Auckland,Basic,52,172.25,Unassigned,2019-01-03
ACC-00533,Charles Brown,Northern Logistics,Business,Individual,Professional Services,Wellington,Basic,11,0.0,Unassigned,2020-07-06
ACC-00535,Barbara Martin,Unknown,Residential,Small Business,Unknown,Wellington,Enterprise,33,0.0,Unassigned,2022-11-13
ACC-00536,Jessica Johnson,Unknown,Residential,Individual,Unknown,Canterbury,Enterprise,2,93.34,Unassigned,2018-09-13
ACC-00537,Charles Lopez,Ridge Electrical,Business,Corporate,Education,Auckland,Free,15,0.0,Unassigned,2021-08-01
ACC-00538,Jessica Thomas,Unknown,Residential,Small Business,Unknown,Manawatu-Whanganui,Enterprise,58,279.42,Rob Thompson,2018-08-18
ACC-00541,Barbara Gonzalez,Frontier Services,Business,Individual,Construction,Manawatu-Whanganui,Free,9,62.32,Unassigned,2020-04-04
ACC-00542,James Anderson,Alpha Logistics,Business,Small Business,Retail,Canterbury,Enterprise,2,701.62,Sarah Chen,2019-03-07
ACC-00543,Linda Smith,Unknown,Residential,Small Business,Unknown,Northland,Free,52,0.0,Unassigned,2023-12-10
ACC-00545,Barbara Anderson,Coastal Consulting,Business,Individual,Healthcare,Taranaki,Free,13,0.0,Unassigned,2020-06-21
ACC-00548,Sarah Gonzalez,Highland Tech,Business,Corporate,Healthcare,Northland,Basic,54,94.92,Unassigned,2020-09-02
ACC-00549,Karen Moore,Harbour Enterprises,Business,Corporate,Professional Services,Bay of Plenty,Premium,46,184.82,Unassigned,2023-02-11
ACC-00550,John Jones,Unknown,Residential,Corporate,Unknown,Waikato,Free,16,0.0,Unassigned,2019-04-21
ACC-00552,Barbara Williams,Peak Legal,Business,Corporate,Trades,Hawke's Bay,Basic,51,71.04,Unassigned,2023-10-25
ACC-00553,John Jones,Unknown,Residential,Corporate,Unknown,Waikato,Basic,32,35.44,Unassigned,2022-10-19
ACC-00554,Thomas Martin,Ridge Tech,Business,Corporate,Trades,Wellington,Free,39,0.0,Unassigned,2020-06-25
ACC-00555,Barbara Martin,Harbour Partners,Business,Small Business,Construction,Auckland,Basic,32,56.08,Unassigned,2020-04-24
ACC-00556,Elizabeth Miller,Alpha Industries,Business,Corporate,Hospitality,Hawke's Bay,Premium,48,202.8,Rob Thompson,2019-05-29
ACC-00558,Jennifer Garcia,Metro Dental,Business,Small Business,Education,Canterbury,Free,1,0.0,Unassigned,2019-04-15
ACC-00559,Elizabeth Davis,Gateway Industries,Business,Corporate,Hospitality,Canterbury,Enterprise,2,0.0,Unassigned,2019-08-10
ACC-00560,Joseph Rodriguez,Valley Services,Business,Corporate,Trades,Wellington,Enterprise,3,0.0,Unassigned,2021-07-20
ACC-00561,David Lopez,Pioneer Medical,Business,Corporate,Retail,Nelson-Marlborough,Enterprise,4,0.0,Unassigned,2019-10-16
ACC-00565,Jennifer Brown,Unknown,Residential,Small Business,Unknown,Auckland,Enterprise,2,316.69,Mike Patterson,2023-09-10
ACC-00566,Joseph Jones,Unknown,Residential,Corporate,Unknown,Auckland,Basic,39,34.28,Unassigned,2020-07-31
ACC-00567,Elizabeth Johnson,Unknown,Residential,Corporate,Unknown,Taranaki,Premium,8,150.12,Unassigned,2018-11-09
ACC-00569,John Gonzalez,Ridge Holdings,Business,Individual,Education,Wellington,Enterprise,10,85.87,Unassigned,2023-03-10
ACC-00570,Patricia Jackson,Highland Logistics,Business,Corporate,Healthcare,Wellington,Enterprise,35,215.25,Mike Patterson,2022-02-21
ACC-00571,David Anderson,Coastal Solutions,Business,Corporate,Construction,Wellington,Enterprise,3,0.0,Unassigned,2020-12-09
ACC-00572,Barbara Smith,Unknown,Residential,Corporate,Unknown,Auckland,Basic,5,49.71,Unassigned,2019-03-23
ACC-00573,Linda Miller,Unknown,Residential,Small Business,Unknown,Otago,Premium,27,136.53,Rob Thompson,2022-11-29
ACC-00575,Charles Garcia,Gateway Consulting,Business,Individual,Healthcare,Waikato,Basic,53,94.25,Unassigned,2019-02-04
ACC-00576,Barbara Gonzalez,Apex Medical,Business,Small Business,Retail,Waikato,Premium,27,172.87,Unassigned,2018-05-30
ACC-00578,James Gonzalez,Unknown,Residential,Individual,Unknown,Canterbury,Enterprise,39,338.77,Mike Patterson,2019-05-19
ACC-00579,Michael Smith,Harbour Ltd,Business,Corporate,Healthcare,Canterbury,Premium,51,257.26,Mike Patterson,2023-10-14
ACC-00580,Robert Brown,Valley Partners,Business,Small Business,Healthcare,Bay of Plenty,Premium,22,232.58,Sarah Chen,2019-02-11
ACC-00582,Jessica Smith,Valley Industries,Business,Small Business,Construction,Otago,Enterprise,51,430.02,Rob Thompson,2023-05-11
ACC-00583,Thomas Wilson,Sterling Medical,Business,Corporate,Property Management,Nelson-Marlborough,Basic,10,169.87,Unassigned,2022-05-23
ACC-00585,Robert Lopez,Ridge Tech,Business,Small Business,Construction,Auckland,Premium,17,298.3,Rob Thompson,2018-01-29
ACC-00587,Jessica Lopez,Pacific Ltd,Business,Small Business,Trades,Canterbury,Basic,11,64.46,Unassigned,2022-08-01
ACC-00588,Mary Brown,Frontier Enterprises,Business,Corporate,Retail,Otago,Enterprise,26,485.15,Mike Patterson,2021-06-14
ACC-00591,Mary Wilson,Highland Services,Business,Small Business,Retail,Canterbury,Basic,54,63.48,Unassigned,2021-11-22
ACC-00595,Barbara Jackson,Island Medical,Business,Corporate,Retail,Southland,Basic,6,106.2,Unassigned,2019-09-17
ACC-00596,James Anderson,Highland Logistics,Business,Corporate,Professional Services,Waikato,Basic,16,422.94,Sarah Chen,2021-02-13
ACC-00597,Joseph Miller,Frontier Consulting,Business,Corporate,Professional Services,Auckland,Enterprise,29,645.03,Mike Patterson,2023-09-05
ACC-00598,David Wilson,Unknown,Residential,Small Business,Unknown,Waikato,Enterprise,13,316.94,Sarah Chen,2019-06-23
ACC-00600,James Davis,Gateway Legal,Business,Corporate,Construction,Otago,Basic,17,108.6,Unassigned,2020-01-14
ACC-00601,Jessica Moore,Unknown,Residential,Small Business,Unknown,Wellington,Basic,4,49.21,Unassigned,2020-11-20
ACC-00603,Linda Brown,Sterling Systems,Business,Small Business,Trades,Otago,Enterprise,46,476.26,Sarah Chen,2021-08-22
ACC-00604,John Lopez,Unknown,Residential,Small Business,Unknown,Auckland,Premium,59,113.76,Unassigned,2021-07-28
ACC-00605,Barbara Rodriguez,Apex Engineering,Business,Corporate,Trades,Auckland,Basic,51,50.59,Unassigned,2022-02-12
ACC-00606,Karen Taylor,Unknown,Residential,Corporate,Unknown,Wellington,Premium,2,110.44,Mike Patterson,2020-03-10
ACC-00607,Michael Smith,Alpha Services,Business,Corporate,Retail,Canterbury,Premium,9,83.32,Unassigned,2022-03-31
ACC-00608,Jennifer Jackson,Ridge Construction,Business,Corporate,Transport & Logistics,Otago,Basic,53,58.0,Unassigned,2022-05-26
ACC-00610,Thomas Wilson,Unknown,Residential,Corporate,Unknown,Auckland,Basic,14,309.09,Sarah Chen,2023-08-17
ACC-00611,Thomas Hernandez,Sterling Logistics,Business,Small Business,Retail,Canterbury,Basic,40,92.69,Unassigned,2019-07-23
ACC-00612,James Rodriguez,Unknown,Residential,Corporate,Unknown,Auckland,Basic,1,39.83,Unassigned,2023-01-29
ACC-00613,Susan Thomas,Unknown,Residential,Individual,Unknown,Canterbury,Free,18,0.0,Unassigned,2022-02-11
ACC-00614,William Anderson,Unknown,Residential,Individual,Unknown,Wellington,Basic,1,50.17,Unassigned,2023-11-21
ACC-00615,James Smith,Unknown,Residential,Individual,Unknown,Waikato,Basic,19,131.64,Unassigned,2020-06-26
ACC-00616,James Hernandez,Unknown,Residential,Corporate,Unknown,Otago,Basic,2,0.0,Unassigned,2020-11-23
ACC-00618,Richard Martinez,Apex Electrical,Business,Small Business,Construction,Canterbury,Basic,1,0.0,Unassigned,2021-08-06
ACC-00619,Jennifer Martin,Apex Systems,Business,Small Business,Transport & Logistics,Hawke's Bay,Premium,41,263.86,Rob Thompson,2020-05-16
ACC-00620,William Hernandez,Unknown,Residential,Individual,Unknown,Auckland,Enterprise,22,316.37,Mike Patterson,2018-05-20
ACC-00621,Elizabeth Hernandez,Ridge Tech,Business,Corporate,Retail,Canterbury,Basic,11,87.3,Unassigned,2022-08-19
ACC-00625,Patricia Taylor,Apex Holdings,Business,Corporate,Manufacturing,Bay of Plenty,Enterprise,8,790.18,Sarah Chen,2022-04-05
ACC-00626,Barbara Martinez,Unknown,Residential,Individual,Unknown,Bay of Plenty,Enterprise,27,333.77,Sarah Chen,2018-04-29
ACC-00627,Patricia Rodriguez,Unknown,Residential,Corporate,Unknown,Manawatu-Whanganui,Basic,8,36.36,Unassigned,2020-03-22
ACC-00628,Susan Smith,Kiwi Engineering,Business,Individual,Professional Services,Bay of Plenty,Premium,14,0.0,Unassigned,2018-12-26
ACC-00630,Linda Lopez,Northern Enterprises,Business,Corporate,Trades,Canterbury,Enterprise,17,815.42,Rob Thompson,2020-05-11
ACC-00631,John Miller,Peak Medical,Business,Individual,Professional Services,Waikato,Basic,25,60.16,Unassigned,2022-02-13
ACC-00632,David Davis,Peak Services,Business,Small Business,Technology,Hawke's Bay,Enterprise,12,0.0,Unassigned,2020-03-27
ACC-00633,David Brown,Metro Construction,Business,Individual,Construction,Auckland,Enterprise,32,191.07,Mike Patterson,2023-12-06
ACC-00636,Mary Wilson,Pioneer Engineering,Business,Small Business,Retail,Otago,Basic,9,816.28,Sarah Chen,2022-05-07
ACC-00637,Richard Martin,Ridge Holdings,Business,Corporate,Retail,Canterbury,Premium,5,142.01,Unassigned,2021-04-20
ACC-00638,Michael Hernandez,Apex Medical,Business,Corporate,Hospitality,Otago,Basic,4,0.0,Unassigned,2021-09-12
ACC-00642,Barbara Jackson,Unknown,Residential,Small Business,Unknown,Canterbury,Enterprise,47,312.71,Sarah Chen,2022-05-04
ACC-00644,Robert Brown,Gateway Construction,Business,Corporate,Construction,Canterbury,Premium,53,304.69,Mike Patterson,2019-11-26
ACC-00646,Jessica Hernandez,Valley Enterprises,Business,Individual,Healthcare,Auckland,Premium,17,832.18,Mike Patterson,2021-12-08
ACC-00647,Richard Jones,Sterling Group,Business,Corporate,Retail,Wellington,Free,20,0.0,Unassigned,2019-11-27
ACC-00648,Sarah Johnson,Central Logistics,Business,Corporate,Professional Services,Otago,Enterprise,7,0.0,Unassigned,2022-12-03
ACC-00649,William Gonzalez,Unknown,Residential,Individual,Unknown,Canterbury,Free,10,0.0,Unassigned,2021-05-20
ACC-00650,Joseph Rodriguez,Sterling Services,Business,Small Business,Professional Services,Auckland,Premium,30,188.34,Unassigned,2023-01-27
ACC-00651,Jennifer Wilson,Coastal Ltd,Business,Small Business,Hospitality,Wellington,Enterprise,26,537.84,Lisa Hartley,2022-11-20
ACC-00652,Barbara Lopez,Summit Tech,Business,Individual,Retail,Waikato,Free,1,0.0,Unassigned,2019-08-13
ACC-00653,Jennifer Wilson,Unknown,Residential,Individual,Unknown,Auckland,Basic,13,39.36,Unassigned,2020-11-22
ACC-00655,Jennifer Rodriguez,Central Industries,Business,Corporate,Healthcare,Auckland,Free,26,0.0,Unassigned,2023-02-05
ACC-00656,William Johnson,Frontier Dental,Business,Corporate,Healthcare,Canterbury,Basic,60,96.83,Unassigned,2021-10-14
ACC-00659,Barbara Taylor,Northern Group,Business,Corporate,Healthcare,Wellington,Free,10,0.0,Unassigned,2020-02-06
ACC-00661,Linda Anderson,Southern Transport,Business,Corporate,Construction,Otago,Basic,1,60.68,Unassigned,2022-07-25
ACC-00662,Karen Miller,Unknown,Residential,Individual,Unknown,Bay of Plenty,Premium,50,110.48,Unassigned,2018-02-02
ACC-00668,Barbara Rodriguez,Unknown,Residential,Individual,Unknown,Canterbury,Basic,1,55.84,Unassigned,2021-06-26
ACC-00670,Richard Moore,Metro Enterprises,Business,Corporate,Property Management,Northland,Premium,28,246.04,Rob Thompson,2020-07-11
ACC-00672,Elizabeth Hernandez,Sterling Electrical,Business,Small Business,Technology,Waikato,Basic,31,900.94,Sarah Chen,2022-07-13
ACC-00674,William Jackson,Northern Systems,Business,Small Business,Construction,Canterbury,Premium,44,211.68,Sarah Chen,2022-04-07
ACC-00675,Thomas Brown,Unknown,Residential,Individual,Unknown,Nelson-Marlborough,Premium,5,122.92,Unassigned,2018-02-27
ACC-00676,Jennifer Wilson,Peak Industries,Business,Corporate,Retail,Canterbury,Enterprise,4,977.38,Rob Thompson,2020-07-23
ACC-00677,David Gonzalez,Sterling Ltd,Business,Corporate,Professional Services,Canterbury,Premium,1,238.65,Sarah Chen,2023-12-29
ACC-00678,Jessica Jackson,Unknown,Residential,Individual,Unknown,Canterbury,Free,2,130.42,Unassigned,2021-02-02
ACC-00679,Elizabeth Hernandez,Island Systems,Business,Individual,Construction,Wellington,Enterprise,3,928.18,Mike Patterson,2023-09-10
ACC-00680,Barbara Lopez,Summit Construction,Business,Corporate,Professional Services,Otago,Basic,4,428.13,Lisa Hartley,2022-09-14
ACC-00681,Barbara Jackson,Frontier Services,Business,Individual,Retail,Taranaki,Enterprise,21,682.41,Mike Patterson,2020-09-18
ACC-00682,John Garcia,Central Partners,Business,Corporate,Healthcare,Nelson-Marlborough,Premium,39,151.01,Unassigned,2022-05-20
ACC-00683,Sarah Martin,Unknown,Residential,Individual,Unknown,Canterbury,Premium,35,145.0,Unassigned,2022-11-19
ACC-00684,David Miller,Island Consulting,Business,Corporate,Trades,Manawatu-Whanganui,Premium,29,275.06,Sarah Chen,2023-08-12
ACC-00685,Barbara Davis,Unknown,Residential,Corporate,Unknown,Hawke's Bay,Enterprise,1,0.0,Unassigned,2022-07-29
ACC-00689,Jessica Martin,Harbour Electrical,Business,Corporate,Education,Wellington,Premium,15,266.37,Rob Thompson,2018-03-14
ACC-00690,Sarah Taylor,Frontier Partners,Business,Corporate,Retail,Waikato,Basic,42,99.36,Unassigned,2023-05-17
ACC-00694,Barbara Jackson,Valley Consulting,Business,Corporate,Professional Services,Taranaki,Basic,23,66.58,Unassigned,2023-09-03
ACC-00697,James Martinez,Unknown,Residential,Individual,Unknown,Canterbury,Premium,43,140.39,Rob Thompson,2018-01-27
ACC-00698,Charles Brown,Metro Enterprises,Business,Small Business,Manufacturing,Canterbury,Premium,10,251.16,Rob Thompson,2021-11-23
ACC-00699,Susan Brown,Ridge Medical,Business,Small Business,Agriculture,Auckland,Basic,18,80.72,Unassigned,2023-08-04
ACC-00701,David Anderson,Island Dental,Business,Corporate,Education,Canterbury,Premium,53,212.79,Lisa Hartley,2018-11-18
ACC-00703,Patricia Moore,Unknown,Residential,Individual,Unknown,Wellington,Free,8,0.0,Unassigned,2019-07-26
ACC-00706,Barbara Lopez,Sterling Plumbing,Business,Individual,Professional Services,Otago,Free,19,0.0,Unassigned,2019-10-03
ACC-00707,Richard Rodriguez,Southern Consulting,Business,Small Business,Healthcare,Otago,Enterprise,36,523.09,Rob Thompson,2022-10-02
ACC-00708,Charles Jackson,Metro Tech,Business,Corporate,Healthcare,Canterbury,Free,3,0.0,Unassigned,2020-12-18
ACC-00710,Jennifer Davis,Unknown,Residential,Individual,Unknown,Otago,Basic,43,26.69,Unassigned,2021-12-21
ACC-00711,Barbara Wilson,Highland Holdings,Business,Small Business,Manufacturing,Auckland,Enterprise,17,638.55,Rob Thompson,2020-02-07
ACC-00713,John Brown,Peak Dental,Business,Corporate,Construction,Manawatu-Whanganui,Premium,8,272.17,Rob Thompson,2023-10-08
ACC-00714,Barbara Miller,Unknown,Residential,Individual,Unknown,Auckland,Enterprise,44,51.92,Unassigned,2021-05-31
ACC-00715,Linda Smith,Northern Plumbing,Business,Corporate,Construction,Waikato,Enterprise,43,825.34,Sarah Chen,2021-04-11
ACC-00716,David Taylor,Frontier Construction,Business,Individual,Healthcare,Wellington,Free,18,0.0,Unassigned,2020-05-21
ACC-00717,Joseph Lopez,Highland Consulting,Business,Small Business,Manufacturing,Auckland,Free,42,0.0,Unassigned,2019-03-16
ACC-00718,Charles Williams,Southern Tech,Business,Individual,Agriculture,Canterbury,Enterprise,19,737.99,Sarah Chen,2020-05-25
ACC-00720,Jennifer Gonzalez,Harbour Enterprises,Business,Small Business,Technology,Canterbury,Basic,6,62.0,Unassigned,2021-05-31
ACC-00721,Barbara Gonzalez,Unknown,Residential,Corporate,Unknown,Northland,Basic,56,44.34,Unassigned,2023-06-28
ACC-00724,John Miller,Frontier Construction,Business,Individual,Construction,Canterbury,Basic,4,0.0,Unassigned,2019-09-30
ACC-00725,Charles Smith,Frontier Group,Business,Corporate,Professional Services,Canterbury,Basic,3,656.44,Mike Patterson,2022-06-22
ACC-00726,Barbara Martinez,Northern Consulting,Business,Corporate,Healthcare,Wellington,Premium,24,84.34,Unassigned,2021-04-16
ACC-00728,Barbara Williams,Island Logistics,Business,Small Business,Healthcare,Southland,Premium,3,304.06,Mike Patterson,2021-11-24
ACC-00732,David Smith,Unknown,Residential,Corporate,Unknown,Canterbury,Free,10,0.0,Unassigned,2021-10-01
ACC-00733,Sarah Wilson,Highland Tech,Business,Individual,Property Management,Auckland,Premium,18,208.45,Rob Thompson,2019-08-16
ACC-00735,Robert Thomas,Unknown,Residential,Individual,Unknown,Canterbury,Basic,26,34.52,Unassigned,2022-04-06
ACC-00736,Elizabeth Garcia,Unknown,Residential,Small Business,Unknown,Canterbury,Enterprise,5,47.29,Unassigned,2022-11-09
ACC-00738,Linda Martinez,Northern Transport,Business,Corporate,Manufacturing,Northland,Free,3,74.95,Unassigned,2020-03-11
ACC-00739,Patricia Jackson,Island Enterprises,Business,Corporate,Retail,Wellington,Premium,15,187.1,Mike Patterson,2022-03-27
ACC-00741,David Williams,Unknown,Residential,Individual,Unknown,Canterbury,Basic,11,37.53,Unassigned,2021-12-27
ACC-00742,Jessica Lopez,Unknown,Residential,Individual,Unknown,Waikato,Basic,43,56.95,Unassigned,2019-11-25
ACC-00743,Mary Moore,Unknown,Residential,Individual,Unknown,Auckland,Premium,2,122.5,Sarah Chen,2023-05-31
ACC-00746,David Martin,Unknown,Residential,Corporate,Unknown,Waikato,Premium,3,53.98,Unassigned,2019-01-14
ACC-00747,Jennifer Martinez,Summit Systems,Business,Individual,Manufacturing,Canterbury,Free,37,0.0,Unassigned,2023-09-20
ACC-00748,Sarah Lopez,Frontier Group,Residential,Individual,Unknown,Waikato,Free,5,0.0,Unassigned,2021-06-24
ACC-00749,David Garcia,Unknown,Residential,Small Business,Unknown,Wellington,Enterprise,26,458.9,Sarah Chen,2023-04-18
ACC-00750,Joseph Lopez,Pioneer Transport,Business,Small Business,Transport & Logistics,Auckland,Premium,20,249.04,Mike Patterson,2019-08-28
ACC-00751,Mary Brown,Frontier Dental,Business,Corporate,Education,Canterbury,Enterprise,29,667.58,Lisa Hartley,2022-01-23
ACC-00752,John Johnson,Sterling Plumbing,Business,Small Business,Hospitality,Auckland,Free,3,0.0,Unassigned,2021-05-04
ACC-00753,Jennifer Brown,Kiwi Enterprises,Business,Small Business,Education,Canterbury,Basic,47,84.35,Unassigned,2023-11-29
ACC-00754,Karen Hernandez,Metro Solutions,Business,Small Business,Professional Services,Southland,Premium,19,292.99,Mike Patterson,2020-09-03
ACC-00756,Barbara Williams,Summit Enterprises,Business,Small Business,Retail,Bay of Plenty,Basic,5,309.81,Rob Thompson,2018-03-18
ACC-00757,James Smith,Unknown,Residential,Corporate,Unknown,Canterbury,Basic,1,47.6,Unassigned,2020-01-13
ACC-00758,Robert Smith,Island Logistics,Business,Individual,Trades,Canterbury,Free,11,0.0,Unassigned,2020-07-09
ACC-00759,David Martin,Unknown,Residential,Corporate,Unknown,Auckland,Enterprise,7,306.94,Mike Patterson,2021-04-26
ACC-00760,Michael Jones,Unknown,Residential,Individual,Unknown,Otago,Basic,2,46.82,Unassigned,2018-09-27
ACC-00763,Linda Moore,Pioneer Tech,Business,Corporate,Trades,Auckland,Free,9,0.0,Unassigned,2018-03-11
ACC-00764,Richard Williams,Unknown,Residential,Individual,Unknown,Canterbury,Enterprise,17,365.98,Sarah Chen,2019-08-26
ACC-00766,James Martinez,Unknown,Residential,Individual,Unknown,Canterbury,Free,36,0.0,Unassigned,2019-09-27
ACC-00768,Barbara Smith,Unknown,Residential,Corporate,Unknown,Bay of Plenty,Basic,26,0.0,Unassigned,2021-01-13
ACC-00770,Robert Gonzalez,Alpha Ltd,Business,Corporate,Trades,Canterbury,Free,35,0.0,Unassigned,2019-09-15
ACC-00772,Charles Johnson,Summit Plumbing,Business,Individual,Construction,Canterbury,Basic,14,59.48,Unassigned,2020-02-03
ACC-00774,Susan Gonzalez,Coastal Industries,Business,Small Business,Education,Auckland,Basic,8,58.27,Unassigned,2020-08-31
ACC-00775,Jennifer Wilson,Sterling Logistics,Business,Individual,Trades,Canterbury,Basic,17,0.0,Unassigned,2020-05-30
ACC-00777,Joseph Lopez,Southern Plumbing,Business,Corporate,Trades,Canterbury,Basic,21,98.49,Unassigned,2021-04-09
ACC-00778,David Martin,Frontier Transport,Business,Corporate,Professional Services,Manawatu-Whanganui,Premium,7,177.27,Mike Patterson,2022-09-11
ACC-00779,Barbara Williams,Northern Transport,Business,Individual,Trades,Waikato,Basic,2,78.06,Unassigned,2023-12-29
ACC-00781,Patricia Jones,Valley Logistics,Business,Small Business,Manufacturing,Auckland,Enterprise,60,532.67,Rob Thompson,2022-08-29
ACC-00782,Joseph Johnson,Island Construction,Business,Small Business,Professional Services,Auckland,Basic,13,57.09,Unassigned,2019-03-24
ACC-00784,Jennifer Garcia,Kiwi Plumbing,Business,Corporate,Professional Services,Auckland,Premium,43,236.91,Lisa Hartley,2023-01-10
ACC-00786,Patricia Garcia,Sterling Systems,Business,Small Business,Construction,Bay of Plenty,Basic,4,101.36,Mike Patterson,2018-05-27
ACC-00790,David Johnson,Island Logistics,Business,Small Business,Agriculture,Canterbury,Free,29,67.68,Unassigned,2022-09-02
ACC-00792,Linda Johnson,Highland Services,Business,Corporate,Professional Services,Waikato,Basic,43,109.39,Unassigned,2023-06-01
ACC-00793,Richard Brown,Pioneer Medical,Business,Corporate,Technology,Auckland,Basic,41,63.64,Unassigned,2023-01-05
ACC-00794,Mary Lopez,Central Tech,Business,Small Business,Trades,Otago,Basic,51,110.13,Mike Patterson,2021-01-18
ACC-00795,Thomas Martin,Gateway Consulting,Business,Small Business,Healthcare,Bay of Plenty,Premium,10,180.71,Unassigned,2019-02-26
ACC-00797,David Gonzalez,Apex Services,Business,Corporate,Hospitality,Waikato,Enterprise,1,77.11,Unassigned,2018-10-07
ACC-00799,David Lopez,Metro Tech,Business,Corporate,Healthcare,Auckland,Basic,4,59.12,Unassigned,2018-09-05
ACC-00800,Charles Moore,Pioneer Partners,Business,Small Business,Technology,Waikato,Basic,11,535.07,Mike Patterson,2023-09-17
ACC-00801,John Smith,Alpha Holdings,Business,Corporate,Construction,Canterbury,Enterprise,12,730.39,Rob Thompson,2021-02-20
ACC-00803,Jennifer Lopez,Unknown,Residential,Individual,Unknown,Wellington,Enterprise,18,0.0,Unassigned,2021-09-07
ACC-00804,Elizabeth Garcia,Unknown,Residential,Individual,Unknown,Auckland,Basic,32,51.7,Unassigned,2022-10-24
ACC-00805,Barbara Gonzalez,Island Electrical,Business,Corporate,Professional Services,Otago,Basic,40,52.34,Unassigned,2023-08-29
ACC-00806,Jessica Garcia,Unknown,Residential,Small Business,Unknown,Southland,Free,43,120.59,Lisa Hartley,2022-12-14
ACC-00807,David Martin,Metro Industries,Business,Small Business,Construction,Auckland,Premium,6,331.51,Rob Thompson,2019-03-14
ACC-00808,Karen Martin,Metro Enterprises,Business,Small Business,Transport & Logistics,Canterbury,Free,10,0.0,Unassigned,2022-01-06
ACC-00809,Susan Gonzalez,Southern Enterprises,Business,Small Business,Professional Services,Auckland,Basic,49,82.95,Unassigned,2021-02-09
ACC-00811,Robert Jones,Peak Consulting,Business,Corporate,Professional Services,Otago,Basic,48,55.53,Unassigned,2022-03-09
ACC-00812,Charles Taylor,Northern Tech,Business,Corporate,Professional Services,Wellington,Free,58,206.28,Mike Patterson,2022-01-17
ACC-00813,James Martinez,Unknown,Residential,Individual,Unknown,Wellington,Basic,2,0.0,Unassigned,2019-09-25
ACC-00814,Barbara Taylor,Unknown,Residential,Individual,Unknown,Auckland,Premium,4,40.0,Unassigned,2019-06-14
ACC-00815,Elizabeth Rodriguez,Pioneer Solutions,Business,Corporate,Trades,Wellington,Premium,1,183.57,Unassigned,2019-03-01
ACC-00816,Jennifer Hernandez,Alpha Industries,Business,Individual,Construction,Auckland,Premium,25,246.89,Lisa Hartley,2018-08-03
ACC-00817,Joseph Williams,Unknown,Residential,Corporate,Unknown,Canterbury,Enterprise,10,344.45,Sarah Chen,2019-01-27
ACC-00818,Linda Martinez,Pioneer Medical,Business,Corporate,Education,Manawatu-Whanganui,Premium,21,267.44,Lisa Hartley,2021-07-21
ACC-00821,Barbara Johnson,Unknown,Residential,Individual,Unknown,Auckland,Basic,1,133.58,Rob Thompson,2022-01-10
ACC-00822,Susan Jackson,Unknown,Residential,Small Business,Unknown,Wellington,Enterprise,10,0.0,Unassigned,2019-09-10
ACC-00825,Robert Hernandez,Valley Construction,Business,Small Business,Trades,Auckland,Free,10,0.0,Unassigned,2018-07-21
ACC-00826,Charles Johnson,Unknown,Residential,Individual,Unknown,Canterbury,Basic,54,52.37,Unassigned,2019-04-01
ACC-00830,Jessica Miller,Pioneer Medical,Business,Small Business,Property Management,Auckland,Enterprise,4,466.14,Sarah Chen,2023-04-11
ACC-00832,Linda Anderson,Ridge Engineering,Business,Corporate,Retail,Hawke's Bay,Basic,7,77.79,Unassigned,2019-06-28
ACC-00833,Richard Martinez,Summit Legal,Business,Small Business,Professional Services,Auckland,Enterprise,15,679.61,Rob Thompson,2018-04-19
ACC-00835,Barbara Jackson,Pioneer Construction,Business,Corporate,Trades,Canterbury,Basic,42,61.35,Unassigned,2021-09-29
ACC-00837,Barbara Smith,Peak Partners,Business,Corporate,Professional Services,Canterbury,Enterprise,1,295.31,Rob Thompson,2019-02-13
ACC-00838,Jessica Brown,Unknown,Residential,Corporate,Unknown,Auckland,Enterprise,37,281.11,Rob Thompson,2022-12-20
ACC-00840,John Thomas,Sterling Systems,Business,Individual,Property Management,Canterbury,Basic,18,695.43,Mike Patterson,2023-01-21
ACC-00844,Charles Williams,Central Holdings,Business,Corporate,Education,Auckland,Free,2,0.0,Unassigned,2023-04-17
ACC-00846,Linda Hernandez,Gateway Solutions,Business,Corporate,Manufacturing,Southland,Premium,20,252.65,Mike Patterson,2018-12-31
ACC-00847,Michael Johnson,Metro Holdings,Residential,Individual,Unknown,Canterbury,Free,41,0.0,Unassigned,2022-01-25
ACC-00848,Michael Williams,Unknown,Residential,Corporate,Unknown,Canterbury,Free,19,37.12,Unassigned,2018-08-14
ACC-00849,Elizabeth Martinez,Pacific Construction,Business,Corporate,Technology,Auckland,Free,40,0.0,Unassigned,2023-12-15
ACC-00850,David Davis,Peak Transport,Business,Corporate,Retail,Otago,Basic,5,59.98,Unassigned,2020-01-21
ACC-00851,Joseph Rodriguez,Highland Medical,Business,Corporate,Manufacturing,Wellington,Basic,31,89.03,Unassigned,2023-08-08
ACC-00852,Mary Garcia,Unknown,Residential,Small Business,Unknown,Auckland,Enterprise,8,414.78,Lisa Hartley,2023-02-10
ACC-00854,Thomas Martinez,Unknown,Residential,Individual,Unknown,Auckland,Enterprise,3,350.35,Mike Patterson,2019-01-30
ACC-00855,Barbara Brown,Island Tech,Business,Small Business,Retail,Bay of Plenty,Enterprise,25,789.69,Sarah Chen,2019-03-08
ACC-00858,Mary Gonzalez,Pioneer Holdings,Business,Corporate,Hospitality,Hawke's Bay,Premium,55,150.82,Lisa Hartley,2020-11-16
ACC-00860,Robert Martinez,Unknown,Residential,Individual,Unknown,Auckland,Enterprise,8,386.19,Mike Patterson,2018-05-07
ACC-00861,John Williams,Metro Holdings,Business,Corporate,Healthcare,Southland,Free,29,0.0,Unassigned,2023-11-15
ACC-00862,William Moore,Sterling Logistics,Business,Individual,Trades,Wellington,Enterprise,33,702.64,Mike Patterson,2022-04-12
ACC-00863,Mary Jones,Unknown,Residential,Individual,Unknown,Canterbury,Basic,8,34.89,Unassigned,2023-06-30
ACC-00864,Elizabeth Thomas,Alpha Plumbing,Business,Small Business,Trades,Canterbury,Premium,52,267.67,Rob Thompson,2019-08-31
ACC-00866,David Moore,Southern Consulting,Business,Corporate,Professional Services,Wellington,Free,52,0.0,Unassigned,2019-01-04
ACC-00869,Charles Smith,Sterling Ltd,Business,Corporate,Trades,Bay of Plenty,Premium,12,234.58,Lisa Hartley,2021-08-08
ACC-00870,Barbara Gonzalez,Alpha Legal,Residential,Small Business,Unknown,Wellington,Basic,14,52.32,Unassigned,2020-05-06
ACC-00873,Patricia Davis,Sterling Solutions,Business,Small Business,Manufacturing,Hawke's Bay,Premium,28,284.67,Rob Thompson,2018-06-20
ACC-00876,Mary Miller,Apex Logistics,Business,Small Business,Trades,Auckland,Enterprise,40,454.44,Lisa Hartley,2021-12-17
ACC-00877,Joseph Moore,Pacific Ltd,Business,Small Business,Trades,Wellington,Premium,28,146.47,Rob Thompson,2020-01-04
ACC-00882,Jessica Rodriguez,Sterling Medical,Business,Corporate,Trades,Auckland,Basic,18,60.0,Unassigned,2019-06-01
ACC-00883,Joseph Moore,Ridge Dental,Business,Small Business,Professional Services,Otago,Premium,40,160.22,Sarah Chen,2018-09-18
ACC-00885,Barbara Lopez,Unknown,Residential,Small Business,Unknown,Canterbury,Premium,20,269.14,Lisa Hartley,2022-01-20
ACC-00887,Linda Taylor,Harbour Electrical,Business,Corporate,Property Management,Northland,Basic,59,70.66,Unassigned,2018-02-27
ACC-00888,Richard Lopez,Highland Legal,Business,Individual,Retail,Waikato,Premium,7,286.7,Lisa Hartley,2018-05-09
ACC-00889,Richard Brown,Unknown,Residential,Small Business,Unknown,Nelson-Marlborough,Enterprise,44,341.18,Mike Patterson,2021-09-24
ACC-00890,Karen Williams,Sterling Electrical,Business,Corporate,Retail,Canterbury,Enterprise,27,825.52,Lisa Hartley,2021-05-15
ACC-00892,James Johnson,Southern Ltd,Business,Corporate,Hospitality,Auckland,Basic,1,0.0,Unassigned,2022-08-22
ACC-00893,Jennifer Williams,Central Consulting,Business,Individual,Trades,Canterbury,Enterprise,25,543.59,Lisa Hartley,2021-05-06
ACC-00896,Linda Smith,Pioneer Enterprises,Business,Corporate,Property Management,Hawke's Bay,Enterprise,8,832.91,Rob Thompson,2020-09-03
ACC-00897,Robert Gonzalez,Unknown,Residential,Individual,Unknown,Auckland,Free,27,0.0,Unassigned,2020-10-01
ACC-00898,Elizabeth Anderson,Unknown,Residential,Individual,Unknown,Wellington,Premium,1,121.39,Mike Patterson,2022-12-16
ACC-00900,James Garcia,Frontier Enterprises,Business,Individual,Professional Services,Auckland,Enterprise,27,796.16,Sarah Chen,2023-07-09
ACC-00904,Michael Brown,Apex Plumbing,Business,Corporate,Retail,Canterbury,Premium,17,210.98,Mike Patterson,2021-10-07
ACC-00906,Jessica Garcia,Unknown,Residential,Corporate,Unknown,Southland,Free,42,129.31,Unassigned,2021-01-01
ACC-00907,Robert Jackson,Peak Plumbing,Residential,Corporate,Unknown,Wellington,Basic,30,53.34,Unassigned,2020-07-08
ACC-00910,Susan Martin,Sterling Electrical,Business,Small Business,Hospitality,Auckland,Free,20,0.0,Unassigned,2020-10-14
ACC-00911,James Rodriguez,Gateway Ltd,Business,Small Business,Technology,Canterbury,Basic,35,90.73,Unassigned,2019-05-17
ACC-00913,Karen Moore,Unknown,Residential,Individual,Unknown,Canterbury,Free,7,29.44,Unassigned,2023-05-22
ACC-00914,Joseph Jones,Unknown,Residential,Individual,Unknown,Canterbury,Free,22,10.91,Unassigned,2023-11-03
ACC-00915,Robert Hernandez,Peak Ltd,Business,Corporate,Trades,Canterbury,Premium,10,334.6,Lisa Hartley,2022-11-20
ACC-00916,David Martin,Summit Consulting,Business,Individual,Hospitality,Auckland,Premium,19,178.08,Unassigned,2018-10-08
ACC-00918,Charles Anderson,Island Medical,Business,Individual,Trades,Canterbury,Free,12,0.0,Unassigned,2022-12-14
ACC-00919,Richard Wilson,Island Medical,Business,Corporate,Professional Services,Taranaki,Basic,1,0.0,Unassigned,2018-03-03
ACC-00921,Barbara Lopez,Unknown,Residential,Individual,Unknown,Waikato,Enterprise,16,445.84,Rob Thompson,2021-06-07
ACC-00922,Jessica Taylor,Kiwi Enterprises,Business,Small Business,Trades,Bay of Plenty,Basic,1,107.7,Unassigned,2023-08-02
ACC-00923,Elizabeth Thomas,Sterling Dental,Business,Individual,Retail,Canterbury,Enterprise,6,225.11,Rob Thompson,2020-02-07
ACC-00924,Linda Brown,Frontier Logistics,Business,Small Business,Education,Wellington,Premium,9,56.34,Unassigned,2019-01-19
ACC-00925,John Hernandez,Gateway Solutions,Business,Individual,Construction,Otago,Premium,9,252.93,Lisa Hartley,2020-07-04
ACC-00927,Jennifer Johnson,Unknown,Residential,Corporate,Unknown,Canterbury,Basic,10,52.09,Unassigned,2023-02-20
ACC-00929,Thomas Lopez,Sterling Plumbing,Business,Small Business,Hospitality,Otago,Basic,33,66.1,Unassigned,2020-11-05
ACC-00930,Barbara Anderson,Harbour Legal,Business,Corporate,Construction,Auckland,Enterprise,14,234.04,Mike Patterson,2021-07-21
ACC-00932,Patricia Martinez,Unknown,Residential,Small Business,Unknown,Hawke's Bay,Free,13,0.0,Unassigned,2022-03-08
ACC-00933,Barbara Johnson,Alpha Partners,Business,Small Business,Construction,Auckland,Enterprise,23,686.29,Lisa Hartley,2018-12-08
ACC-00934,Joseph Williams,Unknown,Residential,Individual,Unknown,Canterbury,Basic,3,378.23,Lisa Hartley,2020-04-27
ACC-00935,Karen Lopez,Unknown,Residential,Individual,Unknown,Auckland,Free,25,11.5,Unassigned,2021-02-16
ACC-00937,Linda Wilson,Unknown,Residential,Individual,Unknown,Wellington,Enterprise,15,421.21,Lisa Hartley,2023-05-10
ACC-00938,Charles Johnson,Apex Enterprises,Business,Small Business,Agriculture,Auckland,Basic,3,160.17,Unassigned,2022-06-26
ACC-00940,David Smith,Apex Consulting,Business,Individual,Education,Waikato,Basic,2,100.9,Sarah Chen,2022-11-04
ACC-00941,Mary Johnson,Pioneer Systems,Business,Corporate,Hospitality,Northland,Premium,48,158.47,Unassigned,2019-01-05
ACC-00944,Barbara Thomas,Central Solutions,Business,Corporate,Hospitality,Canterbury,Premium,17,159.31,Unassigned,2021-08-05
ACC-00945,Charles Miller,Northern Transport,Business,Corporate,Retail,Canterbury,Free,17,0.0,Unassigned,2023-01-25
ACC-00948,David Anderson,Unknown,Residential,Individual,Unknown,Canterbury,Free,1,129.96,Unassigned,2023-01-13
ACC-00949,Karen Lopez,Apex Medical,Business,Corporate,Retail,Otago,Basic,3,176.3,Rob Thompson,2019-02-02
ACC-00951,Charles Miller,Unknown,Residential,Corporate,Unknown,Nelson-Marlborough,Premium,11,148.05,Mike Patterson,2018-05-17
ACC-00952,Robert Smith,Apex Medical,Business,Corporate,Hospitality,Canterbury,Basic,48,90.6,Unassigned,2023-12-15
ACC-00953,Jennifer Jackson,Coastal Plumbing,Business,Corporate,Hospitality,Waikato,Enterprise,21,484.0,Mike Patterson,2023-03-03
ACC-00954,James Johnson,Frontier Group,Business,Individual,Retail,Auckland,Enterprise,4,256.98,Rob Thompson,2018-04-23
ACC-00955,Jennifer Hernandez,Unknown,Residential,Individual,Unknown,Wellington,Free,45,0.0,Unassigned,2019-05-08
ACC-00956,James Taylor,Metro Solutions,Business,Corporate,Healthcare,Auckland,Enterprise,28,479.65,Lisa Hartley,2020-12-15
ACC-00958,Jennifer Martinez,Northern Systems,Business,Corporate,Hospitality,Waikato,Premium,57,148.78,Unassigned,2019-05-23
ACC-00960,John Hernandez,Northern Consulting,Business,Individual,Education,Waikato,Basic,27,656.57,Mike Patterson,2021-08-04
ACC-00962,James Jackson,Island Construction,Business,Small Business,Construction,Taranaki,Premium,20,217.17,Rob Thompson,2022-01-02
ACC-00963,Linda Wilson,Unknown,Residential,Individual,Unknown,Canterbury,Enterprise,28,103.68,Rob Thompson,2019-01-31
ACC-00964,James Jackson,Ridge Logistics,Business,Individual,Education,Southland,Enterprise,5,0.0,Unassigned,2020-04-09
ACC-00966,Jessica Miller,Unknown,Residential,Individual,Unknown,Auckland,Enterprise,30,362.83,Sarah Chen,2023-08-11
ACC-00967,Charles Rodriguez,Island Plumbing,Business,Corporate,Hospitality,Waikato,Free,12,0.0,Unassigned,2022-05-24
ACC-00969,Jessica Anderson,Unknown,Residential,Corporate,Unknown,Northland,Basic,50,0.0,Unassigned,2019-11-07
ACC-00971,David Martin,Unknown,Residential,Individual,Unknown,Waikato,Free,32,0.0,Unassigned,2021-06-21
ACC-00972,James Wilson,Pioneer Enterprises,Business,Individual,Healthcare,Auckland,Basic,18,161.01,Unassigned,2023-08-20
ACC-00973,Joseph Rodriguez,Southern Partners,Business,Corporate,Retail,Wellington,Enterprise,18,528.18,Rob Thompson,2020-12-24
ACC-00974,Patricia Anderson,Harbour Engineering,Business,Small Business,Trades,Auckland,Premium,44,250.14,Sarah Chen,2022-05-15
ACC-00976,Sarah Taylor,Gateway Systems,Business,Individual,Construction,Auckland,Enterprise,14,862.56,Sarah Chen,2018-12-16
ACC-00979,Patricia Jackson,Metro Ltd,Business,Small Business,Professional Services,Auckland,Free,13,0.0,Unassigned,2018-09-29
ACC-00980,James Moore,Highland Dental,Business,Corporate,Retail,Waikato,Free,23,0.0,Unassigned,2023-04-27
ACC-00981,Thomas Lopez,Sterling Transport,Business,Small Business,Agriculture,Canterbury,Enterprise,35,444.65,Mike Patterson,2023-10-23
ACC-00982,Jessica Taylor,Frontier Plumbing,Business,Corporate,Agriculture,Auckland,Basic,45,59.89,Unassigned,2023-09-29
ACC-00985,Barbara Hernandez,Gateway Enterprises,Business,Corporate,Retail,Manawatu-Whanganui,Free,8,312.45,Lisa Hartley,2022-11-08
ACC-00987,Jennifer Gonzalez,Unknown,Residential,Individual,Unknown,Otago,Free,9,25.93,Unassigned,2018-04-29
ACC-00990,David Miller,Unknown,Residential,Individual,Unknown,Waikato,Free,4,149.23,Unassigned,2018-04-01
ACC-00991,Jennifer Gonzalez,Ridge Construction,Residential,Corporate,Unknown,Canterbury,Basic,1,0.0,Unassigned,2022-01-04
ACC-00992,Jessica Martinez,Unknown,Residential,Individual,Unknown,Waikato,Enterprise,39,0.0,Unassigned,2021-02-03
ACC-00993,Jennifer Wilson,Alpha Construction,Business,Small Business,Education,Taranaki,Free,45,0.0,Unassigned,2022-06-22
ACC-00995,Robert Davis,Unknown,Residential,Individual,Unknown,Canterbury,Enterprise,35,371.24,Sarah Chen,2020-02-13
ACC-00997,David Gonzalez,Sterling Solutions,Business,Corporate,Education,Otago,Enterprise,6,102.42,Unassigned,2019-01-10
ACC-00999,Barbara Martin,Gateway Tech,Business,Corporate,Healthcare,Wellington,Free,10,0.0,Unassigned,2022-09-05
ACC-01002,David Williams,Unknown,Residential,Individual,Unknown,Hawke's Bay,Basic,26,0.0,Unassigned,2023-09-24
ACC-01003,David Moore,Unknown,Residential,Small Business,Unknown,Canterbury,Enterprise,8,0.0,Unassigned,2021-01-21
ACC-01004,Elizabeth Jones,Coastal Logistics,Business,Individual,Professional Services,Wellington,Enterprise,8,77.99,Unassigned,2021-02-28
ACC-01005,Joseph Rodriguez,Metro Systems,Business,Corporate,Education,Auckland,Basic,38,0.0,Unassigned,2018-02-03
ACC-01006,David Davis,Harbour Industries,Business,Corporate,Construction,Canterbury,Enterprise,12,228.73,Lisa Hartley,2019-10-01
ACC-01007,Linda Rodriguez,Northern Electrical,Business,Corporate,Healthcare,Bay of Plenty,Premium,19,239.65,Rob Thompson,2018-04-27
ACC-01008,David Jackson,Highland Systems,Business,Corporate,Manufacturing,Canterbury,Basic,1,89.27,Unassigned,2022-08-12
ACC-01011,Susan Garcia,Summit Services,Business,Corporate,Transport & Logistics,Manawatu-Whanganui,Basic,6,69.13,Unassigned,2023-02-18
ACC-01012,Linda Miller,Unknown,Residential,Individual,Unknown,Canterbury,Free,32,0.0,Unassigned,2019-01-17
ACC-01013,Richard Brown,Unknown,Residential,Individual,Unknown,Waikato,Basic,5,375.39,Lisa Hartley,2021-08-09
ACC-01014,Patricia Miller,Ridge Medical,Business,Small Business,Agriculture,Southland,Enterprise,8,390.69,Sarah Chen,2023-08-26
ACC-01015,Jessica Wilson,Highland Systems,Business,Corporate,Education,Otago,Free,34,0.0,Unassigned,2023-10-05
ACC-01016,Barbara Johnson,Pioneer Logistics,Business,Corporate,Trades,Otago,Basic,49,302.22,Rob Thompson,2022-12-17
ACC-01018,Joseph Hernandez,Frontier Partners,Business,Corporate,Construction,Canterbury,Enterprise,12,0.0,Unassigned,2018-10-05
ACC-01019,Charles Brown,Summit Holdings,Business,Small Business,Trades,Canterbury,Enterprise,5,292.03,Rob Thompson,2021-01-17
ACC-01021,Barbara Thomas,Unknown,Residential,Individual,Unknown,Auckland,Basic,17,49.09,Unassigned,2019-05-27
ACC-01023,Elizabeth Taylor,Unknown,Residential,Corporate,Unknown,Bay of Plenty,Enterprise,2,38.32,Unassigned,2021-12-13
ACC-01024,Jennifer Rodriguez,Unknown,Residential,Individual,Unknown,Waikato,Basic,17,0.0,Unassigned,2023-05-16
ACC-01025,Elizabeth Rodriguez,Frontier Group,Business,Individual,Construction,Waikato,Enterprise,3,663.54,Lisa Hartley,2023-10-08
ACC-01026,Patricia Thomas,Unknown,Residential,Individual,Unknown,Canterbury,Premium,14,96.09,Unassigned,2019-05-18
ACC-01027,Elizabeth Wilson,Pacific Legal,Business,Corporate,Trades,Auckland,Basic,6,0.0,Unassigned,2023-07-10
ACC-01028,Jennifer Johnson,Peak Partners,Business,Corporate,Professional Services,Wellington,Free,8,626.55,Lisa Hartley,2021-01-23
ACC-01030,Jennifer Gonzalez,Pioneer Logistics,Business,Small Business,Trades,Wellington,Basic,60,0.0,Unassigned,2019-07-17
ACC-01036,Jessica Anderson,Island Industries,Business,Corporate,Transport & Logistics,Taranaki,Free,45,0.0,Unassigned,2022-10-29
ACC-01038,Barbara Gonzalez,Central Tech,Business,Corporate,Education,Canterbury,Basic,39,283.59,Mike Patterson,2020-09-14
ACC-01040,Robert Rodriguez,Peak Holdings,Business,Small Business,Retail,Canterbury,Premium,28,214.39,Mike Patterson,2020-02-21
ACC-01041,Elizabeth Rodriguez,Apex Tech,Business,Individual,Education,Hawke's Bay,Enterprise,17,565.86,Mike Patterson,2021-05-04
ACC-01042,Jennifer Lopez,Apex Partners,Business,Small Business,Healthcare,Canterbury,Free,13,0.0,Unassigned,2020-07-11
ACC-01044,David Anderson,Pioneer Engineering,Business,Small Business,Retail,Auckland,Basic,35,87.04,Unassigned,2019-04-15
ACC-01045,Barbara Williams,Sterling Holdings,Business,Corporate,Education,Wellington,Free,59,0.0,Unassigned,2018-04-08
ACC-01047,Robert Garcia,Peak Engineering,Business,Small Business,Trades,Auckland,Basic,40,66.96,Unassigned,2021-07-28
ACC-01049,Jennifer Anderson,Highland Systems,Business,Corporate,Construction,Canterbury,Enterprise,1,104.59,Sarah Chen,2021-09-17
ACC-01050,Mary Hernandez,Central Construction,Business,Corporate,Healthcare,Auckland,Free,35,0.0,Unassigned,2021-02-07
ACC-01051,Jessica Gonzalez,Apex Construction,Business,Small Business,Retail,Wellington,Basic,19,59.15,Unassigned,2023-04-16
ACC-01053,Barbara Brown,Highland Enterprises,Business,Corporate,Transport & Logistics,Otago,Enterprise,19,559.69,Lisa Hartley,2020-07-13
ACC-01054,Barbara Smith,Highland Construction,Business,Individual,Hospitality,Northland,Basic,8,153.46,Sarah Chen,2020-05-02
ACC-01055,Susan Brown,Valley Transport,Business,Small Business,Property Management,Auckland,Premium,26,109.46,Unassigned,2021-03-12
ACC-01056,Linda Taylor,Pioneer Plumbing,Business,Corporate,Construction,Canterbury,Enterprise,54,640.84,Sarah Chen,2018-01-06
ACC-01057,Thomas Smith,Pacific Holdings,Business,Corporate,Construction,Canterbury,Premium,12,158.31,Sarah Chen,2023-06-12
ACC-01058,Mary Miller,Unknown,Residential,Individual,Unknown,Auckland,Basic,10,43.79,Unassigned,2018-09-16
ACC-01061,Joseph Wilson,Unknown,Residential,Individual,Unknown,Canterbury,Basic,13,126.61,Unassigned,2019-12-26
ACC-01062,Patricia Martinez,Valley Electrical,Business,Corporate,Healthcare,Otago,Enterprise,36,275.86,Mike Patterson,2018-01-03
ACC-01063,James Davis,Harbour Tech,Business,Corporate,Healthcare,Wellington,Basic,19,94.75,Unassigned,2021-07-22
ACC-01065,Charles Gonzalez,Unknown,Residential,Corporate,Unknown,Waikato,Free,32,18.0,Unassigned,2022-01-27
ACC-01066,Patricia Jackson,Northern Plumbing,Business,Corporate,Healthcare,Canterbury,Enterprise,21,807.91,Rob Thompson,2018-05-02
ACC-01069,Karen Johnson,Unknown,Residential,Individual,Unknown,Canterbury,Basic,12,36.55,Unassigned,2021-05-28
ACC-01070,Richard Johnson,Unknown,Residential,Small Business,Unknown,Southland,Basic,33,54.06,Unassigned,2019-05-28
ACC-01072,Linda Jackson,Unknown,Residential,Individual,Unknown,Wellington,Premium,55,148.61,Unassigned,2021-05-28
ACC-01075,Barbara Rodriguez,Pacific Dental,Business,Corporate,Retail,Waikato,Enterprise,14,576.95,Sarah Chen,2020-08-01
ACC-01078,John Jones,Pioneer Electrical,Business,Corporate,Hospitality,Auckland,Basic,13,121.11,Unassigned,2023-01-25
ACC-01080,Patricia Anderson,Unknown,Residential,Corporate,Unknown,Southland,Basic,24,51.34,Unassigned,2020-10-06
ACC-01081,James Wilson,Unknown,Residential,Individual,Unknown,Auckland,Premium,2,144.64,Unassigned,2020-08-17
ACC-01083,Richard Lopez,Unknown,Residential,Individual,Unknown,Auckland,Free,14,0.0,Unassigned,2020-01-19
ACC-01084,James Jones,Coastal Logistics,Business,Individual,Education,Manawatu-Whanganui,Basic,25,54.73,Unassigned,2022-04-02
ACC-01085,David Gonzalez,Unknown,Residential,Small Business,Unknown,Canterbury,Enterprise,5,0.0,Unassigned,2023-11-21
ACC-01086,Robert Lopez,Ridge Solutions,Business,Small Business,Construction,Wellington,Premium,43,284.78,Rob Thompson,2023-11-30
ACC-01087,Karen Martinez,Unknown,Residential,Individual,Unknown,Canterbury,Premium,51,142.47,Unassigned,2020-04-22
ACC-01089,Michael Rodriguez,Apex Tech,Residential,Small Business,Unknown,Auckland,Free,2,115.46,Unassigned,2019-10-24
ACC-01091,James Thomas,Unknown,Residential,Corporate,Unknown,Waikato,Free,17,55.15,Unassigned,2023-08-20
ACC-01092,David Lopez,Pioneer Logistics,Business,Individual,Trades,Auckland,Basic,31,116.97,Unassigned,2019-04-30
ACC-01093,Joseph Rodriguez,Unknown,Residential,Individual,Unknown,Canterbury,Premium,9,0.0,Unassigned,2018-08-16
ACC-01094,Thomas Jackson,Coastal Construction,Business,Corporate,Trades,Wellington,Free,5,278.94,Sarah Chen,2020-06-11
ACC-01096,Elizabeth Martinez,Alpha Holdings,Business,Corporate,Professional Services,Waikato,Premium,4,281.39,Sarah Chen,2021-05-04
ACC-01099,Jessica Lopez,Peak Plumbing,Business,Corporate,Transport & Logistics,Auckland,Basic,20,74.24,Unassigned,2018-01-13
ACC-01100,Jennifer Gonzalez,Alpha Dental,Business,Small Business,Hospitality,Waikato,Enterprise,25,613.34,Mike Patterson,2023-03-07
ACC-01102,Barbara Anderson,Apex Tech,Business,Small Business,Professional Services,Canterbury,Free,10,76.84,Unassigned,2020-11-15
ACC-01103,James Rodriguez,Sterling Plumbing,Business,Small Business,Healthcare,Southland,Basic,45,613.83,Lisa Hartley,2023-08-07
ACC-01104,Robert Johnson,Harbour Construction,Business,Corporate,Construction,Auckland,Premium,20,153.56,Unassigned,2021-09-14
ACC-01105,Robert Thomas,Valley Services,Business,Corporate,Trades,Manawatu-Whanganui,Free,30,157.9,Mike Patterson,2019-06-05
ACC-01106,David Johnson,Pacific Engineering,Business,Corporate,Manufacturing,Wellington,Enterprise,23,585.71,Lisa Hartley,2019-01-24
ACC-01107,Karen Gonzalez,Unknown,Residential,Individual,Unknown,Manawatu-Whanganui,Enterprise,24,413.78,Mike Patterson,2023-09-09
ACC-01108,John Lopez,Unknown,Residential,Small Business,Unknown,Hawke's Bay,Free,7,379.0,Rob Thompson,2021-07-17
ACC-01109,Barbara Jackson,Apex Medical,Business,Small Business,Trades,Canterbury,Basic,2,70.81,Unassigned,2021-03-26
ACC-01111,Barbara Thomas,Unknown,Residential,Individual,Unknown,Canterbury,Enterprise,3,320.57,Mike Patterson,2021-03-28
ACC-01113,Susan Davis,Pioneer Electrical,Business,Corporate,Construction,Auckland,Free,47,0.0,Unassigned,2022-09-19
ACC-01114,Mary Lopez,Sterling Logistics,Business,Small Business,Technology,Auckland,Free,17,0.0,Unassigned,2018-03-13
ACC-01118,Charles Brown,Unknown,Residential,Corporate,Unknown,Auckland,Free,26,0.0,Unassigned,2021-07-19
ACC-01119,Charles Gonzalez,Gateway Construction,Business,Small Business,Construction,Canterbury,Premium,12,187.34,Unassigned,2019-05-18
ACC-01121,David Wilson,Unknown,Residential,Small Business,Unknown,Wellington,Free,4,139.95,Sarah Chen,2021-04-02
ACC-01122,Thomas Anderson,Unknown,Residential,Small Business,Unknown,Canterbury,Premium,37,154.69,Unassigned,2020-12-01
ACC-01123,Linda Johnson,Peak Partners,Business,Corporate,Trades,Auckland,Enterprise,2,72.14,Unassigned,2023-11-10
ACC-01124,Sarah Jones,Gateway Dental,Business,Small Business,Education,Otago,Enterprise,25,689.69,Lisa Hartley,2021-09-26
ACC-01125,Linda Williams,Alpha Solutions,Business,Corporate,Construction,Canterbury,Enterprise,14,778.2,Sarah Chen,2018-06-08
ACC-01131,Charles Smith,Unknown,Residential,Individual,Unknown,Auckland,Enterprise,55,331.89,Sarah Chen,2022-12-21
ACC-01133,David Lopez,Unknown,Residential,Individual,Unknown,Wellington,Premium,42,132.33,Unassigned,2020-01-11
ACC-01134,John Garcia,Harbour Construction,Business,Corporate,Trades,Canterbury,Free,4,0.0,Unassigned,2023-06-06
ACC-01135,Sarah Miller,Pacific Logistics,Business,Corporate,Professional Services,Canterbury,Enterprise,22,793.05,Sarah Chen,2021-03-26
ACC-01136,Mary Brown,Unknown,Residential,Small Business,Unknown,Auckland,Free,1,46.1,Unassigned,2023-11-08
ACC-01137,Jessica Thomas,Ridge Consulting,Business,Corporate,Professional Services,Otago,Basic,5,220.21,Sarah Chen,2020-11-10
ACC-01139,Robert Brown,Apex Industries,Business,Corporate,Construction,Southland,Free,58,0.0,Unassigned,2021-06-18
ACC-01140,Thomas Miller,Valley Tech,Business,Small Business,Healthcare,Auckland,Basic,41,67.0,Unassigned,2021-05-22
ACC-01141,Barbara Smith,Gateway Engineering,Business,Corporate,Property Management,Manawatu-Whanganui,Enterprise,30,0.0,Unassigned,2018-01-31
ACC-01142,Joseph Anderson,Northern Legal,Business,Corporate,Hospitality,Canterbury,Free,25,0.0,Unassigned,2019-10-11
ACC-01143,James Brown,Unknown,Residential,Corporate,Unknown,Manawatu-Whanganui,Basic,30,38.16,Unassigned,2022-04-28
ACC-01144,Michael Brown,Metro Ltd,Residential,Individual,Unknown,Bay of Plenty,Free,6,0.0,Unassigned,2022-04-13
ACC-01146,David Johnson,Northern Ltd,Business,Corporate,Healthcare,Nelson-Marlborough,Basic,10,57.38,Unassigned,2018-06-05
ACC-01147,Jessica Garcia,Unknown,Residential,Individual,Unknown,Canterbury,Free,34,38.24,Unassigned,2022-06-26
ACC-01148,James Martinez,Alpha Consulting,Business,Small Business,Education,Otago,Premium,5,244.75,Sarah Chen,2019-02-28
ACC-01149,Barbara Taylor,Island Solutions,Business,Small Business,Trades,Bay of Plenty,Free,1,0.0,Unassigned,2018-12-04
ACC-01150,Susan Smith,Unknown,Residential,Corporate,Unknown,Hawke's Bay,Enterprise,26,100.71,Sarah Chen,2020-04-29
ACC-01151,Elizabeth Martin,Central Industries,Business,Small Business,Healthcare,Otago,Free,21,0.0,Unassigned,2019-06-28
ACC-01152,Charles Garcia,Southern Plumbing,Business,Corporate,Trades,Hawke's Bay,Basic,1,104.47,Unassigned,2018-08-10
ACC-01153,John Brown,Unknown,Residential,Individual,Unknown,Wellington,Basic,14,33.1,Unassigned,2022-01-20
ACC-01154,Richard Anderson,Unknown,Residential,Corporate,Unknown,Taranaki,Free,15,0.0,Unassigned,2023-03-09
ACC-01155,James Hernandez,Pacific Plumbing,Business,Corporate,Retail,Canterbury,Basic,33,161.15,Lisa Hartley,2020-08-17
ACC-01156,Charles Gonzalez,Central Holdings,Business,Corporate,Property Management,Waikato,Basic,21,94.23,Unassigned,2023-05-19
ACC-01158,David Brown,Harbour Systems,Business,Corporate,Healthcare,Taranaki,Premium,5,64.88,Unassigned,2021-03-21
ACC-01159,Patricia Lopez,Unknown,Residential,Individual,Unknown,Canterbury,Premium,51,132.17,Unassigned,2023-02-13
ACC-01160,Susan Jackson,Summit Systems,Business,Corporate,Hospitality,Northland,Premium,20,323.43,Mike Patterson,2020-01-23
ACC-01161,Elizabeth Martinez,Unknown,Residential,Individual,Unknown,Nelson-Marlborough,Basic,50,40.62,Unassigned,2020-09-10
ACC-01164,Barbara Thomas,Frontier Legal,Business,Corporate,Professional Services,Otago,Basic,2,55.11,Unassigned,2018-03-09
ACC-01166,Michael Anderson,Gateway Partners,Business,Individual,Hospitality,Canterbury,Free,20,0.0,Unassigned,2019-03-21
ACC-01167,Susan Wilson,Alpha Ltd,Business,Small Business,Healthcare,Canterbury,Basic,25,0.0,Unassigned,2022-10-16
ACC-01170,Sarah Gonzalez,Summit Electrical,Business,Small Business,Construction,Northland,Free,22,0.0,Unassigned,2022-12-28
ACC-01171,Linda Martin,Alpha Group,Business,Small Business,Healthcare,Canterbury,Basic,16,52.45,Unassigned,2019-07-24
ACC-01172,Barbara Miller,Central Logistics,Business,Small Business,Trades,Wellington,Premium,2,99.44,Unassigned,2023-08-15
ACC-01173,David Jackson,Unknown,Residential,Individual,Unknown,Bay of Plenty,Enterprise,46,352.44,Sarah Chen,2019-03-15
ACC-01174,Jennifer Brown,Kiwi Services,Business,Small Business,Retail,Auckland,Basic,14,93.25,Unassigned,2021-12-15
ACC-01175,David Brown,Northern Solutions,Business,Corporate,Retail,Canterbury,Enterprise,1,742.33,Sarah Chen,2022-07-21
ACC-01176,David Martinez,Unknown,Residential,Individual,Unknown,Bay of Plenty,Basic,19,37.94,Unassigned,2023-04-30
ACC-01177,Joseph Williams,Apex Ltd,Business,Small Business,Trades,Taranaki,Premium,27,200.29,Lisa Hartley,2018-06-28
ACC-01179,Elizabeth Jones,Northern Legal,Business,Corporate,Agriculture,Canterbury,Premium,4,237.68,Rob Thompson,2019-09-29
ACC-01180,David Jackson,Southern Medical,Business,Small Business,Hospitality,Canterbury,Enterprise,36,731.06,Lisa Hartley,2022-04-27
ACC-01181,Jessica Johnson,Unknown,Residential,Small Business,Unknown,Otago,Free,25,325.77,Rob Thompson,2019-10-17
ACC-01183,Susan Brown,Unknown,Residential,Individual,Unknown,Canterbury,Premium,10,106.65,Sarah Chen,2022-12-24
ACC-01184,Elizabeth Lopez,Alpha Consulting,Business,Corporate,Retail,Hawke's Bay,Free,18,194.09,Unassigned,2020-12-13
ACC-01185,Charles Taylor,Unknown,Residential,Small Business,Unknown,Auckland,Free,3,41.11,Unassigned,2019-05-31
ACC-01186,Barbara Lopez,Apex Systems,Business,Corporate,Agriculture,Waikato,Enterprise,23,0.0,Unassigned,2020-02-29
ACC-01187,Sarah Davis,Unknown,Residential,Individual,Unknown,Canterbury,Free,55,0.0,Unassigned,2020-12-10
ACC-01189,Patricia Lopez,Northern Engineering,Business,Small Business,Retail,Otago,Basic,2,69.72,Unassigned,2019-06-07
ACC-01190,Charles Williams,Northern Legal,Business,Small Business,Retail,Canterbury,Enterprise,27,552.06,Mike Patterson,2019-10-12
ACC-01191,Susan Jones,Unknown,Residential,Individual,Unknown,Wellington,Premium,52,120.14,Mike Patterson,2020-06-22
ACC-01192,Elizabeth Brown,Unknown,Residential,Individual,Unknown,Canterbury,Basic,10,50.69,Unassigned,2021-09-03
ACC-01193,Jessica Smith,Island Dental,Business,Corporate,Professional Services,Waikato,Basic,57,83.16,Unassigned,2023-12-04
ACC-01194,Joseph Hernandez,Valley Dental,Business,Corporate,Professional Services,Bay of Plenty,Basic,17,116.31,Unassigned,2023-04-25
ACC-01195,William Moore,Unknown,Residential,Individual,Unknown,Wellington,Free,24,0.0,Unassigned,2020-12-02
ACC-01196,Barbara Smith,Unknown,Residential,Individual,Unknown,Canterbury,Basic,2,42.41,Unassigned,2018-03-25
ACC-01197,Charles Lopez,Unknown,Residential,Corporate,Unknown,Otago,Premium,14,128.91,Mike Patterson,2022-05-30
ACC-01198,Mary Gonzalez,Harbour Partners,Business,Individual,Construction,Canterbury,Premium,10,789.84,Sarah Chen,2022-03-20
ACC-01199,Mary Hernandez,Harbour Partners,Residential,Individual,Unknown,Auckland,Free,7,411.25,Lisa Hartley,2018-11-02
ACC-01200,James Williams,Apex Logistics,Business,Corporate,Retail,Waikato,Enterprise,53,0.0,Unassigned,2020-11-07
ACC-01201,Elizabeth Garcia,Pioneer Plumbing,Business,Corporate,Trades,Otago,Basic,12,71.15,Unassigned,2022-08-16
ACC-01202,Barbara Moore,Ridge Group,Business,Corporate,Construction,Waikato,Enterprise,57,859.72,Sarah Chen,2023-03-21
ACC-01203,Karen Davis,Metro Group,Business,Small Business,Retail,Canterbury,Free,58,0.0,Unassigned,2022-07-12
ACC-01206,David Taylor,Alpha Logistics,Residential,Individual,Unknown,Waikato,Basic,33,56.75,Unassigned,2021-04-05
ACC-01207,James Gonzalez,Unknown,Residential,Small Business,Unknown,Wellington,Premium,20,116.85,Rob Thompson,2022-01-31
ACC-01208,James Wilson,Pioneer Legal,Business,Corporate,Professional Services,Waikato,Enterprise,17,754.2,Lisa Hartley,2022-03-15
ACC-01209,Linda Martin,Kiwi Tech,Business,Small Business,Property Management,Waikato,Premium,8,255.84,Rob Thompson,2019-10-30
ACC-01210,Richard Smith,Unknown,Residential,Small Business,Unknown,Bay of Plenty,Premium,47,40.01,Unassigned,2019-06-07
ACC-01211,Joseph Jones,Unknown,Residential,Small Business,Unknown,Manawatu-Whanganui,Free,59,0.0,Unassigned,2019-11-06
ACC-01212,James Hernandez,Unknown,Residential,Individual,Unknown,Wellington,Basic,58,42.83,Unassigned,2021-06-06
ACC-01214,Robert Martin,Alpha Services,Business,Small Business,Manufacturing,Canterbury,Premium,54,280.01,Mike Patterson,2019-08-15
ACC-01215,Charles Taylor,Unknown,Residential,Corporate,Unknown,Auckland,Basic,1,371.1,Mike Patterson,2018-10-29
ACC-01217,Mary Gonzalez,Island Tech,Business,Corporate,Manufacturing,Otago,Enterprise,23,519.46,Mike Patterson,2023-08-28
ACC-01218,Elizabeth Williams,Kiwi Construction,Business,Corporate,Retail,Bay of Plenty,Basic,41,76.18,Unassigned,2021-10-27
ACC-01219,Michael Taylor,Harbour Holdings,Business,Individual,Professional Services,Hawke's Bay,Basic,34,0.0,Unassigned,2023-10-14
ACC-01220,Sarah Davis,Apex Engineering,Business,Corporate,Transport & Logistics,Auckland,Basic,34,104.64,Unassigned,2021-03-17
ACC-01221,David Davis,Pacific Ltd,Business,Individual,Trades,Auckland,Basic,7,93.06,Unassigned,2019-04-08
ACC-01224,Barbara Lopez,Unknown,Residential,Corporate,Unknown,Auckland,Free,60,39.76,Unassigned,2021-06-09
ACC-01225,Linda Smith,Summit Engineering,Business,Corporate,Education,Canterbury,Enterprise,6,697.52,Mike Patterson,2018-04-04
ACC-01226,Charles Smith,Ridge Partners,Business,Small Business,Education,Auckland,Basic,1,235.91,Mike Patterson,2023-04-04
ACC-01227,Elizabeth Davis,Unknown,Residential,Individual,Unknown,Canterbury,Enterprise,18,385.31,Rob Thompson,2023-11-30
ACC-01229,Mary Miller,Frontier Construction,Business,Individual,Construction,Bay of Plenty,Basic,35,88.69,Unassigned,2019-07-20
ACC-01230,Mary Jones,Unknown,Residential,Individual,Unknown,Canterbury,Free,49,0.0,Unassigned,2023-08-22
ACC-01231,David Brown,Alpha Electrical,Business,Small Business,Education,Canterbury,Basic,3,0.0,Unassigned,2018-03-23
ACC-01232,John Martinez,Apex Legal,Business,Corporate,Healthcare,Auckland,Basic,52,0.0,Unassigned,2023-10-17
ACC-01233,Elizabeth Jones,Unknown,Residential,Corporate,Unknown,Waikato,Premium,36,144.01,Unassigned,2019-07-09
ACC-01235,James Thomas,Frontier Solutions,Business,Individual,Education,Wellington,Enterprise,35,0.0,Unassigned,2018-01-24
ACC-01236,Sarah Jones,Metro Electrical,Business,Small Business,Trades,Hawke's Bay,Enterprise,35,770.47,Rob Thompson,2020-04-22
ACC-01237,Charles Miller,Pacific Engineering,Business,Small Business,Construction,Auckland,Basic,2,752.29,Sarah Chen,2022-11-25
ACC-01238,Elizabeth Hernandez,Alpha Services,Business,Corporate,Retail,Canterbury,Premium,6,190.88,Rob Thompson,2019-08-01
ACC-01239,David Smith,Unknown,Residential,Small Business,Unknown,Auckland,Basic,60,40.57,Unassigned,2020-03-31
ACC-01241,Joseph Martinez,Southern Plumbing,Business,Individual,Education,Canterbury,Enterprise,14,806.6,Sarah Chen,2020-09-27
ACC-01242,Charles Gonzalez,Coastal Industries,Business,Small Business,Manufacturing,Otago,Enterprise,3,717.35,Sarah Chen,2020-12-11
ACC-01244,Jennifer Garcia,Unknown,Residential,Corporate,Unknown,Otago,Premium,11,38.33,Unassigned,2019-12-18
ACC-01245,Barbara Davis,Pacific Medical,Business,Corporate,Professional Services,Auckland,Enterprise,18,101.36,Unassigned,2023-10-28
ACC-01246,Elizabeth Anderson,Metro Enterprises,Business,Small Business,Retail,Wellington,Enterprise,12,838.85,Sarah Chen,2023-09-21
ACC-01247,William Rodriguez,Central Medical,Business,Small Business,Education,Auckland,Free,57,0.0,Unassigned,2021-06-29
ACC-01249,David Lopez,Unknown,Residential,Individual,Unknown,Canterbury,Enterprise,20,331.18,Mike Patterson,2019-10-20
ACC-01250,Barbara Lopez,Highland Services,Business,Corporate,Hospitality,Canterbury,Premium,27,271.95,Sarah Chen,2022-01-25
ACC-01251,David Martinez,Central Solutions,Business,Small Business,Construction,Taranaki,Basic,5,106.08,Unassigned,2023-03-01
ACC-01252,Linda Martin,Gateway Construction,Business,Small Business,Professional Services,Canterbury,Premium,11,217.62,Mike Patterson,2020-12-17
ACC-01253,Barbara Thomas,Peak Holdings,Business,Corporate,Retail,Bay of Plenty,Free,55,0.0,Unassigned,2021-10-17
ACC-01257,Elizabeth Taylor,Pacific Transport,Business,Individual,Retail,Bay of Plenty,Enterprise,22,850.91,Mike Patterson,2021-04-23
ACC-01258,Linda Davis,Coastal Ltd,Business,Corporate,Construction,Wellington,Free,21,0.0,Unassigned,2021-11-19
ACC-01260,Robert Jones,Ridge Tech,Business,Corporate,Hospitality,Manawatu-Whanganui,Free,8,0.0,Unassigned,2021-10-28
ACC-01262,James Williams,Kiwi Legal,Business,Small Business,Education,Auckland,Basic,33,231.79,Rob Thompson,2021-06-12
ACC-01264,Susan Jackson,Highland Ltd,Business,Small Business,Hospitality,Canterbury,Premium,6,210.55,Lisa Hartley,2019-01-23
ACC-01268,Joseph Williams,Pioneer Electrical,Business,Individual,Transport & Logistics,Wellington,Free,2,0.0,Unassigned,2023-01-08
ACC-01269,Richard Miller,Central Ltd,Business,Small Business,Healthcare,Taranaki,Basic,56,73.9,Unassigned,2019-12-28
ACC-01271,Jennifer Gonzalez,Unknown,Residential,Individual,Unknown,Waikato,Free,7,0.0,Unassigned,2018-05-18
ACC-01272,David Martinez,Metro Transport,Business,Individual,Transport & Logistics,Otago,Enterprise,19,403.72,Lisa Hartley,2021-12-06
ACC-01273,Elizabeth Johnson,Sterling Consulting,Business,Corporate,Retail,Auckland,Enterprise,3,568.53,Sarah Chen,2018-07-19
ACC-01275,Barbara Miller,Central Holdings,Business,Small Business,Retail,Auckland,Enterprise,29,894.38,Mike Patterson,2023-06-21
ACC-01278,Karen Lopez,Harbour Solutions,Business,Corporate,Manufacturing,Auckland,Free,20,0.0,Unassigned,2019-05-11
ACC-01280,Joseph Garcia,Unknown,Residential,Individual,Unknown,Wellington,Enterprise,22,300.99,Lisa Hartley,2020-03-26
ACC-01281,Karen Jones,Unknown,Residential,Individual,Unknown,Hawke's Bay,Enterprise,1,369.67,Rob Thompson,2018-10-04
ACC-01282,Barbara Rodriguez,Central Group,Business,Corporate,Retail,Canterbury,Enterprise,1,0.0,Unassigned,2018-04-17
ACC-01283,Barbara Moore,Summit Consulting,Business,Small Business,Education,Hawke's Bay,Free,7,0.0,Unassigned,2018-10-08
ACC-01285,Joseph Martinez,Highland Group,Business,Corporate,Hospitality,Auckland,Enterprise,43,618.39,Mike Patterson,2023-11-29
ACC-01287,Jennifer Davis,Unknown,Residential,Individual,Unknown,Auckland,Free,14,0.0,Unassigned,2019-01-24
ACC-01288,Barbara Gonzalez,Unknown,Residential,Individual,Unknown,Auckland,Premium,17,122.3,Rob Thompson,2018-03-10
ACC-01291,John Davis,Pacific Ltd,Business,Small Business,Retail,Northland,Premium,11,205.23,Lisa Hartley,2021-01-24
ACC-01294,Linda Jackson,Unknown,Residential,Individual,Unknown,Canterbury,Basic,38,43.7,Unassigned,2018-03-06
ACC-01295,Barbara Jones,Ridge Construction,Business,Corporate,Construction,Waikato,Basic,16,88.91,Unassigned,2023-10-05
ACC-01296,Linda Davis,Central Consulting,Business,Small Business,Hospitality,Wellington,Free,2,293.5,Rob Thompson,2020-04-12
ACC-01299,Mary Wilson,Highland Transport,Business,Corporate,Professional Services,Otago,Basic,21,70.95,Unassigned,2019-06-22
ACC-01300,Charles Davis,Unknown,Residential,Individual,Unknown,Canterbury,Basic,8,49.88,Unassigned,2019-01-16
ACC-01302,Elizabeth Garcia,Unknown,Residential,Small Business,Unknown,Auckland,Premium,28,0.0,Unassigned,2022-07-17
ACC-01305,Barbara Martinez,Southern Engineering,Business,Individual,Trades,Canterbury,Basic,25,84.6,Unassigned,2018-07-03
ACC-01306,Jennifer Martinez,Central Plumbing,Business,Small Business,Retail,Auckland,Basic,29,68.25,Unassigned,2020-08-09
ACC-01308,Karen Williams,Central Transport,Business,Corporate,Healthcare,Waikato,Basic,7,122.29,Mike Patterson,2022-10-04
ACC-01310,Barbara Williams,Summit Services,Business,Small Business,Professional Services,Canterbury,Basic,2,0.0,Unassigned,2020-12-08
ACC-01311,William Moore,Valley Enterprises,Business,Small Business,Education,Auckland,Basic,39,109.47,Unassigned,2019-06-17
ACC-01312,Barbara Davis,Peak Solutions,Business,Individual,Professional Services,Canterbury,Premium,39,166.29,Unassigned,2018-10-01
ACC-01313,John Moore,Peak Medical,Business,Corporate,Professional Services,Auckland,Premium,2,277.27,Mike Patterson,2018-07-07
ACC-01314,Elizabeth Thomas,Frontier Partners,Residential,Corporate,Unknown,Waikato,Enterprise,1,42.08,Unassigned,2018-09-04
ACC-01315,Robert Johnson,Pacific Holdings,Business,Corporate,Agriculture,Waikato,Enterprise,29,694.09,Rob Thompson,2021-08-31
ACC-01316,Barbara Davis,Northern Consulting,Residential,Individual,Unknown,Canterbury,Free,20,355.2,Lisa Hartley,2023-05-26
ACC-01317,William Wilson,Sterling Construction,Business,Corporate,Professional Services,Otago,Basic,3,96.86,Unassigned,2023-09-21
ACC-01318,Joseph Anderson,Highland Industries,Business,Small Business,Healthcare,Wellington,Enterprise,7,116.17,Unassigned,2020-06-30
ACC-01321,Linda Moore,Alpha Legal,Business,Small Business,Construction,Canterbury,Basic,22,86.77,Unassigned,2019-09-05
ACC-01322,Susan Brown,Valley Ltd,Business,Small Business,Trades,Nelson-Marlborough,Free,54,0.0,Unassigned,2023-04-16
ACC-01323,Barbara Johnson,Frontier Industries,Residential,Small Business,Unknown,Waikato,Premium,21,126.95,Mike Patterson,2022-08-24
ACC-01325,David Miller,Pioneer Systems,Business,Individual,Healthcare,Wellington,Basic,20,68.72,Unassigned,2020-03-19
ACC-01328,Barbara Brown,Unknown,Residential,Corporate,Unknown,Manawatu-Whanganui,Free,3,0.0,Unassigned,2023-06-23
ACC-01329,Barbara Brown,Valley Consulting,Business,Individual,Professional Services,Canterbury,Basic,14,77.94,Unassigned,2018-03-03
ACC-01330,Barbara Wilson,Metro Enterprises,Business,Small Business,Healthcare,Canterbury,Enterprise,19,672.43,Sarah Chen,2019-10-06
ACC-01331,James Brown,Unknown,Residential,Individual,Unknown,Canterbury,Free,2,0.0,Unassigned,2021-12-06
ACC-01332,John Gonzalez,Island Ltd,Business,Small Business,Professional Services,Canterbury,Enterprise,24,724.82,Rob Thompson,2019-10-25
ACC-01333,Jennifer Jackson,Valley Ltd,Business,Corporate,Hospitality,Canterbury,Free,23,259.39,Rob Thompson,2023-10-10
ACC-01334,Elizabeth Brown,Unknown,Residential,Small Business,Unknown,Canterbury,Free,17,0.0,Unassigned,2020-03-04
ACC-01335,Barbara Jackson,Sterling Logistics,Business,Corporate,Trades,Waikato,Free,6,96.98,Unassigned,2021-12-17
ACC-01336,Mary Miller,Coastal Industries,Business,Individual,Technology,Northland,Premium,18,193.73,Rob Thompson,2019-10-18
ACC-01337,Jessica Rodriguez,Unknown,Residential,Individual,Unknown,Canterbury,Basic,29,40.22,Unassigned,2018-04-27
ACC-01338,Richard Thomas,Unknown,Residential,Individual,Unknown,Wellington,Basic,10,56.76,Unassigned,2021-11-15
ACC-01342,Charles Martinez,Kiwi Holdings,Business,Small Business,Construction,Waikato,Free,12,0.0,Unassigned,2020-07-17
ACC-01343,Jessica Hernandez,Unknown,Residential,Small Business,Unknown,Wellington,Free,22,40.34,Unassigned,2022-06-29
ACC-01344,Charles Hernandez,Unknown,Residential,Individual,Unknown,Southland,Basic,24,47.55,Unassigned,2018-03-31
ACC-01345,Susan Miller,Harbour Consulting,Business,Small Business,Retail,Nelson-Marlborough,Basic,48,93.51,Unassigned,2021-06-03
ACC-01346,David Gonzalez,Northern Partners,Business,Small Business,Transport & Logistics,Auckland,Basic,12,78.44,Unassigned,2023-10-26
ACC-01348,Richard Williams,Coastal Industries,Business,Corporate,Retail,Canterbury,Enterprise,36,452.08,Sarah Chen,2021-09-04
ACC-01349,John Brown,Summit Transport,Business,Individual,Transport & Logistics,Wellington,Enterprise,16,0.0,Unassigned,2018-07-05
ACC-01350,Michael Johnson,Unknown,Residential,Individual,Unknown,Canterbury,Enterprise,33,391.18,Mike Patterson,2019-03-10
ACC-01351,David Anderson,Unknown,Residential,Individual,Unknown,Waikato,Basic,29,52.38,Unassigned,2022-08-08
ACC-01352,Charles Garcia,Unknown,Residential,Individual,Unknown,Northland,Premium,21,135.29,Unassigned,2018-03-21
ACC-01353,Barbara Wilson,Unknown,Residential,Corporate,Unknown,Waikato,Premium,53,131.06,Unassigned,2023-03-30
ACC-01354,Charles Rodriguez,Unknown,Residential,Individual,Unknown,Wellington,Premium,5,108.03,Unassigned,2022-05-16
ACC-01355,James Miller,Unknown,Residential,Individual,Unknown,Canterbury,Basic,20,53.54,Unassigned,2021-09-06
ACC-01356,David Thomas,Alpha Holdings,Business,Individual,Education,Auckland,Enterprise,2,439.08,Rob Thompson,2023-10-13
ACC-01357,Barbara Taylor,Highland Medical,Business,Individual,Retail,Canterbury,Basic,2,78.38,Unassigned,2021-04-30
ACC-01358,Thomas Lopez,Gateway Services,Business,Small Business,Construction,Hawke's Bay,Enterprise,57,433.33,Rob Thompson,2023-11-06
ACC-01360,John Wilson,Unknown,Residential,Individual,Unknown,Wellington,Free,48,0.0,Unassigned,2022-11-24
ACC-01361,Charles Anderson,Unknown,Residential,Small Business,Unknown,Southland,Free,5,41.01,Unassigned,2022-11-12
ACC-01364,Karen Anderson,Unknown,Residential,Individual,Unknown,Auckland,Free,35,94.87,Unassigned,2021-06-04
ACC-01365,Charles Taylor,Summit Logistics,Business,Small Business,Construction,Canterbury,Basic,7,49.23,Unassigned,2022-05-02
ACC-01366,Elizabeth Jones,Harbour Ltd,Business,Small Business,Professional Services,Bay of Plenty,Premium,46,199.3,Rob Thompson,2019-08-17
ACC-01367,Patricia Jones,Summit Electrical,Business,Small Business,Transport & Logistics,Auckland,Enterprise,45,712.72,Mike Patterson,2021-03-17
ACC-01368,Barbara Williams,Alpha Medical,Business,Individual,Construction,Auckland,Basic,21,56.24,Unassigned,2018-05-03
ACC-01369,William Anderson,Northern Legal,Business,Corporate,Professional Services,Canterbury,Enterprise,7,676.21,Sarah Chen,2022-01-06
ACC-01370,James Miller,Unknown,Residential,Corporate,Unknown,Canterbury,Premium,42,152.54,Unassigned,2020-02-08
ACC-01371,Joseph Moore,Unknown,Residential,Small Business,Unknown,Canterbury,Free,1,366.87,Mike Patterson,2019-09-22
ACC-01373,James Martinez,Pioneer Engineering,Business,Individual,Manufacturing,Waikato,Enterprise,3,698.84,Mike Patterson,2018-06-20
ACC-01374,Richard Garcia,Central Engineering,Business,Small Business,Professional Services,Auckland,Free,23,0.0,Unassigned,2022-10-19
ACC-01376,James Wilson,Coastal Medical,Business,Corporate,Education,Auckland,Basic,25,107.06,Unassigned,2019-01-20
ACC-01378,Robert Brown,Apex Partners,Business,Small Business,Retail,Otago,Premium,55,193.38,Unassigned,2022-08-04
ACC-01380,Jessica Miller,Unknown,Residential,Individual,Unknown,Bay of Plenty,Enterprise,51,309.14,Rob Thompson,2018-07-16
ACC-01381,Sarah Hernandez,Unknown,Residential,Corporate,Unknown,Auckland,Basic,2,42.88,Unassigned,2020-08-02
ACC-01383,Linda Lopez,Sterling Engineering,Business,Individual,Trades,Auckland,Free,28,65.85,Unassigned,2019-08-18
ACC-01385,Charles Brown,Pioneer Consulting,Business,Corporate,Trades,Canterbury,Enterprise,12,509.53,Lisa Hartley,2018-10-01
ACC-01386,James Davis,Island Ltd,Residential,Small Business,Unknown,Hawke's Bay,Enterprise,17,268.72,Rob Thompson,2021-01-07
ACC-01388,James Jones,Frontier Ltd,Business,Corporate,Professional Services,Bay of Plenty,Basic,22,65.35,Unassigned,2022-12-11
ACC-01389,Elizabeth Anderson,Unknown,Residential,Corporate,Unknown,Canterbury,Basic,2,47.12,Unassigned,2023-04-10
ACC-01391,Charles Johnson,Gateway Medical,Business,Individual,Professional Services,Southland,Free,7,0.0,Unassigned,2019-05-30
ACC-01394,Barbara Martinez,Unknown,Residential,Individual,Unknown,Waikato,Enterprise,21,372.27,Sarah Chen,2020-07-22
ACC-01396,Jennifer Jones,Southern Group,Business,Corporate,Trades,Auckland,Basic,11,213.31,Sarah Chen,2018-06-10
ACC-01399,Susan Garcia,Apex Ltd,Business,Individual,Professional Services,Auckland,Basic,5,86.26,Unassigned,2018-05-08
ACC-01402,Barbara Williams,Unknown,Residential,Individual,Unknown,Auckland,Enterprise,19,304.82,Rob Thompson,2021-10-18
ACC-01403,James Johnson,Northern Transport,Business,Corporate,Hospitality,Canterbury,Basic,8,0.0,Unassigned,2022-09-22
ACC-01404,Michael Taylor,Pacific Medical,Business,Corporate,Trades,Auckland,Basic,1,565.04,Sarah Chen,2019-07-08
ACC-01406,Charles Johnson,Unknown,Residential,Small Business,Unknown,Canterbury,Enterprise,42,273.99,Sarah Chen,2021-06-11
ACC-01407,Elizabeth Taylor,Harbour Dental,Business,Corporate,Construction,Auckland,Basic,18,90.72,Unassigned,2020-04-11
ACC-01408,Charles Miller,Island Logistics,Business,Small Business,Agriculture,Auckland,Premium,16,248.92,Sarah Chen,2023-08-01
ACC-01409,Jessica Martinez,Sterling Industries,Business,Individual,Healthcare,Wellington,Premium,1,251.09,Mike Patterson,2022-03-05
ACC-01410,Karen Taylor,Valley Industries,Business,Corporate,Retail,Northland,Free,37,0.0,Unassigned,2018-04-05
ACC-01414,Thomas Johnson,Kiwi Industries,Business,Corporate,Property Management,Canterbury,Premium,6,284.55,Sarah Chen,2019-10-09
ACC-01416,Charles Garcia,Unknown,Residential,Individual,Unknown,Auckland,Free,1,0.0,Unassigned,2021-07-05
ACC-01418,Barbara Martinez,Alpha Solutions,Business,Small Business,Trades,Auckland,Free,34,0.0,Unassigned,2022-11-11
ACC-01419,Susan Hernandez,Northern Holdings,Business,Corporate,Retail,Auckland,Free,37,0.0,Unassigned,2021-01-03
ACC-01420,Barbara Garcia,Unknown,Residential,Corporate,Unknown,Bay of Plenty,Free,35,371.37,Rob Thompson,2021-05-01
ACC-01425,Charles Jones,Unknown,Residential,Small Business,Unknown,Canterbury,Premium,60,115.3,Unassigned,2020-10-16
ACC-01426,Elizabeth Hernandez,Sterling Plumbing,Business,Corporate,Healthcare,Canterbury,Free,9,0.0,Unassigned,2023-05-01
ACC-01428,Jessica Smith,Unknown,Residential,Corporate,Unknown,Auckland,Basic,20,293.8,Mike Patterson,2019-07-24
ACC-01429,Elizabeth Lopez,Pioneer Group,Business,Corporate,Manufacturing,Canterbury,Enterprise,29,633.65,Rob Thompson,2021-07-03
ACC-01430,Barbara Jackson,Unknown,Residential,Individual,Unknown,Canterbury,Premium,2,389.61,Lisa Hartley,2018-08-08
ACC-01431,Linda Martin,Highland Medical,Business,Corporate,Manufacturing,Hawke's Bay,Free,23,0.0,Unassigned,2020-04-09
ACC-01434,Charles Johnson,Frontier Plumbing,Business,Corporate,Trades,Auckland,Free,6,303.52,Rob Thompson,2018-01-17
ACC-01435,Sarah Anderson,Southern Electrical,Business,Small Business,Retail,Canterbury,Basic,38,263.63,Mike Patterson,2022-03-31
ACC-01437,Susan Davis,Summit Medical,Business,Small Business,Professional Services,Nelson-Marlborough,Basic,12,69.74,Unassigned,2020-10-14
ACC-01438,James Miller,Pacific Legal,Business,Individual,Construction,Canterbury,Free,14,707.47,Rob Thompson,2023-10-24
ACC-01439,John Williams,Unknown,Residential,Individual,Unknown,Canterbury,Enterprise,44,339.18,Rob Thompson,2023-03-16
ACC-01440,Linda Gonzalez,Valley Legal,Business,Corporate,Construction,Auckland,Free,9,0.0,Unassigned,2022-04-27
ACC-01441,Jennifer Miller,Southern Electrical,Business,Corporate,Retail,Auckland,Premium,12,504.82,Rob Thompson,2019-07-27
ACC-01443,Linda Thomas,Unknown,Residential,Individual,Unknown,Auckland,Premium,45,131.66,Unassigned,2020-04-16
ACC-01444,Karen Thomas,Pioneer Engineering,Business,Individual,Healthcare,Auckland,Basic,34,14.33,Unassigned,2022-05-17
ACC-01445,Joseph Gonzalez,Valley Electrical,Business,Corporate,Healthcare,Auckland,Free,15,0.0,Unassigned,2021-11-02
ACC-01446,Michael Anderson,Ridge Construction,Business,Corporate,Retail,Canterbury,Enterprise,22,780.47,Rob Thompson,2023-04-21
ACC-01447,Elizabeth Taylor,Unknown,Residential,Individual,Unknown,Canterbury,Basic,18,42.68,Unassigned,2018-04-29
ACC-01448,James Thomas,Unknown,Residential,Corporate,Unknown,Auckland,Premium,11,43.07,Unassigned,2023-11-19
ACC-01449,Elizabeth Garcia,Unknown,Residential,Corporate,Unknown,Canterbury,Enterprise,6,43.56,Unassigned,2021-08-21
ACC-01451,Patricia Taylor,Coastal Consulting,Business,Corporate,Construction,Waikato,Free,39,0.0,Unassigned,2021-04-23
ACC-01452,Karen Miller,Pioneer Electrical,Business,Corporate,Construction,Waikato,Free,25,0.0,Unassigned,2018-04-07
ACC-01453,Barbara Wilson,Sterling Plumbing,Business,Corporate,Agriculture,Otago,Enterprise,1,158.85,Unassigned,2022-06-16
ACC-01454,Sarah Thomas,Unknown,Residential,Individual,Unknown,Auckland,Enterprise,32,359.56,Rob Thompson,2021-05-14
ACC-01456,Barbara Martinez,Unknown,Residential,Individual,Unknown,Canterbury,Enterprise,57,0.0,Unassigned,2020-11-05
ACC-01457,David Jackson,Unknown,Residential,Individual,Unknown,Canterbury,Free,17,0.0,Unassigned,2019-10-23
ACC-01458,Charles Smith,Northern Solutions,Business,Corporate,Hospitality,Canterbury,Basic,35,55.07,Unassigned,2021-03-01
ACC-01462,Jessica Thomas,Alpha Logistics,Business,Small Business,Education,Waikato,Basic,6,55.07,Unassigned,2021-04-16
ACC-01465,Joseph Wilson,Unknown,Residential,Individual,Unknown,Canterbury,Premium,7,0.0,Unassigned,2018-03-26
ACC-01467,Charles Garcia,Harbour Engineering,Business,Small Business,Trades,Wellington,Enterprise,15,287.38,Rob Thompson,2023-01-16
ACC-01468,Sarah Jones,Southern Engineering,Business,Corporate,Hospitality,Auckland,Enterprise,41,450.47,Lisa Hartley,2018-07-31
ACC-01469,Charles Martin,Apex Industries,Business,Corporate,Trades,Auckland,Enterprise,5,85.31,Unassigned,2020-11-01
ACC-01470,Susan Martin,Ridge Industries,Business,Corporate,Construction,Waikato,Premium,40,236.9,Rob Thompson,2020-10-22
ACC-01471,Patricia Miller,Pacific Engineering,Business,Corporate,Professional Services,Canterbury,Premium,12,344.95,Mike Patterson,2020-06-12
ACC-01472,Michael Brown,Kiwi Holdings,Business,Corporate,Trades,Southland,Basic,19,262.56,Rob Thompson,2020-05-24
ACC-01473,Barbara Taylor,Peak Transport,Business,Small Business,Retail,Canterbury,Premium,36,122.66,Unassigned,2019-04-30
ACC-01476,John Hernandez,Gateway Medical,Business,Small Business,Professional Services,Wellington,Enterprise,58,730.3,Rob Thompson,2021-02-01
ACC-01477,Linda Jackson,Alpha Plumbing,Business,Corporate,Healthcare,Canterbury,Free,32,0.0,Unassigned,2021-10-15
ACC-01478,David Hernandez,Metro Dental,Business,Corporate,Transport & Logistics,Canterbury,Free,9,0.0,Unassigned,2018-06-13
ACC-01479,Charles Lopez,Frontier Engineering,Business,Individual,Construction,Waikato,Basic,12,69.36,Unassigned,2020-06-02
ACC-01480,Robert Davis,Summit Engineering,Business,Individual,Manufacturing,Auckland,Free,33,13.51,Unassigned,2018-06-06
ACC-01482,Robert Williams,Unknown,Residential,Individual,Unknown,Canterbury,Premium,10,139.68,Unassigned,2021-02-27
ACC-01483,Joseph Rodriguez,Coastal Logistics,Business,Corporate,Education,Auckland,Basic,18,75.98,Unassigned,2018-10-23
ACC-01488,Karen Davis,Unknown,Residential,Individual,Unknown,Canterbury,Basic,59,53.59,Unassigned,2022-07-22
ACC-01489,Karen Gonzalez,Ridge Medical,Residential,Individual,Unknown,Bay of Plenty,Free,20,0.0,Unassigned,2018-05-31
ACC-01490,Charles Johnson,Apex Consulting,Business,Individual,Healthcare,Wellington,Free,15,0.0,Unassigned,2018-01-16
ACC-01491,Jennifer Johnson,Coastal Holdings,Business,Small Business,Professional Services,Auckland,Basic,14,96.24,Unassigned,2023-07-19
ACC-01492,Susan Jackson,Alpha Electrical,Business,Small Business,Hospitality,Canterbury,Premium,28,142.12,Unassigned,2019-05-06
ACC-01496,James Hernandez,Frontier Plumbing,Business,Corporate,Retail,Bay of Plenty,Free,47,186.58,Unassigned,2023-02-20
ACC-01497,Karen Smith,Unknown,Residential,Individual,Unknown,Canterbury,Premium,4,134.04,Unassigned,2020-06-10
ACC-01499,Jennifer Johnson,Unknown,Residential,Corporate,Unknown,Hawke's Bay,Basic,40,115.66,Unassigned,2020-05-31
ACC-01500,Barbara Garcia,Sterling Enterprises,Business,Individual,Construction,Canterbury,Premium,8,149.71,Lisa Hartley,2020-11-21
ACC-01505,Elizabeth Miller,Valley Electrical,Business,Small Business,Professional Services,Auckland,Premium,34,254.89,Sarah Chen,2020-01-26
ACC-01507,John Miller,Unknown,Residential,Individual,Unknown,Bay of Plenty,Basic,14,46.29,Unassigned,2023-02-19
ACC-01509,Linda Rodriguez,Unknown,Residential,Individual,Unknown,Hawke's Bay,Free,10,0.0,Unassigned,2021-10-21
ACC-01510,Barbara Martin,Highland Services,Business,Small Business,Retail,Waikato,Basic,51,681.33,Lisa Hartley,2023-02-28
ACC-01511,Elizabeth Gonzalez,Pioneer Ltd,Business,Corporate,Trades,Auckland,Free,7,0.0,Unassigned,2022-02-16
ACC-01512,Barbara Moore,Unknown,Residential,Corporate,Unknown,Canterbury,Free,33,0.0,Unassigned,2019-02-07
ACC-01513,Charles Anderson,Island Group,Business,Individual,Construction,Canterbury,Free,6,640.45,Sarah Chen,2018-01-07
ACC-01514,David Garcia,Kiwi Construction,Business,Corporate,Retail,Otago,Enterprise,25,640.57,Rob Thompson,2020-11-25
ACC-01515,James Miller,Island Plumbing,Business,Small Business,Manufacturing,Nelson-Marlborough,Free,20,11.21,Unassigned,2022-01-16
ACC-01518,David Martinez,Frontier Dental,Business,Individual,Construction,Otago,Basic,1,72.97,Unassigned,2020-02-23
ACC-01519,Michael Martin,Sterling Consulting,Business,Corporate,Trades,Auckland,Free,36,0.0,Unassigned,2021-03-11
ACC-01520,Elizabeth Thomas,Unknown,Residential,Individual,Unknown,Canterbury,Enterprise,3,0.0,Unassigned,2019-12-04
ACC-01521,Jessica Taylor,Summit Services,Business,Corporate,Education,Auckland,Basic,37,63.99,Unassigned,2023-01-15
ACC-01522,Charles Johnson,Peak Ltd,Business,Corporate,Professional Services,Southland,Free,4,75.99,Unassigned,2018-08-18
ACC-01523,Robert Davis,Unknown,Residential,Individual,Unknown,Wellington,Free,31,0.0,Unassigned,2022-08-09
ACC-01526,Charles Martin,Unknown,Residential,Individual,Unknown,Otago,Basic,18,46.37,Unassigned,2022-03-25
ACC-01529,Robert Smith,Frontier Dental,Business,Corporate,Professional Services,Auckland,Basic,33,91.43,Unassigned,2023-05-10
ACC-01531,Jessica Hernandez,Southern Transport,Business,Corporate,Trades,Hawke's Bay,Enterprise,18,579.48,Sarah Chen,2018-03-14
ACC-01532,Richard Jones,Highland Construction,Business,Corporate,Construction,Canterbury,Free,18,0.0,Unassigned,2019-08-10
ACC-01533,Charles Gonzalez,Central Consulting,Business,Small Business,Construction,Auckland,Premium,1,248.11,Sarah Chen,2020-04-05
ACC-01538,Mary Rodriguez,Unknown,Residential,Individual,Unknown,Otago,Free,8,0.0,Unassigned,2018-03-18
ACC-01540,Joseph Taylor,Unknown,Residential,Individual,Unknown,Wellington,Basic,22,42.1,Unassigned,2021-07-23
ACC-01541,Barbara Rodriguez,Summit Logistics,Business,Individual,Trades,Waikato,Basic,20,458.81,Mike Patterson,2023-01-22
ACC-01542,Charles Jackson,Valley Engineering,Business,Small Business,Professional Services,Bay of Plenty,Free,44,0.0,Unassigned,2018-01-19
ACC-01544,William Rodriguez,Central Dental,Business,Corporate,Retail,Otago,Enterprise,32,488.01,Sarah Chen,2020-06-13
ACC-01545,Jennifer Hernandez,Unknown,Residential,Individual,Unknown,Wellington,Enterprise,9,333.32,Lisa Hartley,2021-10-15
ACC-01546,Patricia Lopez,Pioneer Medical,Business,Corporate,Trades,Canterbury,Basic,58,78.46,Unassigned,2019-05-19
ACC-01547,Elizabeth Lopez,Central Engineering,Business,Corporate,Construction,Auckland,Basic,16,64.33,Unassigned,2022-08-15
ACC-01548,Jennifer Hernandez,Unknown,Residential,Individual,Unknown,Canterbury,Basic,31,0.0,Unassigned,2022-09-24
ACC-01550,Elizabeth Wilson,Alpha Services,Business,Individual,Retail,Auckland,Basic,6,0.0,Unassigned,2023-10-06
ACC-01551,Barbara Gonzalez,Unknown,Residential,Individual,Unknown,Auckland,Premium,58,0.0,Unassigned,2023-05-07
ACC-01552,John Lopez,Ridge Group,Business,Corporate,Construction,Wellington,Free,2,0.0,Unassigned,2020-10-29
ACC-01554,Jessica Anderson,Valley Partners,Business,Corporate,Retail,Wellington,Basic,6,185.9,Unassigned,2020-02-12
ACC-01556,Susan Hernandez,Southern Systems,Business,Small Business,Construction,Canterbury,Enterprise,19,440.79,Lisa Hartley,2020-09-08
ACC-01557,Sarah Anderson,Northern Construction,Business,Individual,Construction,Wellington,Enterprise,35,638.95,Mike Patterson,2023-04-07
ACC-01559,James Brown,Central Electrical,Business,Small Business,Professional Services,Bay of Plenty,Basic,35,66.2,Unassigned,2020-10-03
ACC-01560,Jessica Miller,Unknown,Residential,Individual,Unknown,Manawatu-Whanganui,Enterprise,6,0.0,Unassigned,2023-07-24
ACC-01563,Elizabeth Wilson,Unknown,Residential,Corporate,Unknown,Canterbury,Enterprise,9,313.69,Rob Thompson,2019-06-27
ACC-01565,Barbara Jackson,Unknown,Residential,Corporate,Unknown,Otago,Enterprise,32,97.92,Unassigned,2022-11-01
ACC-01566,Karen Thomas,Unknown,Residential,Small Business,Unknown,Canterbury,Basic,26,46.75,Unassigned,2018-09-16
ACC-01567,Jennifer Anderson,Unknown,Residential,Individual,Unknown,Canterbury,Premium,2,126.24,Unassigned,2020-04-25
ACC-01569,James Moore,Unknown,Residential,Individual,Unknown,Canterbury,Free,40,0.0,Unassigned,2019-08-29
ACC-01570,Richard Wilson,Kiwi Industries,Business,Corporate,Professional Services,Canterbury,Free,41,0.0,Unassigned,2021-04-10
ACC-01571,Sarah Rodriguez,Summit Electrical,Business,Corporate,Retail,Canterbury,Enterprise,50,790.74,Mike Patterson,2021-01-13
ACC-01573,Barbara Lopez,Unknown,Residential,Individual,Unknown,Hawke's Bay,Basic,13,50.08,Unassigned,2018-07-13
ACC-01574,Linda Williams,Kiwi Systems,Business,Corporate,Transport & Logistics,Bay of Plenty,Enterprise,1,612.46,Mike Patterson,2022-01-27
ACC-01576,David Williams,Unknown,Residential,Individual,Unknown,Wellington,Free,39,99.1,Unassigned,2018-07-27
ACC-01577,Linda Garcia,Ridge Holdings,Business,Small Business,Trades,Bay of Plenty,Premium,8,227.83,Sarah Chen,2019-05-15
ACC-01578,David Johnson,Unknown,Residential,Individual,Unknown,Bay of Plenty,Free,58,0.0,Unassigned,2020-02-02
ACC-01579,Charles Martin,Pacific Tech,Business,Small Business,Professional Services,Canterbury,Basic,45,109.51,Rob Thompson,2018-08-23
ACC-01581,Charles Gonzalez,Unknown,Residential,Individual,Unknown,Auckland,Basic,10,334.15,Rob Thompson,2023-04-12
ACC-01582,James Wilson,Peak Tech,Business,Small Business,Construction,Wellington,Free,7,0.0,Unassigned,2018-09-25
ACC-01583,Thomas Anderson,Unknown,Residential,Individual,Unknown,Hawke's Bay,Basic,22,0.0,Unassigned,2020-02-15
ACC-01584,Jennifer Jackson,Highland Enterprises,Business,Corporate,Construction,Canterbury,Premium,18,266.74,Sarah Chen,2022-03-04
ACC-01585,Barbara Williams,Coastal Industries,Business,Individual,Construction,Hawke's Bay,Enterprise,14,515.21,Lisa Hartley,2018-04-30
ACC-01587,Elizabeth Gonzalez,Frontier Tech,Residential,Small Business,Unknown,Manawatu-Whanganui,Basic,13,124.89,Mike Patterson,2018-04-17
ACC-01589,Jennifer Williams,Harbour Consulting,Business,Corporate,Retail,Southland,Basic,12,67.64,Unassigned,2019-05-03
ACC-01590,Linda Moore,Frontier Electrical,Business,Corporate,Trades,Auckland,Basic,5,265.64,Rob Thompson,2022-03-22
ACC-01591,Linda Martin,Unknown,Residential,Individual,Unknown,Canterbury,Enterprise,5,0.0,Unassigned,2020-12-01
ACC-01592,Jennifer Smith,Unknown,Residential,Corporate,Unknown,Otago,Free,60,326.74,Sarah Chen,2021-11-12
ACC-01593,Sarah Martinez,Unknown,Residential,Individual,Unknown,Canterbury,Free,51,0.0,Unassigned,2023-01-08
ACC-01595,Barbara Lopez,Pacific Group,Business,Small Business,Retail,Wellington,Basic,11,111.86,Unassigned,2023-10-31
ACC-01596,Barbara Garcia,Pioneer Engineering,Business,Individual,Construction,Auckland,Basic,20,113.2,Unassigned,2022-03-16
ACC-01600,Charles Hernandez,Sterling Plumbing,Business,Corporate,Healthcare,Waikato,Basic,9,0.0,Unassigned,2018-11-13
ACC-01601,Richard Anderson,Unknown,Residential,Individual,Unknown,Auckland,Free,51,0.0,Unassigned,2020-06-15
ACC-01604,Linda Rodriguez,Unknown,Residential,Corporate,Unknown,Canterbury,Enterprise,4,0.0,Unassigned,2023-09-29
ACC-01605,David Johnson,Unknown,Residential,Corporate,Unknown,Manawatu-Whanganui,Basic,16,34.32,Unassigned,2023-03-28
ACC-01607,Mary Lopez,Unknown,Residential,Individual,Unknown,Bay of Plenty,Free,44,0.0,Unassigned,2022-07-02
ACC-01608,Barbara Rodriguez,Coastal Solutions,Business,Individual,Retail,Auckland,Enterprise,6,439.04,Lisa Hartley,2022-11-14
ACC-01609,Elizabeth Miller,Pacific Enterprises,Business,Small Business,Trades,Auckland,Premium,32,191.12,Sarah Chen,2022-11-10
ACC-01610,Joseph Martinez,Southern Holdings,Business,Individual,Construction,Waikato,Premium,2,244.3,Mike Patterson,2018-05-16
ACC-01611,David Martin,Harbour Construction,Business,Corporate,Education,Canterbury,Free,3,0.0,Unassigned,2022-02-15
ACC-01613,David Lopez,Unknown,Residential,Individual,Unknown,Auckland,Enterprise,38,284.51,Rob Thompson,2020-06-26
ACC-01615,Susan Brown,Unknown,Residential,Individual,Unknown,Auckland,Free,58,0.0,Unassigned,2019-06-12
ACC-01616,Susan Smith,Sterling Medical,Business,Corporate,Retail,Auckland,Enterprise,45,783.07,Mike Patterson,2021-03-05
ACC-01617,Elizabeth Thomas,Kiwi Medical,Business,Corporate,Education,Wellington,Free,50,0.0,Unassigned,2020-07-14
ACC-01618,David Martinez,Pioneer Solutions,Business,Corporate,Professional Services,Canterbury,Premium,11,187.29,Unassigned,2022-12-06
ACC-01624,Barbara Jackson,Pacific Systems,Business,Individual,Education,Canterbury,Premium,24,341.39,Rob Thompson,2022-11-19
ACC-01626,Thomas Garcia,Unknown,Residential,Individual,Unknown,Bay of Plenty,Premium,2,102.29,Unassigned,2023-05-22
ACC-01629,David Garcia,Apex Legal,Business,Corporate,Retail,Canterbury,Basic,39,78.88,Unassigned,2018-05-25
ACC-01631,Charles Johnson,Unknown,Residential,Corporate,Unknown,Canterbury,Enterprise,1,260.26,Sarah Chen,2019-06-30
ACC-01634,Joseph Martin,Peak Partners,Business,Corporate,Education,Canterbury,Basic,27,114.86,Unassigned,2019-07-20
ACC-01635,Charles Taylor,Unknown,Residential,Individual,Unknown,Manawatu-Whanganui,Basic,17,319.25,Lisa Hartley,2019-09-28
ACC-01637,Robert Wilson,Unknown,Residential,Individual,Unknown,Hawke's Bay,Free,26,0.0,Unassigned,2022-02-08
ACC-01639,Charles Moore,Peak Logistics,Business,Corporate,Construction,Hawke's Bay,Premium,14,0.0,Unassigned,2018-02-14
ACC-01640,Jennifer Johnson,Metro Electrical,Business,Corporate,Education,Bay of Plenty,Premium,11,287.92,Lisa Hartley,2018-06-25
ACC-01642,Jennifer Rodriguez,Unknown,Residential,Small Business,Unknown,Bay of Plenty,Premium,1,407.98,Sarah Chen,2021-10-21
ACC-01644,Patricia Anderson,Central Solutions,Business,Corporate,Agriculture,Waikato,Enterprise,21,177.44,Unassigned,2019-02-27
ACC-01645,Mary Johnson,Pioneer Ltd,Business,Small Business,Retail,Taranaki,Free,51,0.0,Unassigned,2020-07-10
ACC-01646,Patricia Gonzalez,Gateway Medical,Business,Small Business,Retail,Auckland,Premium,55,243.31,Sarah Chen,2023-01-07
ACC-01647,Mary Miller,Unknown,Residential,Individual,Unknown,Waikato,Free,4,0.0,Unassigned,2022-05-28
ACC-01648,Jennifer Gonzalez,Harbour Medical,Business,Corporate,Healthcare,Canterbury,Free,33,0.0,Unassigned,2018-12-11
ACC-01649,Jennifer Lopez,Unknown,Residential,Corporate,Unknown,Wellington,Free,33,264.61,Sarah Chen,2022-12-18
ACC-01651,Mary Gonzalez,Island Plumbing,Business,Small Business,Hospitality,Canterbury,Premium,56,317.4,Rob Thompson,2018-06-10
ACC-01653,Jennifer Smith,Unknown,Residential,Individual,Unknown,Canterbury,Free,9,0.0,Unassigned,2021-12-16
ACC-01655,David Miller,Highland Plumbing,Business,Corporate,Transport & Logistics,Bay of Plenty,Free,9,0.0,Unassigned,2023-01-02
ACC-01656,Barbara Rodriguez,Unknown,Residential,Corporate,Unknown,Bay of Plenty,Basic,58,0.0,Unassigned,2023-09-22
ACC-01657,Mary Lopez,Apex Solutions,Business,Corporate,Property Management,Nelson-Marlborough,Basic,28,88.72,Unassigned,2021-01-11
ACC-01658,Mary Williams,Apex Logistics,Business,Small Business,Professional Services,Bay of Plenty,Free,46,0.0,Unassigned,2023-11-07
ACC-01659,Jessica Smith,Metro Holdings,Business,Small Business,Education,Otago,Enterprise,2,748.49,Rob Thompson,2021-07-13
ACC-01661,Jessica Garcia,Gateway Electrical,Business,Corporate,Construction,Taranaki,Enterprise,24,903.58,Rob Thompson,2023-08-10
ACC-01663,Charles Martinez,Kiwi Consulting,Business,Corporate,Professional Services,Canterbury,Enterprise,59,533.53,Sarah Chen,2019-07-05
ACC-01665,David Miller,Kiwi Engineering,Business,Individual,Retail,Wellington,Premium,18,277.43,Lisa Hartley,2022-06-16
ACC-01666,Barbara Davis,Gateway Construction,Business,Corporate,Professional Services,Otago,Premium,40,223.96,Lisa Hartley,2020-05-07
ACC-01668,Robert Moore,Ridge Enterprises,Business,Corporate,Trades,Otago,Enterprise,56,433.17,Rob Thompson,2022-09-10
ACC-01670,Linda Jones,Southern Dental,Business,Corporate,Professional Services,Auckland,Basic,11,767.24,Rob Thompson,2018-04-13
ACC-01671,Joseph Davis,Apex Partners,Business,Corporate,Healthcare,Canterbury,Free,3,0.0,Unassigned,2022-05-11
ACC-01672,David Miller,Peak Tech,Business,Corporate,Transport & Logistics,Wellington,Basic,1,60.34,Unassigned,2019-07-26
ACC-01673,David Smith,Metro Dental,Business,Corporate,Retail,Canterbury,Enterprise,21,0.0,Unassigned,2023-12-21
ACC-01674,Elizabeth Martin,Metro Industries,Business,Individual,Trades,Otago,Basic,2,58.65,Unassigned,2023-11-11
ACC-01675,Mary Davis,Unknown,Residential,Individual,Unknown,Canterbury,Premium,48,104.33,Unassigned,2021-12-25
ACC-01676,Patricia Gonzalez,Summit Ltd,Business,Corporate,Hospitality,Wellington,Basic,4,61.95,Unassigned,2019-02-08
ACC-01677,Jennifer Johnson,Coastal Solutions,Business,Small Business,Trades,Waikato,Enterprise,21,435.79,Rob Thompson,2023-06-16
ACC-01678,Jessica Smith,Gateway Engineering,Business,Individual,Trades,Bay of Plenty,Enterprise,22,0.0,Unassigned,2022-07-10
ACC-01679,William Brown,Metro Construction,Business,Small Business,Agriculture,Otago,Enterprise,48,613.59,Sarah Chen,2019-03-03
ACC-01680,Linda Jackson,Southern Consulting,Business,Small Business,Retail,Nelson-Marlborough,Free,33,0.0,Unassigned,2018-07-31
ACC-01682,Linda Williams,Unknown,Residential,Small Business,Unknown,Nelson-Marlborough,Enterprise,15,441.4,Sarah Chen,2018-01-22
ACC-01683,James Anderson,Unknown,Residential,Individual,Unknown,Canterbury,Premium,55,127.36,Lisa Hartley,2022-03-18
ACC-01684,Jessica Hernandez,Peak Holdings,Business,Small Business,Professional Services,Canterbury,Enterprise,54,600.47,Mike Patterson,2018-10-16
ACC-01686,Elizabeth Hernandez,Unknown,Residential,Individual,Unknown,Canterbury,Free,5,51.5,Unassigned,2020-06-15
ACC-01687,Mary Brown,Unknown,Residential,Individual,Unknown,Waikato,Free,21,17.01,Unassigned,2022-04-24
ACC-01689,Mary Taylor,Gateway Solutions,Business,Corporate,Construction,Hawke's Bay,Basic,39,103.62,Sarah Chen,2019-05-26
ACC-01693,Elizabeth Martinez,Central Plumbing,Business,Corporate,Construction,Canterbury,Basic,26,63.42,Unassigned,2022-12-21
ACC-01696,James Thomas,Unknown,Residential,Small Business,Unknown,Wellington,Basic,4,53.1,Unassigned,2023-08-16
ACC-01699,Robert Brown,Unknown,Residential,Small Business,Unknown,Canterbury,Premium,6,388.47,Lisa Hartley,2021-11-16
ACC-01701,Mary Gonzalez,Southern Plumbing,Business,Individual,Property Management,Wellington,Enterprise,20,487.02,Rob Thompson,2021-12-22
ACC-01702,Charles Brown,Unknown,Residential,Individual,Unknown,Taranaki,Premium,10,112.51,Sarah Chen,2018-05-03
ACC-01703,Charles Rodriguez,Harbour Legal,Business,Small Business,Trades,Wellington,Enterprise,53,519.16,Rob Thompson,2019-06-05
ACC-01704,James Miller,Unknown,Residential,Individual,Unknown,Canterbury,Free,41,0.0,Unassigned,2022-01-28
ACC-01705,Linda Martinez,Unknown,Residential,Corporate,Unknown,Canterbury,Enterprise,3,117.6,Unassigned,2021-12-18
ACC-01707,Michael Wilson,Highland Partners,Business,Small Business,Construction,Otago,Premium,18,161.44,Unassigned,2020-11-21
ACC-01708,Susan Hernandez,Gateway Plumbing,Business,Corporate,Hospitality,Hawke's Bay,Premium,18,322.95,Sarah Chen,2018-06-03
ACC-01709,Mary Wilson,Metro Systems,Business,Small Business,Retail,Auckland,Basic,13,58.42,Unassigned,2022-09-25
ACC-01710,Sarah Jones,Coastal Solutions,Business,Corporate,Trades,Waikato,Enterprise,46,210.44,Lisa Hartley,2018-07-22
ACC-01711,Barbara Gonzalez,Frontier Electrical,Business,Corporate,Professional Services,Southland,Premium,23,231.4,Lisa Hartley,2019-07-07
ACC-01713,Elizabeth Martinez,Unknown,Residential,Individual,Unknown,Auckland,Enterprise,35,264.64,Lisa Hartley,2021-05-26
ACC-01714,Barbara Davis,Northern Industries,Business,Corporate,Retail,Nelson-Marlborough,Basic,5,70.54,Unassigned,2023-09-09
ACC-01716,Barbara Thomas,Pacific Ltd,Business,Small Business,Manufacturing,Canterbury,Free,8,281.6,Lisa Hartley,2022-01-02
ACC-01719,Barbara Wilson,Central Dental,Business,Small Business,Manufacturing,Auckland,Basic,20,91.07,Unassigned,2019-11-17
ACC-01723,Robert Williams,Valley Logistics,Business,Small Business,Construction,Auckland,Free,45,0.0,Unassigned,2020-07-12
ACC-01724,Charles Hernandez,Southern Systems,Business,Corporate,Hospitality,Northland,Premium,55,144.97,Rob Thompson,2021-08-21
ACC-01725,Charles Brown,Unknown,Residential,Individual,Unknown,Canterbury,Enterprise,11,251.98,Lisa Hartley,2020-07-13
ACC-01728,Sarah Gonzalez,Metro Logistics,Business,Small Business,Transport & Logistics,Canterbury,Free,2,285.83,Lisa Hartley,2023-07-11
ACC-01729,Richard Johnson,Harbour Solutions,Business,Corporate,Construction,Bay of Plenty,Enterprise,26,422.35,Rob Thompson,2023-06-12
ACC-01730,Linda Moore,Pacific Plumbing,Business,Small Business,Professional Services,Canterbury,Basic,44,59.24,Unassigned,2021-02-28
ACC-01731,John Rodriguez,Unknown,Residential,Individual,Unknown,Canterbury,Premium,11,118.61,Sarah Chen,2018-03-08
ACC-01732,David Smith,Central Legal,Residential,Corporate,Unknown,Otago,Free,8,112.51,Unassigned,2021-04-04
ACC-01733,Mary Thomas,Pacific Industries,Business,Corporate,Trades,Northland,Basic,23,69.36,Unassigned,2018-10-19
ACC-01734,Sarah Garcia,Peak Electrical,Business,Small Business,Trades,Wellington,Enterprise,22,692.29,Mike Patterson,2019-03-13
ACC-01735,Jessica Gonzalez,Unknown,Residential,Corporate,Unknown,Nelson-Marlborough,Premium,37,134.38,Unassigned,2019-04-01
ACC-01736,Elizabeth Taylor,Unknown,Residential,Individual,Unknown,Auckland,Enterprise,22,0.0,Unassigned,2020-08-19
ACC-01737,Barbara Anderson,Unknown,Residential,Individual,Unknown,Canterbury,Free,2,128.69,Unassigned,2021-10-30
ACC-01740,Elizabeth Martinez,Unknown,Residential,Individual,Unknown,Canterbury,Enterprise,23,0.0,Unassigned,2021-02-11
ACC-01743,Michael Miller,Unknown,Residential,Corporate,Unknown,Canterbury,Enterprise,31,115.08,Unassigned,2022-11-28
ACC-01745,Charles Brown,Unknown,Residential,Corporate,Unknown,Taranaki,Free,35,0.0,Unassigned,2018-07-14
ACC-01746,Jessica Anderson,Ridge Transport,Business,Individual,Hospitality,Wellington,Free,14,232.63,Sarah Chen,2023-04-03
ACC-01747,Charles Taylor,Alpha Dental,Business,Small Business,Healthcare,Canterbury,Premium,60,228.54,Sarah Chen,2018-09-18
ACC-01749,Joseph Moore,Unknown,Residential,Corporate,Unknown,Auckland,Basic,2,35.12,Unassigned,2020-10-19
ACC-01750,Karen Jackson,Metro Consulting,Business,Individual,Construction,Wellington,Enterprise,2,213.47,Lisa Hartley,2022-08-17
ACC-01751,Michael Rodriguez,Unknown,Residential,Corporate,Unknown,Auckland,Basic,45,40.79,Unassigned,2023-09-17
ACC-01752,John Brown,Peak Legal,Residential,Individual,Unknown,Canterbury,Enterprise,33,335.8,Mike Patterson,2020-02-14
ACC-01753,Sarah Gonzalez,Unknown,Residential,Individual,Unknown,Wellington,Basic,52,48.98,Unassigned,2022-05-30
ACC-01754,Barbara Jackson,Unknown,Residential,Individual,Unknown,Bay of Plenty,Basic,33,42.98,Unassigned,2018-11-29
ACC-01755,Jennifer Hernandez,Ridge Dental,Business,Individual,Healthcare,Auckland,Free,13,0.0,Unassigned,2020-09-08
ACC-01756,Barbara Thomas,Unknown,Residential,Corporate,Unknown,Auckland,Premium,8,387.37,Lisa Hartley,2023-10-02
ACC-01757,Richard Jones,Island Consulting,Business,Small Business,Transport & Logistics,Auckland,Basic,17,100.97,Unassigned,2021-05-09
ACC-01758,Richard Taylor,Northern Dental,Business,Corporate,Healthcare,Hawke's Bay,Premium,17,273.51,Sarah Chen,2020-07-04
ACC-01759,Karen Lopez,Unknown,Residential,Individual,Unknown,Auckland,Enterprise,30,0.0,Unassigned,2021-07-29
ACC-01760,Richard Jackson,Summit Consulting,Business,Small Business,Manufacturing,Wellington,Premium,13,178.37,Unassigned,2023-10-26
ACC-01762,James Rodriguez,Highland Consulting,Business,Small Business,Trades,Waikato,Basic,5,58.61,Unassigned,2020-08-26
ACC-01763,Karen Thomas,Unknown,Residential,Small Business,Unknown,Auckland,Basic,41,40.56,Unassigned,2021-06-23
ACC-01767,Barbara Taylor,Ridge Medical,Business,Corporate,Construction,Auckland,Basic,11,57.67,Unassigned,2018-12-06
ACC-01769,Mary Garcia,Kiwi Engineering,Business,Small Business,Retail,Canterbury,Enterprise,26,709.45,Lisa Hartley,2020-04-14
ACC-01770,Joseph Lopez,Alpha Transport,Business,Corporate,Healthcare,Auckland,Premium,42,185.97,Unassigned,2020-04-17
ACC-01772,John Hernandez,Alpha Partners,Business,Small Business,Hospitality,Hawke's Bay,Basic,29,97.05,Unassigned,2018-01-06
ACC-01773,Charles Smith,Gateway Electrical,Business,Small Business,Retail,Waikato,Enterprise,29,0.0,Unassigned,2018-02-22
ACC-01774,Charles Gonzalez,Central Transport,Business,Corporate,Manufacturing,Waikato,Enterprise,12,727.09,Rob Thompson,2018-04-26
ACC-01775,James Martinez,Southern Medical,Business,Corporate,Professional Services,Wellington,Basic,14,478.75,Mike Patterson,2021-12-12
ACC-01777,Michael Rodriguez,Unknown,Residential,Corporate,Unknown,Wellington,Basic,10,0.0,Unassigned,2023-03-16
ACC-01778,Barbara Williams,Summit Systems,Business,Small Business,Agriculture,Wellington,Enterprise,34,962.73,Sarah Chen,2019-03-02
ACC-01779,James Martinez,Summit Systems,Business,Small Business,Retail,Wellington,Enterprise,29,500.64,Sarah Chen,2023-02-14
ACC-01780,Robert Taylor,Peak Plumbing,Business,Small Business,Retail,Auckland,Enterprise,48,532.66,Rob Thompson,2022-08-11
ACC-01782,Barbara Rodriguez,Unknown,Residential,Individual,Unknown,Taranaki,Enterprise,60,37.0,Unassigned,2021-06-02
ACC-01784,James Lopez,Harbour Industries,Business,Corporate,Education,Hawke's Bay,Enterprise,23,633.17,Lisa Hartley,2021-04-20
ACC-01785,Robert Jackson,Unknown,Residential,Individual,Unknown,Waikato,Basic,20,42.53,Unassigned,2023-09-23
ACC-01786,David Williams,Highland Transport,Business,Individual,Education,Auckland,Free,15,161.86,Rob Thompson,2021-05-10
ACC-01787,James Lopez,Sterling Engineering,Business,Individual,Healthcare,Auckland,Enterprise,22,586.4,Rob Thompson,2023-04-09
ACC-01788,Joseph Smith,Unknown,Residential,Small Business,Unknown,Wellington,Premium,45,127.83,Rob Thompson,2023-08-23
ACC-01789,Karen Lopez,Gateway Medical,Business,Corporate,Construction,Auckland,Basic,29,671.32,Mike Patterson,2020-03-13
ACC-01790,Joseph Moore,Highland Solutions,Business,Corporate,Agriculture,Otago,Basic,14,463.23,Lisa Hartley,2019-09-02
ACC-01792,Thomas Thomas,Unknown,Residential,Individual,Unknown,Wellington,Free,33,0.0,Unassigned,2020-11-10
ACC-01793,Charles Martin,Unknown,Residential,Individual,Unknown,Waikato,Free,30,0.0,Unassigned,2022-05-03
ACC-01795,William Johnson,Peak Construction,Business,Corporate,Healthcare,Waikato,Enterprise,58,971.79,Mike Patterson,2021-04-13
ACC-01801,Charles Davis,Unknown,Residential,Individual,Unknown,Wellington,Free,6,0.0,Unassigned,2020-02-24
ACC-01802,Charles Martin,Alpha Holdings,Business,Individual,Manufacturing,Canterbury,Premium,6,138.81,Unassigned,2023-02-04
ACC-01803,David Lopez,Apex Holdings,Business,Corporate,Construction,Canterbury,Basic,24,79.39,Unassigned,2023-01-08
ACC-01804,Patricia Jones,Coastal Industries,Business,Corporate,Retail,Manawatu-Whanganui,Basic,6,62.75,Unassigned,2019-07-02
ACC-01805,Linda Moore,Apex Construction,Business,Small Business,Trades,Bay of Plenty,Free,5,751.48,Sarah Chen,2020-04-26
ACC-01806,Susan Davis,Unknown,Residential,Individual,Unknown,Canterbury,Basic,54,43.18,Unassigned,2019-08-30
ACC-01807,Linda Jones,Unknown,Residential,Individual,Unknown,Canterbury,Enterprise,32,338.03,Mike Patterson,2019-06-05
ACC-01808,Richard Jackson,Peak Engineering,Business,Small Business,Construction,Canterbury,Premium,32,335.38,Lisa Hartley,2022-05-06
ACC-01809,Patricia Miller,Unknown,Residential,Corporate,Unknown,Wellington,Basic,16,0.0,Unassigned,2019-01-14
ACC-01811,Michael Lopez,Unknown,Residential,Individual,Unknown,Wellington,Enterprise,24,301.31,Mike Patterson,2022-05-11
ACC-01812,Susan Miller,Unknown,Residential,Individual,Unknown,Otago,Basic,11,47.92,Unassigned,2021-08-17
ACC-01815,John Martinez,Central Industries,Business,Corporate,Construction,Auckland,Basic,48,895.1,Sarah Chen,2021-12-23
ACC-01816,Jennifer Martin,Summit Group,Business,Small Business,Healthcare,Auckland,Premium,19,530.83,Sarah Chen,2019-02-22
ACC-01818,Charles Lopez,Northern Enterprises,Business,Small Business,Education,Canterbury,Basic,5,596.24,Mike Patterson,2020-08-20
ACC-01819,William Smith,Alpha Logistics,Business,Corporate,Trades,Otago,Free,4,0.0,Unassigned,2019-01-06
ACC-01823,Charles Lopez,Ridge Holdings,Business,Corporate,Construction,Manawatu-Whanganui,Premium,49,303.86,Mike Patterson,2019-05-02
ACC-01824,Joseph Wilson,Coastal Tech,Business,Small Business,Retail,Otago,Free,47,0.0,Unassigned,2023-05-23
ACC-01826,John Brown,Unknown,Residential,Individual,Unknown,Waikato,Premium,2,144.79,Unassigned,2018-09-11
ACC-01828,Charles Martinez,Northern Services,Business,Corporate,Transport & Logistics,Auckland,Premium,23,0.0,Unassigned,2018-07-15
ACC-01829,Elizabeth Martin,Unknown,Residential,Corporate,Unknown,Canterbury,Basic,45,469.41,Mike Patterson,2020-03-26
ACC-01831,Jennifer Brown,Unknown,Residential,Small Business,Unknown,Otago,Premium,3,119.2,Unassigned,2019-11-13
ACC-01832,Richard Wilson,Unknown,Residential,Corporate,Unknown,Canterbury,Enterprise,33,143.63,Lisa Hartley,2018-08-27
ACC-01834,Elizabeth Smith,Unknown,Residential,Small Business,Unknown,Canterbury,Basic,14,39.65,Unassigned,2018-01-13
ACC-01835,Jessica Gonzalez,Unknown,Residential,Individual,Unknown,Canterbury,Free,1,0.0,Unassigned,2021-08-05
ACC-01836,Charles Davis,Kiwi Tech,Business,Corporate,Retail,Hawke's Bay,Basic,15,65.88,Unassigned,2018-01-17
ACC-01839,Barbara Martinez,Unknown,Residential,Individual,Unknown,Wellington,Basic,18,393.26,Lisa Hartley,2021-02-19
ACC-01840,Jennifer Moore,Peak Plumbing,Business,Corporate,Education,Auckland,Premium,6,253.98,Lisa Hartley,2020-08-21
ACC-01841,James Moore,Harbour Holdings,Business,Corporate,Construction,Canterbury,Basic,2,101.39,Unassigned,2018-12-20
ACC-01842,David Jones,Unknown,Residential,Individual,Unknown,Otago,Premium,10,170.62,Unassigned,2021-10-05
ACC-01843,Elizabeth Moore,Pioneer Tech,Business,Small Business,Construction,Otago,Enterprise,31,390.75,Sarah Chen,2020-08-02
ACC-01844,William Rodriguez,Pioneer Medical,Business,Small Business,Professional Services,Waikato,Enterprise,19,506.0,Mike Patterson,2019-11-13
ACC-01845,James Moore,Northern Consulting,Business,Individual,Manufacturing,Canterbury,Free,45,245.82,Mike Patterson,2023-04-23
ACC-01846,John Jackson,Unknown,Residential,Individual,Unknown,Wellington,Basic,6,52.49,Unassigned,2019-06-04
ACC-01848,Richard Rodriguez,Unknown,Residential,Individual,Unknown,Canterbury,Enterprise,19,132.71,Unassigned,2020-03-18
ACC-01849,Susan Williams,Island Solutions,Business,Individual,Professional Services,Auckland,Free,57,82.07,Unassigned,2020-12-29
ACC-01850,Barbara Lopez,Unknown,Residential,Individual,Unknown,Canterbury,Enterprise,1,292.73,Lisa Hartley,2023-09-02
ACC-01851,Sarah Rodriguez,Unknown,Residential,Individual,Unknown,Otago,Free,40,25.62,Unassigned,2023-01-21
ACC-01852,William Garcia,Central Partners,Residential,Individual,Unknown,Auckland,Basic,16,34.42,Unassigned,2021-05-29
ACC-01853,Jessica Lopez,Unknown,Residential,Individual,Unknown,Hawke's Bay,Basic,3,347.29,Sarah Chen,2018-01-10
ACC-01854,James Martin,Unknown,Residential,Corporate,Unknown,Canterbury,Free,23,0.0,Unassigned,2021-04-28
ACC-01855,Charles Davis,Island Ltd,Business,Small Business,Hospitality,Northland,Premium,28,265.71,Rob Thompson,2018-01-24
ACC-01857,David Smith,Ridge Electrical,Business,Corporate,Technology,Waikato,Basic,26,103.08,Mike Patterson,2019-01-18
ACC-01858,Elizabeth Brown,Unknown,Residential,Individual,Unknown,Canterbury,Enterprise,34,146.15,Unassigned,2020-06-22
ACC-01859,Michael Wilson,Central Group,Business,Corporate,Manufacturing,Canterbury,Premium,3,0.0,Unassigned,2021-12-11
ACC-01860,David Garcia,Unknown,Residential,Individual,Unknown,Auckland,Basic,33,105.96,Unassigned,2018-03-25
ACC-01861,Elizabeth Wilson,Coastal Transport,Business,Corporate,Construction,Otago,Free,47,0.0,Unassigned,2020-03-05
ACC-01862,Charles Thomas,Frontier Services,Business,Corporate,Healthcare,Canterbury,Basic,30,84.71,Unassigned,2020-11-02
ACC-01863,Patricia Taylor,Pioneer Legal,Business,Corporate,Professional Services,Hawke's Bay,Basic,49,111.01,Mike Patterson,2021-06-04
ACC-01864,Karen Rodriguez,Unknown,Residential,Individual,Unknown,Canterbury,Basic,16,0.0,Unassigned,2019-07-17
ACC-01865,John Miller,Unknown,Residential,Corporate,Unknown,Canterbury,Premium,45,57.82,Unassigned,2022-07-03
ACC-01866,David Jackson,Unknown,Residential,Corporate,Unknown,Taranaki,Basic,24,362.21,Lisa Hartley,2018-12-22
ACC-01867,John Gonzalez,Unknown,Residential,Small Business,Unknown,Canterbury,Free,40,12.23,Unassigned,2022-08-26
ACC-01870,James Taylor,Unknown,Residential,Individual,Unknown,Auckland,Enterprise,5,345.68,Sarah Chen,2019-10-23
ACC-01871,Barbara Taylor,Gateway Electrical,Residential,Corporate,Unknown,Otago,Basic,1,49.75,Unassigned,2023-11-03
ACC-01872,Susan Garcia,Southern Holdings,Business,Corporate,Trades,Wellington,Free,4,0.0,Unassigned,2023-02-17
ACC-01873,Michael Williams,Unknown,Residential,Individual,Unknown,Canterbury,Basic,46,18.76,Unassigned,2023-01-01
ACC-01874,Elizabeth Williams,Pioneer Engineering,Business,Corporate,Healthcare,Auckland,Basic,1,227.59,Mike Patterson,2021-03-02
ACC-01877,Mary Jones,Unknown,Residential,Individual,Unknown,Otago,Enterprise,11,395.05,Lisa Hartley,2021-10-25
ACC-01878,Michael Miller,Unknown,Residential,Individual,Unknown,Wellington,Free,55,0.0,Unassigned,2023-05-06
ACC-01879,Robert Brown,Unknown,Residential,Corporate,Unknown,Canterbury,Enterprise,29,0.0,Unassigned,2020-01-24
ACC-01881,David Anderson,Pioneer Electrical,Business,Corporate,Professional Services,Canterbury,Basic,51,113.5,Unassigned,2020-10-30
ACC-01882,Charles Smith,Unknown,Residential,Individual,Unknown,Canterbury,Free,1,0.0,Unassigned,2019-11-21
ACC-01883,Patricia Davis,Kiwi Services,Business,Small Business,Construction,Auckland,Basic,39,69.63,Unassigned,2022-12-08
ACC-01884,David Moore,Ridge Group,Business,Corporate,Manufacturing,Auckland,Enterprise,5,920.8,Lisa Hartley,2023-02-19
ACC-01885,Jessica Anderson,Unknown,Residential,Individual,Unknown,Canterbury,Free,38,24.3,Unassigned,2018-04-03
ACC-01886,Barbara Jackson,Unknown,Residential,Corporate,Unknown,Taranaki,Basic,13,0.0,Unassigned,2019-09-05
ACC-01889,Jessica Hernandez,Southern Legal,Business,Individual,Hospitality,Auckland,Basic,3,89.13,Unassigned,2022-05-22
ACC-01890,Barbara Brown,Valley Engineering,Residential,Small Business,Unknown,Taranaki,Basic,8,43.77,Unassigned,2020-06-21
ACC-01892,Thomas Lopez,Unknown,Residential,Individual,Unknown,Canterbury,Enterprise,9,380.27,Rob Thompson,2022-09-03
ACC-01893,Barbara Smith,Southern Logistics,Business,Corporate,Education,Auckland,Basic,11,167.96,Unassigned,2021-01-17
ACC-01894,Joseph Anderson,Unknown,Residential,Individual,Unknown,Hawke's Bay,Enterprise,13,0.0,Unassigned,2020-08-06
ACC-01895,Mary Moore,Highland Transport,Business,Small Business,Manufacturing,Canterbury,Premium,49,170.74,Unassigned,2020-09-06
ACC-01896,David Gonzalez,Kiwi Solutions,Business,Corporate,Retail,Hawke's Bay,Enterprise,39,454.58,Sarah Chen,2022-04-08
ACC-01899,Michael Gonzalez,Ridge Partners,Business,Corporate,Retail,Auckland,Basic,7,88.58,Unassigned,2020-07-02
ACC-01900,Barbara Gonzalez,Unknown,Residential,Corporate,Unknown,Canterbury,Enterprise,11,133.78,Unassigned,2022-12-30
ACC-01902,Patricia Gonzalez,Southern Construction,Business,Corporate,Technology,Taranaki,Basic,18,69.5,Unassigned,2021-10-13
ACC-01903,Barbara Garcia,Highland Tech,Business,Corporate,Construction,Waikato,Basic,14,194.97,Unassigned,2019-10-24
ACC-01905,Jessica Jackson,Pioneer Legal,Business,Corporate,Construction,Hawke's Bay,Basic,21,68.91,Unassigned,2018-08-23
ACC-01906,Richard Rodriguez,Unknown,Residential,Individual,Unknown,Southland,Basic,14,42.15,Unassigned,2023-04-29
ACC-01907,Charles Lopez,Unknown,Residential,Individual,Unknown,Canterbury,Free,50,0.0,Unassigned,2019-05-05
ACC-01908,Charles Davis,Alpha Systems,Residential,Small Business,Unknown,Auckland,Enterprise,41,307.59,Mike Patterson,2018-04-19
ACC-01909,Patricia Gonzalez,Unknown,Residential,Individual,Unknown,Canterbury,Enterprise,4,422.17,Mike Patterson,2018-04-22
ACC-01910,Joseph Brown,Unknown,Residential,Individual,Unknown,Auckland,Premium,38,142.73,Unassigned,2022-12-31
ACC-01912,Jennifer Wilson,Frontier Electrical,Business,Individual,Professional Services,Canterbury,Basic,5,743.58,Rob Thompson,2021-11-06
ACC-01913,Barbara Garcia,Unknown,Residential,Corporate,Unknown,Waikato,Enterprise,12,40.0,Unassigned,2020-11-28
ACC-01915,Sarah Taylor,Ridge Systems,Business,Corporate,Hospitality,Canterbury,Enterprise,26,771.1,Rob Thompson,2020-05-09
ACC-01916,Karen Brown,Southern Ltd,Business,Corporate,Education,Canterbury,Free,3,0.0,Unassigned,2023-08-25
ACC-01917,Mary Gonzalez,Island Ltd,Business,Small Business,Education,Southland,Enterprise,16,68.01,Unassigned,2018-08-29
ACC-01918,Barbara Martin,Unknown,Residential,Small Business,Unknown,Canterbury,Basic,16,41.36,Unassigned,2022-08-16
ACC-01920,Jennifer Moore,Alpha Plumbing,Business,Individual,Education,Canterbury,Free,24,0.0,Unassigned,2021-12-03
ACC-01924,William Jones,Frontier Engineering,Business,Corporate,Manufacturing,Southland,Free,24,22.99,Unassigned,2023-11-20
ACC-01925,Jessica Gonzalez,Valley Electrical,Business,Small Business,Education,Hawke's Bay,Premium,4,0.0,Unassigned,2018-03-29
ACC-01931,Mary Jackson,Gateway Construction,Business,Corporate,Healthcare,Otago,Basic,53,77.5,Unassigned,2018-10-14
ACC-01932,John Martinez,Harbour Enterprises,Business,Corporate,Transport & Logistics,Hawke's Bay,Free,11,15.25,Unassigned,2019-01-09
ACC-01933,Joseph Hernandez,Pioneer Construction,Business,Corporate,Healthcare,Bay of Plenty,Enterprise,49,742.66,Rob Thompson,2020-03-11
ACC-01934,William Taylor,Sterling Logistics,Business,Small Business,Technology,Waikato,Premium,13,231.15,Rob Thompson,2018-12-25
ACC-01935,Charles Garcia,Pioneer Medical,Business,Corporate,Hospitality,Canterbury,Basic,1,557.81,Lisa Hartley,2021-12-29
ACC-01936,Charles Taylor,Pioneer Legal,Business,Small Business,Retail,Auckland,Enterprise,6,0.0,Unassigned,2020-07-16
ACC-01937,Patricia Davis,Unknown,Residential,Individual,Unknown,Waikato,Free,1,0.0,Unassigned,2021-12-03
ACC-01938,David Wilson,Pacific Consulting,Business,Small Business,Trades,Canterbury,Free,47,0.0,Unassigned,2018-04-05
ACC-01942,Sarah Anderson,Ridge Legal,Business,Small Business,Trades,Canterbury,Basic,3,90.48,Unassigned,2018-11-24
ACC-01943,James Wilson,Pioneer Electrical,Business,Individual,Construction,Waikato,Enterprise,10,777.69,Sarah Chen,2019-07-16
ACC-01945,Charles Anderson,Northern Dental,Business,Individual,Healthcare,Auckland,Enterprise,7,0.0,Unassigned,2021-11-12
ACC-01948,Charles Garcia,Sterling Construction,Business,Corporate,Agriculture,Canterbury,Basic,45,606.13,Sarah Chen,2020-08-16
ACC-01950,Joseph Garcia,Unknown,Residential,Corporate,Unknown,Wellington,Premium,16,107.68,Unassigned,2021-04-30
ACC-01952,Jennifer Martinez,Unknown,Residential,Individual,Unknown,Bay of Plenty,Free,40,0.0,Unassigned,2019-06-30
ACC-01953,Jessica Jackson,Northern Construction,Business,Small Business,Professional Services,Canterbury,Free,31,0.0,Unassigned,2018-02-05
ACC-01954,Linda Miller,Unknown,Residential,Individual,Unknown,Canterbury,Enterprise,28,269.23,Rob Thompson,2021-07-18
ACC-01955,Charles Williams,Unknown,Residential,Small Business,Unknown,Auckland,Basic,46,403.85,Rob Thompson,2022-09-05
ACC-01956,Barbara Davis,Island Medical,Business,Corporate,Retail,Canterbury,Enterprise,26,222.93,Rob Thompson,2023-02-14
ACC-01957,Elizabeth Brown,Peak Solutions,Business,Corporate,Retail,Canterbury,Free,35,0.0,Unassigned,2023-12-26
ACC-01959,Mary Gonzalez,Southern Ltd,Business,Corporate,Construction,Bay of Plenty,Free,33,0.0,Unassigned,2020-04-12
ACC-01960,David Rodriguez,Highland Legal,Business,Small Business,Healthcare,Wellington,Free,1,0.0,Unassigned,2022-02-03
ACC-01961,Michael Wilson,Central Tech,Business,Small Business,Hospitality,Auckland,Basic,8,106.15,Unassigned,2021-04-08
ACC-01962,Barbara Moore,Coastal Systems,Business,Small Business,Hospitality,Canterbury,Premium,44,305.32,Sarah Chen,2023-10-15
ACC-01963,Elizabeth Lopez,Sterling Engineering,Business,Individual,Trades,Taranaki,Basic,51,0.0,Unassigned,2019-07-25
ACC-01965,Elizabeth Martin,Metro Enterprises,Business,Corporate,Retail,Wellington,Basic,12,67.8,Unassigned,2020-11-20
ACC-01966,Joseph Brown,Pacific Consulting,Business,Corporate,Technology,Auckland,Enterprise,39,733.09,Mike Patterson,2019-08-02
ACC-01970,David Thomas,Unknown,Residential,Individual,Unknown,Hawke's Bay,Enterprise,60,346.32,Mike Patterson,2021-02-01
ACC-01971,Mary Johnson,Unknown,Residential,Small Business,Unknown,Wellington,Premium,11,124.98,Unassigned,2021-05-17
ACC-01972,Jessica Jones,Apex Tech,Business,Corporate,Professional Services,Wellington,Basic,35,65.97,Unassigned,2023-01-28
ACC-01975,Sarah Hernandez,Unknown,Residential,Individual,Unknown,Waikato,Premium,55,129.08,Unassigned,2021-10-10
ACC-01976,Richard Lopez,Northern Engineering,Business,Corporate,Professional Services,Bay of Plenty,Enterprise,9,0.0,Unassigned,2020-10-21
ACC-01977,Elizabeth Wilson,Unknown,Residential,Individual,Unknown,Bay of Plenty,Premium,48,137.68,Unassigned,2020-01-12
ACC-01978,Charles Gonzalez,Valley Systems,Business,Small Business,Agriculture,Hawke's Bay,Enterprise,16,692.3,Lisa Hartley,2021-10-12
ACC-01979,Joseph Jones,Apex Partners,Business,Small Business,Technology,Auckland,Enterprise,27,720.42,Lisa Hartley,2022-04-02
ACC-01980,John Williams,Summit Partners,Business,Small Business,Retail,Otago,Basic,2,112.64,Unassigned,2019-02-05
ACC-01982,Charles Davis,Ridge Transport,Business,Small Business,Professional Services,Waikato,Enterprise,5,574.39,Rob Thompson,2022-09-27
ACC-01987,Barbara Martin,Unknown,Residential,Corporate,Unknown,Otago,Basic,4,39.57,Unassigned,2018-02-15
ACC-01988,John Taylor,Unknown,Residential,Individual,Unknown,Auckland,Basic,28,45.48,Unassigned,2021-02-24
ACC-01990,Charles Gonzalez,Harbour Transport,Business,Corporate,Construction,Wellington,Premium,31,164.67,Unassigned,2019-09-27
ACC-01991,Michael Wilson,Sterling Services,Business,Corporate,Hospitality,Canterbury,Basic,9,204.27,Sarah Chen,2022-02-16
ACC-01992,Elizabeth Martin,Unknown,Residential,Small Business,Unknown,Otago,Enterprise,13,337.71,Sarah Chen,2022-07-11
ACC-01993,Susan Smith,Valley Holdings,Business,Individual,Manufacturing,Canterbury,Enterprise,52,793.45,Rob Thompson,2022-07-19
ACC-01994,John Wilson,Unknown,Residential,Individual,Unknown,Waikato,Basic,8,41.07,Unassigned,2020-07-30
ACC-01995,Elizabeth Gonzalez,Metro Industries,Business,Corporate,Professional Services,Canterbury,Basic,33,122.83,Rob Thompson,2020-12-13
ACC-01996,Barbara Martinez,Southern Transport,Business,Corporate,Healthcare,Manawatu-Whanganui,Enterprise,9,0.0,Unassigned,2021-04-24
ACC-01997,Charles Wilson,Unknown,Residential,Individual,Unknown,Bay of Plenty,Premium,5,124.42,Sarah Chen,2018-08-08
ACC-01999,Linda Johnson,Unknown,Residential,Individual,Unknown,Bay of Plenty,Free,54,0.0,Unassigned,2018-01-28
ACC-02003,David Hernandez,Highland Transport,Business,Individual,Transport & Logistics,Northland,Premium,12,190.79,Unassigned,2021-04-24
ACC-02004,Patricia Davis,Southern Construction,Business,Small Business,Education,Canterbury,Enterprise,12,602.77,Lisa Hartley,2023-12-07
ACC-02005,Sarah Anderson,Harbour Medical,Business,Corporate,Construction,Auckland,Enterprise,16,900.93,Sarah Chen,2020-12-16
ACC-02006,James Brown,Unknown,Residential,Individual,Unknown,Waikato,Basic,11,302.47,Mike Patterson,2022-05-15
ACC-02007,James Garcia,Metro Partners,Business,Small Business,Manufacturing,Canterbury,Premium,46,187.06,Unassigned,2023-05-29
ACC-02008,John Lopez,Coastal Construction,Business,Small Business,Healthcare,Canterbury,Basic,24,68.16,Unassigned,2018-02-24
ACC-02009,Barbara Hernandez,Sterling Construction,Business,Corporate,Professional Services,Canterbury,Basic,39,808.22,Sarah Chen,2020-10-06
ACC-02011,James Taylor,Gateway Systems,Business,Small Business,Construction,Canterbury,Premium,30,167.08,Unassigned,2021-08-14
ACC-02013,Barbara Smith,Unknown,Residential,Corporate,Unknown,Wellington,Enterprise,25,42.2,Unassigned,2018-06-16
ACC-02014,Jennifer Moore,Sterling Plumbing,Business,Corporate,Retail,Otago,Premium,12,196.63,Unassigned,2020-11-15
ACC-02015,Elizabeth Jackson,Island Industries,Business,Corporate,Hospitality,Waikato,Enterprise,15,623.51,Sarah Chen,2023-09-19
ACC-02018,Jessica Miller,Valley Group,Business,Corporate,Healthcare,Wellington,Basic,2,95.55,Unassigned,2021-09-28
ACC-02019,David Martinez,Ridge Medical,Business,Corporate,Trades,Nelson-Marlborough,Premium,48,285.65,Mike Patterson,2018-10-24
ACC-02020,Patricia Martinez,Apex Construction,Business,Corporate,Agriculture,Hawke's Bay,Free,9,0.0,Unassigned,2021-04-08
ACC-02021,James Garcia,Apex Group,Business,Corporate,Manufacturing,Otago,Premium,17,194.74,Unassigned,2021-07-11
ACC-02022,Charles Smith,Unknown,Residential,Corporate,Unknown,Taranaki,Enterprise,12,0.0,Unassigned,2019-02-15
ACC-02023,William Moore,Kiwi Medical,Business,Corporate,Trades,Northland,Basic,3,261.62,Mike Patterson,2018-10-24
ACC-02025,Jennifer Jackson,Unknown,Residential,Individual,Unknown,Manawatu-Whanganui,Enterprise,8,255.51,Rob Thompson,2019-02-18
ACC-02026,Thomas Martinez,Unknown,Residential,Individual,Unknown,Bay of Plenty,Basic,56,41.14,Unassigned,2018-11-02
ACC-02028,Barbara Lopez,Alpha Industries,Business,Corporate,Healthcare,Wellington,Premium,43,219.8,Rob Thompson,2019-08-22
ACC-02029,Michael Garcia,Summit Holdings,Business,Corporate,Agriculture,Auckland,Free,27,0.0,Unassigned,2023-03-21
ACC-02030,Robert Hernandez,Pacific Construction,Business,Small Business,Construction,Auckland,Enterprise,54,635.89,Mike Patterson,2018-08-17
ACC-02031,Barbara Davis,Unknown,Residential,Corporate,Unknown,Wellington,Basic,31,46.14,Unassigned,2019-12-10
ACC-02032,Jennifer Gonzalez,Unknown,Residential,Individual,Unknown,Auckland,Basic,4,363.05,Rob Thompson,2019-03-29
ACC-02033,Joseph Moore,Harbour Medical,Business,Small Business,Trades,Bay of Plenty,Basic,3,75.83,Unassigned,2019-03-25
ACC-02034,Thomas Anderson,Kiwi Construction,Business,Small Business,Manufacturing,Otago,Basic,4,0.0,Unassigned,2019-07-28
ACC-02035,Elizabeth Moore,Ridge Medical,Business,Individual,Construction,Wellington,Free,13,0.0,Unassigned,2021-10-08
ACC-02036,Mary Hernandez,Valley Systems,Business,Corporate,Retail,Waikato,Basic,50,87.31,Unassigned,2023-06-10
ACC-02037,John Martinez,Unknown,Residential,Individual,Unknown,Wellington,Enterprise,37,301.38,Mike Patterson,2023-03-29
ACC-02040,Linda Jackson,Central Systems,Business,Corporate,Retail,Northland,Basic,5,87.42,Unassigned,2023-04-29
ACC-02041,Charles Lopez,Unknown,Residential,Individual,Unknown,Canterbury,Enterprise,26,343.23,Mike Patterson,2022-10-02
ACC-02045,Charles Rodriguez,Unknown,Residential,Corporate,Unknown,Nelson-Marlborough,Premium,26,0.0,Unassigned,2020-01-22
ACC-02046,Jennifer Martin,Coastal Transport,Business,Individual,Education,Canterbury,Enterprise,7,486.82,Mike Patterson,2019-01-12
ACC-02049,Charles Gonzalez,Northern Enterprises,Business,Corporate,Construction,Auckland,Basic,12,556.42,Rob Thompson,2020-12-25
ACC-02051,Elizabeth Jackson,Unknown,Residential,Small Business,Unknown,Auckland,Enterprise,8,0.0,Unassigned,2020-01-01
ACC-02052,James Garcia,Sterling Transport,Business,Individual,Trades,Otago,Enterprise,34,914.06,Sarah Chen,2018-05-08
ACC-02054,Barbara Thomas,Unknown,Residential,Corporate,Unknown,Taranaki,Basic,5,32.52,Unassigned,2023-03-03
ACC-02055,Jessica Jones,Unknown,Residential,Small Business,Unknown,Waikato,Enterprise,45,413.47,Lisa Hartley,2018-08-31
ACC-02057,James Moore,Unknown,Residential,Individual,Unknown,Wellington,Free,43,0.0,Unassigned,2018-03-05
ACC-02058,Richard Miller,Kiwi Ltd,Business,Corporate,Agriculture,Hawke's Bay,Basic,53,65.86,Unassigned,2021-11-22
ACC-02059,Michael Lopez,Gateway Group,Business,Small Business,Construction,Wellington,Basic,36,65.0,Unassigned,2022-05-20
ACC-02062,Jennifer Gonzalez,Frontier Engineering,Business,Small Business,Construction,Waikato,Premium,4,268.82,Lisa Hartley,2018-06-04
ACC-02063,David Garcia,Unknown,Residential,Corporate,Unknown,Auckland,Premium,25,103.42,Unassigned,2023-12-21
ACC-02064,Richard Martinez,Ridge Enterprises,Business,Corporate,Manufacturing,Taranaki,Enterprise,10,756.6,Sarah Chen,2023-04-14
ACC-02065,Robert Moore,Unknown,Residential,Individual,Unknown,Hawke's Bay,Enterprise,9,278.16,Sarah Chen,2018-11-19
ACC-02067,Linda Jackson,Metro Electrical,Business,Small Business,Construction,Canterbury,Free,60,0.0,Unassigned,2020-03-07
ACC-02068,Joseph Gonzalez,Metro Enterprises,Business,Small Business,Healthcare,Waikato,Free,3,0.0,Unassigned,2019-04-05
ACC-02069,John Williams,Pacific Industries,Business,Corporate,Retail,Auckland,Premium,28,267.74,Lisa Hartley,2023-12-26
ACC-02070,Linda Williams,Unknown,Residential,Individual,Unknown,Wellington,Free,16,0.0,Unassigned,2020-01-16
ACC-02071,David Wilson,Highland Construction,Business,Small Business,Trades,Auckland,Enterprise,9,236.68,Rob Thompson,2023-11-04
ACC-02073,Jessica Davis,Unknown,Residential,Individual,Unknown,Canterbury,Basic,26,46.32,Unassigned,2019-02-25
ACC-02074,Barbara Taylor,Coastal Medical,Business,Individual,Trades,Otago,Basic,25,246.4,Rob Thompson,2019-08-12
ACC-02075,Barbara Johnson,Alpha Group,Business,Individual,Trades,Auckland,Premium,8,72.55,Unassigned,2018-02-07
ACC-02076,David Brown,Apex Services,Business,Corporate,Construction,Bay of Plenty,Free,10,0.0,Unassigned,2023-11-06
ACC-02079,Patricia Moore,Apex Holdings,Business,Small Business,Education,Manawatu-Whanganui,Enterprise,19,662.47,Lisa Hartley,2022-02-22
ACC-02080,David Johnson,Pacific Systems,Business,Corporate,Professional Services,Otago,Basic,6,92.84,Unassigned,2020-03-16
ACC-02081,Elizabeth Taylor,Unknown,Residential,Individual,Unknown,Canterbury,Free,10,0.0,Unassigned,2021-11-27
ACC-02083,Mary Hernandez,Highland Logistics,Business,Small Business,Property Management,Wellington,Free,13,0.0,Unassigned,2021-04-29
ACC-02084,Barbara Brown,Unknown,Residential,Small Business,Unknown,Manawatu-Whanganui,Enterprise,3,454.83,Lisa Hartley,2020-11-26
ACC-02085,Karen Rodriguez,Unknown,Residential,Individual,Unknown,Auckland,Basic,25,0.0,Unassigned,2022-03-31
ACC-02087,Susan Taylor,Kiwi Consulting,Business,Small Business,Hospitality,Bay of Plenty,Free,27,0.0,Unassigned,2023-01-03
ACC-02088,Robert Hernandez,Unknown,Residential,Individual,Unknown,Hawke's Bay,Free,22,124.08,Unassigned,2018-02-19
ACC-02089,Jessica Rodriguez,Unknown,Residential,Small Business,Unknown,Wellington,Premium,4,0.0,Unassigned,2019-11-03
ACC-02091,James Jackson,Gateway Holdings,Business,Corporate,Professional Services,Waikato,Basic,8,183.32,Unassigned,2021-07-06
ACC-02092,Charles Moore,Unknown,Residential,Corporate,Unknown,Canterbury,Enterprise,47,130.5,Unassigned,2019-10-20
ACC-02093,Karen Miller,Coastal Medical,Business,Small Business,Professional Services,Auckland,Premium,46,257.71,Lisa Hartley,2019-03-23
ACC-02096,John Rodriguez,Metro Logistics,Business,Small Business,Education,Canterbury,Free,19,0.0,Unassigned,2022-07-11
ACC-02098,Jennifer Martinez,Pacific Enterprises,Business,Corporate,Trades,Hawke's Bay,Enterprise,23,587.67,Mike Patterson,2021-04-27
ACC-02099,Jessica Jones,Alpha Transport,Business,Corporate,Construction,Nelson-Marlborough,Basic,9,0.0,Unassigned,2023-08-19
ACC-02100,John Smith,Northern Transport,Business,Corporate,Construction,Hawke's Bay,Free,45,0.0,Unassigned,2019-06-24
ACC-02101,Barbara Martin,Coastal Ltd,Business,Small Business,Construction,Hawke's Bay,Basic,12,0.0,Unassigned,2021-05-02
ACC-02102,Richard Moore,Southern Tech,Business,Individual,Professional Services,Otago,Basic,24,558.37,Rob Thompson,2020-08-05
ACC-02103,Robert Rodriguez,Unknown,Residential,Small Business,Unknown,Canterbury,Free,25,0.0,Unassigned,2022-02-24
ACC-02104,Jennifer Martin,Frontier Electrical,Business,Corporate,Healthcare,Taranaki,Basic,4,89.97,Unassigned,2018-10-23
ACC-02107,James Taylor,Southern Enterprises,Residential,Small Business,Unknown,Canterbury,Enterprise,10,363.06,Lisa Hartley,2018-06-19
ACC-02108,Thomas Johnson,Summit Group,Business,Corporate,Retail,Wellington,Premium,26,267.79,Mike Patterson,2018-11-19
ACC-02109,Susan Martin,Unknown,Residential,Individual,Unknown,Auckland,Enterprise,29,458.59,Sarah Chen,2021-02-09
ACC-02110,Jennifer Taylor,Unknown,Residential,Individual,Unknown,Canterbury,Enterprise,5,348.59,Lisa Hartley,2019-12-25
ACC-02111,Richard Gonzalez,Gateway Group,Business,Small Business,Healthcare,Canterbury,Enterprise,15,580.72,Rob Thompson,2023-02-08
ACC-02112,William Lopez,Ridge Services,Business,Small Business,Manufacturing,Canterbury,Basic,26,101.18,Unassigned,2020-09-05
ACC-02113,John Davis,Valley Plumbing,Business,Corporate,Transport & Logistics,Southland,Enterprise,41,586.53,Lisa Hartley,2021-04-07
ACC-02114,Charles Wilson,Unknown,Residential,Individual,Unknown,Waikato,Free,2,0.0,Unassigned,2018-10-20
ACC-02115,John Gonzalez,Unknown,Residential,Individual,Unknown,Auckland,Enterprise,35,468.1,Rob Thompson,2018-05-10
ACC-02117,Elizabeth Davis,Highland Transport,Business,Corporate,Manufacturing,Auckland,Free,30,0.0,Unassigned,2020-10-27
ACC-02118,Barbara Lopez,Kiwi Medical,Business,Individual,Manufacturing,Auckland,Premium,55,323.87,Lisa Hartley,2019-01-29
ACC-02120,Barbara Thomas,Unknown,Residential,Small Business,Unknown,Wellington,Basic,4,0.0,Unassigned,2021-11-14
ACC-02121,David Garcia,Unknown,Residential,Individual,Unknown,Canterbury,Enterprise,17,138.42,Sarah Chen,2019-11-17
ACC-02123,Jessica Jones,Gateway Logistics,Residential,Individual,Unknown,Auckland,Enterprise,24,42.48,Unassigned,2018-02-22
ACC-02124,Elizabeth Wilson,Alpha Holdings,Business,Corporate,Trades,Canterbury,Free,33,0.0,Unassigned,2018-05-20
ACC-02125,Elizabeth Martin,Valley Ltd,Business,Small Business,Manufacturing,Hawke's Bay,Basic,7,898.32,Rob Thompson,2019-05-07
ACC-02126,Richard Jones,Unknown,Residential,Small Business,Unknown,Canterbury,Free,12,0.0,Unassigned,2023-06-13
ACC-02129,Charles Davis,Unknown,Residential,Corporate,Unknown,Wellington,Premium,21,137.39,Unassigned,2022-03-13
ACC-02130,Karen Martin,Frontier Enterprises,Business,Corporate,Healthcare,Canterbury,Free,20,19.57,Unassigned,2018-02-14
ACC-02131,Joseph Gonzalez,Coastal Holdings,Business,Corporate,Retail,Waikato,Basic,27,78.45,Unassigned,2021-06-25
ACC-02133,Jennifer Hernandez,Harbour Enterprises,Business,Corporate,Education,Wellington,Free,4,0.0,Unassigned,2019-05-14
ACC-02134,Barbara Smith,Unknown,Residential,Individual,Unknown,Canterbury,Premium,15,345.21,Sarah Chen,2018-06-03
ACC-02136,Barbara Thomas,Harbour Partners,Business,Corporate,Trades,Canterbury,Premium,2,262.06,Sarah Chen,2021-05-08
ACC-02137,Barbara Brown,Coastal Tech,Business,Corporate,Manufacturing,Wellington,Basic,1,56.47,Unassigned,2023-05-07
ACC-02138,Linda Lopez,Unknown,Residential,Individual,Unknown,Hawke's Bay,Enterprise,12,106.21,Unassigned,2022-12-03
ACC-02139,Elizabeth Moore,Kiwi Holdings,Business,Small Business,Retail,Manawatu-Whanganui,Enterprise,51,795.44,Lisa Hartley,2020-06-19
ACC-02140,Charles Jones,Harbour Group,Business,Corporate,Healthcare,Canterbury,Basic,27,0.0,Unassigned,2020-03-29
ACC-02141,Barbara Johnson,Unknown,Residential,Corporate,Unknown,Auckland,Basic,9,0.0,Unassigned,2020-12-21
ACC-02143,Robert Jackson,Unknown,Residential,Individual,Unknown,Auckland,Enterprise,18,378.73,Mike Patterson,2018-07-23
ACC-02144,David Gonzalez,Unknown,Residential,Individual,Unknown,Wellington,Free,17,0.0,Unassigned,2022-12-19
ACC-02145,Barbara Smith,Island Holdings,Business,Corporate,Trades,Auckland,Basic,52,52.78,Unassigned,2022-02-18
ACC-02146,Jessica Martinez,Sterling Dental,Business,Corporate,Manufacturing,Wellington,Enterprise,3,0.0,Unassigned,2021-10-02
ACC-02148,Patricia Taylor,Summit Legal,Business,Corporate,Healthcare,Wellington,Enterprise,32,640.0,Mike Patterson,2023-09-06
ACC-02150,David Hernandez,Pioneer Electrical,Business,Individual,Trades,Manawatu-Whanganui,Basic,3,60.66,Unassigned,2019-04-12
ACC-02151,Mary Jones,Pacific Dental,Business,Corporate,Construction,Northland,Premium,47,264.78,Lisa Hartley,2018-10-15
ACC-02154,David Lopez,Central Systems,Business,Corporate,Construction,Canterbury,Basic,20,0.0,Unassigned,2019-06-02
ACC-02155,Charles Gonzalez,Southern Dental,Business,Corporate,Manufacturing,Northland,Basic,17,73.78,Unassigned,2022-09-16
ACC-02157,Joseph Jones,Pioneer Engineering,Business,Corporate,Trades,Canterbury,Enterprise,36,704.49,Lisa Hartley,2018-10-03
ACC-02160,James Garcia,Unknown,Residential,Individual,Unknown,Auckland,Basic,39,122.12,Unassigned,2021-01-14
ACC-02161,John Williams,Peak Ltd,Business,Corporate,Transport & Logistics,Canterbury,Free,7,0.0,Unassigned,2023-04-21
ACC-02162,Robert Moore,Alpha Holdings,Business,Corporate,Construction,Canterbury,Free,3,0.0,Unassigned,2021-04-01
ACC-02163,Mary Lopez,Central Dental,Business,Corporate,Retail,Canterbury,Free,28,198.36,Unassigned,2020-02-16
ACC-02164,Barbara Jackson,Northern Solutions,Business,Corporate,Manufacturing,Canterbury,Free,2,0.0,Unassigned,2020-06-10
ACC-02166,Karen Davis,Unknown,Residential,Individual,Unknown,Manawatu-Whanganui,Free,23,144.81,Unassigned,2022-08-26
ACC-02167,Robert Thomas,Unknown,Residential,Individual,Unknown,Bay of Plenty,Premium,43,164.46,Unassigned,2022-11-21
ACC-02168,Patricia Jackson,Alpha Solutions,Business,Corporate,Hospitality,Auckland,Premium,8,257.94,Sarah Chen,2020-08-24
ACC-02169,Charles Moore,Highland Systems,Business,Individual,Professional Services,Canterbury,Premium,35,259.76,Rob Thompson,2021-09-10
ACC-02171,Charles Wilson,Unknown,Residential,Small Business,Unknown,Northland,Free,13,0.0,Unassigned,2021-11-16
ACC-02173,Karen Hernandez,Summit Medical,Business,Small Business,Construction,Auckland,Free,20,0.0,Unassigned,2021-07-10
ACC-02174,David Johnson,Unknown,Residential,Corporate,Unknown,Canterbury,Enterprise,3,311.39,Rob Thompson,2019-12-18
ACC-02175,Joseph Johnson,Pioneer Systems,Business,Corporate,Manufacturing,Auckland,Free,18,0.0,Unassigned,2020-12-30
ACC-02176,Elizabeth Thomas,Southern Industries,Business,Corporate,Manufacturing,Auckland,Free,13,0.0,Unassigned,2023-12-25
ACC-02177,Elizabeth Wilson,Unknown,Residential,Individual,Unknown,Hawke's Bay,Free,6,0.0,Unassigned,2019-04-10
ACC-02179,Elizabeth Brown,Unknown,Residential,Individual,Unknown,Wellington,Free,6,0.0,Unassigned,2018-06-01
ACC-02180,Barbara Jones,Unknown,Residential,Individual,Unknown,Wellington,Premium,59,132.03,Unassigned,2021-12-02
ACC-02181,Barbara Thomas,Unknown,Residential,Individual,Unknown,Canterbury,Basic,51,52.82,Unassigned,2018-08-28
ACC-02183,Patricia Moore,Unknown,Residential,Small Business,Unknown,Wellington,Premium,22,133.83,Unassigned,2019-09-18
ACC-02184,Jennifer Hernandez,Pacific Dental,Business,Corporate,Trades,Northland,Premium,32,222.15,Sarah Chen,2020-01-15
ACC-02185,Karen Gonzalez,Unknown,Residential,Individual,Unknown,Canterbury,Free,5,0.0,Unassigned,2022-06-28
ACC-02186,Barbara Taylor,Unknown,Residential,Individual,Unknown,Waikato,Free,54,100.73,Unassigned,2021-04-06
ACC-02187,David Brown,Ridge Holdings,Business,Corporate,Professional Services,Hawke's Bay,Basic,46,67.03,Unassigned,2023-12-22
ACC-02188,Barbara Martinez,Highland Engineering,Business,Corporate,Trades,Wellington,Basic,17,261.48,Lisa Hartley,2020-04-19
ACC-02189,Jennifer Wilson,Unknown,Residential,Corporate,Unknown,Canterbury,Basic,4,319.46,Rob Thompson,2018-08-04
ACC-02190,Elizabeth Brown,Sterling Services,Business,Small Business,Construction,Wellington,Premium,2,196.52,Mike Patterson,2021-02-02
ACC-02191,Jessica Brown,Apex Transport,Business,Corporate,Technology,Otago,Free,14,199.26,Unassigned,2021-02-14
ACC-02192,John Jackson,Alpha Industries,Business,Small Business,Construction,Manawatu-Whanganui,Enterprise,23,605.22,Mike Patterson,2019-12-13
ACC-02194,Michael Smith,Unknown,Residential,Individual,Unknown,Otago,Premium,42,120.92,Unassigned,2021-04-27
ACC-02196,David Thomas,Metro Services,Business,Corporate,Healthcare,Waikato,Free,35,0.0,Unassigned,2022-01-22
ACC-02197,Jessica Moore,Metro Plumbing,Business,Corporate,Trades,Canterbury,Free,10,0.0,Unassigned,2022-01-08
ACC-02198,David Jackson,Sterling Tech,Business,Individual,Healthcare,Waikato,Basic,6,62.1,Unassigned,2018-09-14
ACC-02201,Susan Williams,Central Construction,Business,Small Business,Professional Services,Canterbury,Enterprise,26,801.18,Mike Patterson,2020-10-29
ACC-02203,Jennifer Wilson,Unknown,Residential,Individual,Unknown,Northland,Enterprise,11,402.13,Rob Thompson,2020-03-05
ACC-02205,William Moore,Kiwi Enterprises,Business,Corporate,Agriculture,Waikato,Free,5,0.0,Unassigned,2022-01-15
ACC-02206,Patricia Rodriguez,Unknown,Residential,Small Business,Unknown,Canterbury,Enterprise,13,406.16,Mike Patterson,2018-09-06
ACC-02207,Jessica Thomas,Ridge Electrical,Residential,Small Business,Unknown,Wellington,Enterprise,26,0.0,Unassigned,2022-11-18
ACC-02208,David Thomas,Sterling Holdings,Business,Small Business,Transport & Logistics,Canterbury,Premium,15,61.94,Unassigned,2022-07-20
ACC-02209,Jessica Johnson,Sterling Dental,Business,Small Business,Retail,Canterbury,Enterprise,33,879.6,Rob Thompson,2022-11-09
ACC-02210,Barbara Smith,Alpha Transport,Business,Corporate,Trades,Auckland,Free,11,241.96,Rob Thompson,2021-07-23
ACC-02211,Barbara Moore,Unknown,Residential,Individual,Unknown,Wellington,Premium,6,46.37,Unassigned,2021-10-05
ACC-02212,Linda Jackson,Unknown,Residential,Small Business,Unknown,Waikato,Premium,35,272.87,Sarah Chen,2018-09-12
ACC-02214,Patricia Rodriguez,Unknown,Residential,Small Business,Unknown,Wellington,Basic,50,46.68,Unassigned,2023-05-17
ACC-02215,David Gonzalez,Gateway Electrical,Business,Small Business,Professional Services,Canterbury,Free,4,251.2,Mike Patterson,2019-11-17
ACC-02216,Mary Moore,Unknown,Residential,Individual,Unknown,Canterbury,Enterprise,22,288.85,Rob Thompson,2023-12-18
ACC-02217,James Jones,Pacific Services,Residential,Small Business,Unknown,Canterbury,Basic,16,101.34,Rob Thompson,2018-02-10
ACC-02219,Charles Garcia,Unknown,Residential,Individual,Unknown,Canterbury,Basic,11,38.89,Unassigned,2020-09-29
ACC-02221,Karen Garcia,Harbour Holdings,Business,Small Business,Education,Auckland,Enterprise,36,598.34,Sarah Chen,2021-04-04
ACC-02222,Karen Jackson,Northern Partners,Business,Small Business,Agriculture,Bay of Plenty,Premium,6,224.54,Mike Patterson,2019-11-15
ACC-02224,William Smith,Unknown,Residential,Individual,Unknown,Otago,Premium,47,101.75,Sarah Chen,2020-12-19
ACC-02228,Charles Taylor,Frontier Legal,Business,Corporate,Hospitality,Bay of Plenty,Free,3,257.12,Rob Thompson,2018-11-10
ACC-02229,Elizabeth Miller,Valley Partners,Business,Corporate,Construction,Canterbury,Basic,23,123.71,Rob Thompson,2022-06-17
ACC-02231,Elizabeth Jackson,Metro Partners,Business,Small Business,Healthcare,Canterbury,Enterprise,16,0.0,Unassigned,2021-08-16
ACC-02233,Elizabeth Miller,Unknown,Residential,Corporate,Unknown,Waikato,Free,5,43.45,Unassigned,2020-04-24
ACC-02234,James Williams,Unknown,Residential,Corporate,Unknown,Canterbury,Basic,30,44.56,Unassigned,2022-03-25
ACC-02235,Patricia Jackson,Valley Group,Business,Individual,Construction,Auckland,Enterprise,16,0.0,Unassigned,2020-12-22
ACC-02236,Elizabeth Johnson,Unknown,Residential,Individual,Unknown,Auckland,Enterprise,58,364.23,Lisa Hartley,2023-07-27
ACC-02237,Mary Martin,Southern Tech,Business,Small Business,Retail,Hawke's Bay,Free,6,586.13,Rob Thompson,2021-01-11
ACC-02239,Elizabeth Moore,Unknown,Residential,Individual,Unknown,Canterbury,Free,10,0.0,Unassigned,2023-03-18
ACC-02241,Charles Anderson,Unknown,Residential,Individual,Unknown,Waikato,Free,5,0.0,Unassigned,2023-07-26
ACC-02244,Jennifer Moore,Alpha Transport,Business,Corporate,Trades,Wellington,Enterprise,53,69.95,Unassigned,2022-11-26
ACC-02247,Charles Wilson,Unknown,Residential,Individual,Unknown,Canterbury,Enterprise,25,393.51,Lisa Hartley,2019-06-23
ACC-02248,James Rodriguez,Unknown,Residential,Corporate,Unknown,Wellington,Free,4,0.0,Unassigned,2022-01-13
ACC-02249,William Taylor,Northern Medical,Business,Small Business,Retail,Bay of Plenty,Enterprise,47,472.74,Mike Patterson,2020-09-18
ACC-02252,David Thomas,Coastal Group,Business,Individual,Professional Services,Manawatu-Whanganui,Enterprise,15,689.82,Rob Thompson,2023-04-17
ACC-02253,Mary Williams,Unknown,Residential,Individual,Unknown,Canterbury,Premium,46,127.98,Unassigned,2020-09-10
ACC-02254,Charles Lopez,Ridge Plumbing,Residential,Individual,Unknown,Wellington,Free,5,0.0,Unassigned,2018-02-09
ACC-02255,Sarah Moore,Ridge Plumbing,Business,Corporate,Retail,Canterbury,Enterprise,6,669.43,Sarah Chen,2018-01-11
ACC-02256,Mary Smith,Pioneer Services,Business,Corporate,Professional Services,Auckland,Enterprise,23,623.66,Lisa Hartley,2022-03-29
ACC-02259,Joseph Johnson,Metro Legal,Business,Small Business,Trades,Canterbury,Free,56,0.0,Unassigned,2019-12-21
ACC-02260,Thomas Gonzalez,Pacific Enterprises,Business,Small Business,Manufacturing,Waikato,Premium,58,213.12,Lisa Hartley,2022-07-27
ACC-02261,Richard Johnson,Pioneer Medical,Business,Corporate,Professional Services,Otago,Enterprise,11,478.37,Sarah Chen,2018-10-03
ACC-02262,Karen Martinez,Peak Logistics,Business,Small Business,Trades,Canterbury,Enterprise,10,138.4,Mike Patterson,2018-08-03
ACC-02263,James Hernandez,Ridge Enterprises,Business,Corporate,Education,Bay of Plenty,Basic,13,0.0,Unassigned,2019-03-24
ACC-02269,Linda Jones,Unknown,Residential,Individual,Unknown,Waikato,Basic,35,57.31,Unassigned,2020-05-31
ACC-02270,Michael Martinez,Unknown,Residential,Individual,Unknown,Auckland,Enterprise,18,283.42,Rob Thompson,2021-06-25
ACC-02272,William Lopez,Unknown,Residential,Individual,Unknown,Nelson-Marlborough,Premium,38,138.51,Unassigned,2021-03-10
ACC-02273,Jennifer Martinez,Unknown,Residential,Individual,Unknown,Auckland,Basic,13,45.3,Unassigned,2019-12-22
ACC-02274,Charles Jackson,Unknown,Residential,Small Business,Unknown,Wellington,Enterprise,17,0.0,Unassigned,2018-07-20
ACC-02275,Barbara Moore,Unknown,Residential,Corporate,Unknown,Auckland,Enterprise,11,0.0,Unassigned,2023-04-03
ACC-02276,Karen Anderson,Highland Construction,Business,Small Business,Healthcare,Otago,Basic,5,69.16,Unassigned,2020-07-13
ACC-02277,Jennifer Martin,Southern Consulting,Business,Corporate,Agriculture,Auckland,Enterprise,14,652.74,Mike Patterson,2018-01-02
ACC-02279,Linda Smith,Ridge Solutions,Business,Corporate,Manufacturing,Auckland,Free,25,0.0,Unassigned,2020-02-04
ACC-02281,Charles Anderson,Unknown,Residential,Small Business,Unknown,Auckland,Free,2,0.0,Unassigned,2021-01-01
ACC-02282,Jessica Hernandez,Unknown,Residential,Individual,Unknown,Auckland,Premium,56,133.71,Rob Thompson,2018-03-16
ACC-02283,Charles Lopez,Unknown,Residential,Individual,Unknown,Auckland,Basic,49,341.57,Lisa Hartley,2018-07-03
ACC-02285,David Thomas,Unknown,Residential,Individual,Unknown,Otago,Enterprise,16,339.2,Lisa Hartley,2022-10-08
ACC-02286,Patricia Davis,Kiwi Holdings,Business,Corporate,Transport & Logistics,Northland,Premium,59,164.64,Sarah Chen,2022-03-06
ACC-02287,Joseph Martin,Ridge Enterprises,Business,Corporate,Education,Northland,Free,41,512.65,Lisa Hartley,2019-11-13
ACC-02288,Thomas Williams,Sterling Tech,Business,Small Business,Hospitality,Canterbury,Premium,3,331.58,Lisa Hartley,2022-03-16
ACC-02290,Linda Taylor,Peak Engineering,Business,Corporate,Healthcare,Canterbury,Enterprise,6,438.01,Lisa Hartley,2023-01-25
ACC-02291,Barbara Miller,Unknown,Residential,Individual,Unknown,Auckland,Basic,40,33.69,Unassigned,2021-10-12
ACC-02294,Charles Hernandez,Pacific Ltd,Business,Small Business,Retail,Northland,Basic,38,57.3,Unassigned,2020-10-22
ACC-02296,James Garcia,Coastal Consulting,Business,Corporate,Trades,Canterbury,Basic,8,71.55,Unassigned,2021-05-01
ACC-02297,James Smith,Unknown,Residential,Individual,Unknown,Waikato,Enterprise,38,427.87,Sarah Chen,2019-09-23
ACC-02298,Charles Rodriguez,Pioneer Transport,Business,Corporate,Retail,Auckland,Basic,51,103.8,Rob Thompson,2020-12-14
ACC-02299,James Brown,Gateway Services,Business,Corporate,Professional Services,Canterbury,Enterprise,34,170.58,Unassigned,2022-01-04
ACC-02301,David Lopez,Northern Consulting,Business,Small Business,Retail,Bay of Plenty,Basic,1,0.0,Unassigned,2018-02-02
ACC-02302,Michael Taylor,Highland Engineering,Business,Corporate,Construction,Canterbury,Basic,43,69.96,Unassigned,2019-09-26
ACC-02303,Robert Anderson,Peak Plumbing,Business,Individual,Construction,Auckland,Basic,32,94.4,Unassigned,2023-10-03
ACC-02305,Charles Martinez,Central Holdings,Business,Small Business,Healthcare,Canterbury,Free,34,816.62,Mike Patterson,2019-11-14
ACC-02306,Jessica Williams,Harbour Ltd,Business,Corporate,Construction,Auckland,Premium,49,194.67,Unassigned,2019-12-05
ACC-02309,Karen Davis,Island Enterprises,Business,Corporate,Healthcare,Auckland,Free,14,0.0,Unassigned,2020-05-20
ACC-02311,Joseph Martinez,Unknown,Residential,Small Business,Unknown,Northland,Enterprise,1,395.27,Mike Patterson,2018-08-17
ACC-02312,Karen Gonzalez,Unknown,Residential,Corporate,Unknown,Nelson-Marlborough,Enterprise,1,0.0,Unassigned,2018-01-26
ACC-02313,Charles Martin,Kiwi Services,Business,Corporate,Hospitality,Auckland,Enterprise,10,519.49,Lisa Hartley,2018-11-22
ACC-02314,David Gonzalez,Ridge Plumbing,Business,Corporate,Property Management,Canterbury,Free,19,0.0,Unassigned,2023-01-20
ACC-02315,Barbara Martinez,Unknown,Residential,Corporate,Unknown,Canterbury,Enterprise,24,129.84,Unassigned,2023-02-23
ACC-02317,David Garcia,Ridge Medical,Business,Corporate,Trades,Auckland,Basic,10,692.18,Mike Patterson,2022-06-24
ACC-02318,Sarah Gonzalez,Highland Consulting,Business,Small Business,Trades,Waikato,Enterprise,46,656.48,Rob Thompson,2023-02-10
ACC-02319,Jessica Lopez,Sterling Ltd,Business,Corporate,Professional Services,Bay of Plenty,Enterprise,4,763.74,Sarah Chen,2019-12-21
ACC-02321,Jennifer Williams,Apex Systems,Business,Corporate,Property Management,Otago,Enterprise,24,472.46,Mike Patterson,2023-11-02
ACC-02323,Mary Wilson,Harbour Consulting,Business,Corporate,Healthcare,Auckland,Basic,11,64.22,Unassigned,2018-12-14
ACC-02324,Patricia Johnson,Highland Enterprises,Business,Small Business,Healthcare,Canterbury,Free,40,0.0,Unassigned,2018-11-18
ACC-02325,Linda Jackson,Alpha Systems,Business,Corporate,Technology,Manawatu-Whanganui,Free,5,0.0,Unassigned,2021-11-13
ACC-02326,Charles Rodriguez,Metro Solutions,Business,Small Business,Education,Auckland,Basic,11,91.37,Unassigned,2019-03-04
ACC-02327,Karen Gonzalez,Island Consulting,Business,Small Business,Healthcare,Otago,Enterprise,9,458.42,Rob Thompson,2018-04-18
ACC-02328,Jennifer Jones,Sterling Enterprises,Residential,Individual,Unknown,Canterbury,Enterprise,13,282.26,Rob Thompson,2020-12-28
ACC-02329,John Hernandez,Peak Plumbing,Business,Corporate,Professional Services,Wellington,Free,8,0.0,Unassigned,2019-09-13
ACC-02330,Robert Smith,Coastal Dental,Business,Corporate,Retail,Bay of Plenty,Free,21,0.0,Unassigned,2018-06-13
ACC-02331,Patricia Jackson,Highland Consulting,Business,Corporate,Trades,Otago,Free,34,0.0,Unassigned,2021-09-13
ACC-02333,John Wilson,Central Legal,Business,Small Business,Professional Services,Northland,Basic,42,77.88,Unassigned,2020-04-23
ACC-02334,Barbara Martinez,Unknown,Residential,Individual,Unknown,Auckland,Basic,28,59.63,Unassigned,2020-11-23
ACC-02335,Richard Thomas,Unknown,Residential,Individual,Unknown,Canterbury,Free,13,0.0,Unassigned,2022-08-08
ACC-02337,Jennifer Brown,Southern Solutions,Business,Small Business,Professional Services,Canterbury,Free,12,0.0,Unassigned,2023-01-01
ACC-02340,Charles Johnson,Harbour Engineering,Business,Small Business,Trades,Auckland,Basic,26,72.7,Unassigned,2023-05-08
ACC-02341,Jennifer Miller,Gateway Medical,Business,Corporate,Professional Services,Waikato,Free,7,0.0,Unassigned,2022-11-03
ACC-02342,David Davis,Gateway Medical,Business,Small Business,Retail,Wellington,Premium,40,161.13,Rob Thompson,2023-06-08
ACC-02344,Barbara Smith,Gateway Construction,Business,Corporate,Retail,Wellington,Free,28,0.0,Unassigned,2022-11-07
ACC-02345,John Miller,Unknown,Residential,Small Business,Unknown,Canterbury,Basic,14,45.38,Unassigned,2022-09-29
ACC-02346,David Miller,Unknown,Residential,Individual,Unknown,Canterbury,Enterprise,12,103.16,Lisa Hartley,2018-05-15
ACC-02352,Elizabeth Jones,Unknown,Residential,Small Business,Unknown,Taranaki,Basic,59,102.25,Unassigned,2021-12-22
ACC-02353,Susan Thomas,Unknown,Residential,Individual,Unknown,Canterbury,Basic,35,36.1,Unassigned,2020-05-03
ACC-02354,Barbara Williams,Peak Enterprises,Business,Corporate,Healthcare,Auckland,Free,38,0.0,Unassigned,2022-04-18
ACC-02355,Elizabeth Wilson,Unknown,Residential,Individual,Unknown,Nelson-Marlborough,Basic,2,334.07,Sarah Chen,2021-06-12
ACC-02356,James Anderson,Unknown,Residential,Individual,Unknown,Taranaki,Enterprise,57,314.38,Lisa Hartley,2020-09-11
ACC-02357,Barbara Jackson,Kiwi Industries,Business,Individual,Professional Services,Auckland,Enterprise,22,0.0,Unassigned,2018-11-08
ACC-02358,Linda Wilson,Ridge Holdings,Business,Small Business,Trades,Auckland,Premium,17,222.8,Sarah Chen,2022-09-27
ACC-02359,Jennifer Brown,Unknown,Residential,Individual,Unknown,Auckland,Basic,4,44.56,Unassigned,2020-02-18
ACC-02365,Michael Garcia,Unknown,Residential,Individual,Unknown,Nelson-Marlborough,Enterprise,14,393.85,Mike Patterson,2022-09-07
ACC-02366,Patricia Wilson,Metro Solutions,Business,Individual,Professional Services,Canterbury,Free,45,0.0,Unassigned,2023-09-13
ACC-02370,James Taylor,Valley Legal,Business,Corporate,Hospitality,Canterbury,Premium,37,167.88,Unassigned,2023-01-31
ACC-02371,James Martin,Unknown,Residential,Individual,Unknown,Auckland,Free,40,0.0,Unassigned,2020-10-07
ACC-02372,Jennifer Thomas,Unknown,Residential,Individual,Unknown,Canterbury,Free,7,49.39,Unassigned,2019-08-21
ACC-02373,Elizabeth Hernandez,Coastal Consulting,Business,Small Business,Education,Canterbury,Free,26,0.0,Unassigned,2019-03-11
ACC-02374,Michael Taylor,Northern Group,Business,Small Business,Professional Services,Bay of Plenty,Premium,10,260.28,Lisa Hartley,2021-06-15
ACC-02375,David Anderson,Unknown,Residential,Small Business,Unknown,Canterbury,Premium,6,109.79,Unassigned,2021-07-12
ACC-02376,Charles Lopez,Unknown,Residential,Individual,Unknown,Canterbury,Premium,15,94.8,Unassigned,2020-07-30
ACC-02378,Elizabeth Martinez,Gateway Electrical,Business,Individual,Retail,Bay of Plenty,Basic,41,54.13,Unassigned,2022-07-03
ACC-02380,Joseph Moore,Kiwi Construction,Business,Corporate,Professional Services,Wellington,Premium,29,133.14,Unassigned,2023-07-16
ACC-02381,Barbara Gonzalez,Central Group,Business,Corporate,Healthcare,Auckland,Basic,7,0.0,Unassigned,2019-01-12
ACC-02382,Jessica Thomas,Summit Transport,Business,Corporate,Professional Services,Waikato,Basic,41,74.83,Unassigned,2018-02-25
ACC-02383,Jennifer Thomas,Unknown,Residential,Individual,Unknown,Wellington,Premium,26,402.71,Sarah Chen,2019-11-18
ACC-02384,Elizabeth Rodriguez,Unknown,Residential,Individual,Unknown,Hawke's Bay,Basic,24,110.72,Unassigned,2019-01-14
ACC-02386,Linda Jones,Coastal Dental,Business,Corporate,Construction,Bay of Plenty,Free,26,0.0,Unassigned,2019-05-22
ACC-02387,Elizabeth Davis,Unknown,Residential,Individual,Unknown,Auckland,Free,6,0.0,Unassigned,2018-12-02
ACC-02388,William Smith,Unknown,Residential,Individual,Unknown,Canterbury,Free,52,0.0,Unassigned,2019-04-24
ACC-02389,Joseph Jackson,Unknown,Residential,Individual,Unknown,Auckland,Basic,44,0.0,Unassigned,2020-01-12
ACC-02392,Elizabeth Brown,Unknown,Residential,Individual,Unknown,Taranaki,Premium,54,100.0,Unassigned,2020-04-18
ACC-02394,James Rodriguez,Ridge Electrical,Business,Small Business,Construction,Manawatu-Whanganui,Enterprise,3,902.75,Sarah Chen,2022-10-21
ACC-02395,Charles Smith,Coastal Holdings,Business,Individual,Retail,Canterbury,Basic,3,89.43,Unassigned,2018-07-06
ACC-02399,Jennifer Brown,Pioneer Dental,Business,Small Business,Construction,Canterbury,Free,12,561.98,Sarah Chen,2020-02-14
ACC-02401,Barbara Moore,Harbour Ltd,Business,Corporate,Professional Services,Taranaki,Enterprise,5,277.03,Rob Thompson,2023-03-27
ACC-02403,Barbara Davis,Sterling Logistics,Business,Individual,Trades,Nelson-Marlborough,Enterprise,26,526.94,Sarah Chen,2021-10-27
ACC-02405,William Lopez,Unknown,Residential,Individual,Unknown,Canterbury,Enterprise,5,407.86,Lisa Hartley,2020-10-02
ACC-02406,James Lopez,Northern Dental,Business,Corporate,Education,Manawatu-Whanganui,Basic,18,0.0,Unassigned,2019-10-06
ACC-02409,Joseph Hernandez,Harbour Logistics,Business,Individual,Hospitality,Wellington,Enterprise,8,92.73,Unassigned,2022-06-18
ACC-02412,Linda Garcia,Peak Holdings,Business,Corporate,Trades,Waikato,Basic,26,20.84,Unassigned,2018-10-02
ACC-02413,Mary Moore,Summit Plumbing,Business,Corporate,Manufacturing,Manawatu-Whanganui,Basic,32,68.5,Unassigned,2020-07-07
ACC-02416,Michael Taylor,Valley Services,Business,Corporate,Trades,Canterbury,Enterprise,4,94.2,Unassigned,2021-11-24
ACC-02420,Karen Hernandez,Unknown,Residential,Corporate,Unknown,Wellington,Basic,17,41.8,Unassigned,2023-11-25
ACC-02423,Robert Wilson,Valley Logistics,Residential,Individual,Unknown,Otago,Premium,20,118.24,Unassigned,2019-04-26
ACC-02425,James Smith,Unknown,Residential,Individual,Unknown,Canterbury,Free,35,0.0,Unassigned,2019-08-14
ACC-02426,Patricia Gonzalez,Unknown,Residential,Corporate,Unknown,Manawatu-Whanganui,Basic,55,385.73,Mike Patterson,2019-09-02
ACC-02427,Mary Wilson,Unknown,Residential,Individual,Unknown,Canterbury,Premium,46,142.51,Unassigned,2023-08-17
ACC-02428,Thomas Jones,Harbour Solutions,Business,Individual,Retail,Otago,Free,31,0.0,Unassigned,2022-12-01
ACC-02429,Elizabeth Martin,Unknown,Residential,Individual,Unknown,Waikato,Enterprise,7,123.44,Mike Patterson,2023-04-12
ACC-02430,Barbara Martinez,Alpha Solutions,Business,Small Business,Retail,Bay of Plenty,Basic,7,220.89,Lisa Hartley,2021-12-31
ACC-02431,Karen Taylor,Frontier Consulting,Business,Corporate,Trades,Otago,Free,27,0.0,Unassigned,2021-08-24
ACC-02432,David Johnson,Island Legal,Business,Individual,Trades,Auckland,Basic,20,57.18,Unassigned,2022-11-29
ACC-02433,Barbara Smith,Unknown,Residential,Corporate,Unknown,Waikato,Basic,1,127.15,Unassigned,2023-12-14
ACC-02435,Thomas Johnson,Apex Dental,Business,Corporate,Professional Services,Canterbury,Enterprise,56,0.0,Unassigned,2018-06-22
ACC-02436,David Moore,Pioneer Medical,Business,Corporate,Technology,Northland,Free,29,0.0,Unassigned,2023-10-13
ACC-02439,Patricia Wilson,Unknown,Residential,Individual,Unknown,Otago,Free,33,0.0,Unassigned,2021-10-21
ACC-02440,Thomas Jones,Unknown,Residential,Individual,Unknown,Southland,Premium,43,151.73,Unassigned,2019-11-19
ACC-02441,David Anderson,Sterling Services,Business,Corporate,Retail,Canterbury,Basic,37,57.42,Unassigned,2022-06-08
ACC-02443,Karen Hernandez,Unknown,Residential,Individual,Unknown,Southland,Free,46,0.0,Unassigned,2018-10-26
ACC-02444,Jennifer Lopez,Southern Solutions,Business,Corporate,Trades,Auckland,Enterprise,42,597.76,Sarah Chen,2021-07-08
ACC-02445,David Jackson,Southern Dental,Business,Individual,Transport & Logistics,Manawatu-Whanganui,Premium,5,0.0,Unassigned,2018-11-25
ACC-02451,Mary Brown,Unknown,Residential,Individual,Unknown,Canterbury,Premium,10,134.78,Unassigned,2023-02-19
ACC-02452,Charles Davis,Unknown,Residential,Corporate,Unknown,Manawatu-Whanganui,Basic,9,39.79,Unassigned,2022-03-30
ACC-02453,Jessica Moore,Valley Holdings,Business,Corporate,Education,Northland,Enterprise,3,228.1,Mike Patterson,2018-04-02
ACC-02458,John Anderson,Unknown,Residential,Individual,Unknown,Southland,Enterprise,29,310.66,Sarah Chen,2019-03-20
ACC-02459,David Taylor,Frontier Engineering,Business,Small Business,Retail,Auckland,Enterprise,27,265.31,Rob Thompson,2023-06-22
ACC-02460,Sarah Smith,Ridge Medical,Business,Small Business,Transport & Logistics,Auckland,Free,19,0.0,Unassigned,2023-03-13
ACC-02461,Barbara Moore,Metro Engineering,Business,Corporate,Professional Services,Auckland,Free,9,775.65,Rob Thompson,2020-09-15
ACC-02462,David Garcia,Unknown,Residential,Individual,Unknown,Bay of Plenty,Free,8,120.84,Unassigned,2020-05-10
ACC-02464,James Hernandez,Ridge Transport,Business,Corporate,Trades,Hawke's Bay,Premium,14,191.89,Unassigned,2021-06-08
ACC-02466,Robert Martinez,Unknown,Residential,Individual,Unknown,Canterbury,Free,4,0.0,Unassigned,2019-02-18
ACC-02467,Jennifer Jones,Unknown,Residential,Individual,Unknown,Canterbury,Free,3,0.0,Unassigned,2020-12-10
ACC-02470,David Brown,Sterling Medical,Business,Small Business,Agriculture,Auckland,Free,20,0.0,Unassigned,2022-04-25
ACC-02471,Michael Jackson,Metro Enterprises,Business,Small Business,Education,Canterbury,Free,18,0.0,Unassigned,2019-08-07
ACC-02472,Elizabeth Smith,Unknown,Residential,Corporate,Unknown,Auckland,Enterprise,14,371.24,Rob Thompson,2023-01-09
ACC-02473,Karen Anderson,Unknown,Residential,Individual,Unknown,Taranaki,Enterprise,45,112.28,Rob Thompson,2022-12-04
ACC-02474,Karen Smith,Southern Partners,Business,Small Business,Healthcare,Waikato,Basic,41,75.41,Unassigned,2018-01-21
ACC-02475,Linda Thomas,Central Group,Business,Individual,Construction,Waikato,Basic,8,162.24,Unassigned,2019-04-30
ACC-02476,James Wilson,Kiwi Ltd,Business,Corporate,Professional Services,Waikato,Premium,55,190.8,Unassigned,2022-01-26
ACC-02477,Robert Smith,Unknown,Residential,Corporate,Unknown,Canterbury,Basic,6,42.65,Unassigned,2019-11-22
ACC-02478,Charles Wilson,Unknown,Residential,Corporate,Unknown,Auckland,Free,5,0.0,Unassigned,2021-02-19
ACC-02480,Joseph Williams,Unknown,Residential,Corporate,Unknown,Canterbury,Enterprise,12,250.67,Rob Thompson,2019-04-10
ACC-02481,David Johnson,Frontier Ltd,Business,Corporate,Transport & Logistics,Canterbury,Enterprise,14,752.27,Lisa Hartley,2021-09-24
ACC-02483,Sarah Johnson,Unknown,Residential,Individual,Unknown,Wellington,Free,3,52.32,Unassigned,2018-04-18
ACC-02486,John Jackson,Highland Industries,Business,Individual,Professional Services,Canterbury,Enterprise,17,612.99,Sarah Chen,2019-02-23
ACC-02487,Karen Wilson,Peak Tech,Business,Corporate,Professional Services,Waikato,Free,22,0.0,Unassigned,2020-02-21
ACC-02488,Barbara Miller,Unknown,Residential,Individual,Unknown,Canterbury,Enterprise,2,329.86,Sarah Chen,2021-01-08
ACC-02489,Jennifer Anderson,Unknown,Residential,Corporate,Unknown,Bay of Plenty,Premium,21,122.24,Mike Patterson,2019-11-30
ACC-02490,Joseph Davis,Unknown,Residential,Corporate,Unknown,Canterbury,Basic,16,116.69,Lisa Hartley,2019-03-05
ACC-02491,Charles Smith,Pioneer Industries,Business,Corporate,Trades,Auckland,Enterprise,24,181.65,Sarah Chen,2023-07-02
ACC-02492,Patricia Hernandez,Ridge Medical,Business,Small Business,Manufacturing,Taranaki,Premium,41,198.94,Rob Thompson,2019-11-06
ACC-02493,James Hernandez,Harbour Partners,Business,Individual,Education,Canterbury,Premium,20,263.6,Sarah Chen,2021-02-25
ACC-02495,Jessica Miller,Pioneer Group,Business,Small Business,Retail,Canterbury,Premium,36,236.86,Mike Patterson,2020-08-28
ACC-02496,James Jackson,Northern Enterprises,Business,Corporate,Trades,Auckland,Free,37,0.0,Unassigned,2022-09-13
ACC-02498,Barbara Thomas,Gateway Ltd,Business,Corporate,Manufacturing,Wellington,Premium,3,0.0,Unassigned,2019-02-03
ACC-02499,Charles Jones,Kiwi Logistics,Business,Small Business,Construction,Canterbury,Enterprise,54,88.59,Unassigned,2020-12-01
ACC-02500,Elizabeth Lopez,Highland Construction,Business,Small Business,Construction,Hawke's Bay,Premium,46,169.05,Unassigned,2021-10-18
ACC-02501,Joseph Johnson,Frontier Partners,Business,Individual,Construction,Hawke's Bay,Free,59,0.0,Unassigned,2019-03-06
ACC-02502,Charles Garcia,Pacific Ltd,Business,Individual,Education,Canterbury,Premium,12,284.24,Rob Thompson,2020-08-27
ACC-02503,Robert Martin,Unknown,Residential,Individual,Unknown,Wellington,Free,6,17.01,Unassigned,2020-04-13
ACC-02504,Barbara Hernandez,Metro Tech,Business,Corporate,Education,Otago,Free,2,280.3,Mike Patterson,2022-03-06
ACC-02506,Charles Davis,Highland Enterprises,Business,Individual,Trades,Auckland,Premium,28,153.49,Sarah Chen,2021-12-14
ACC-02507,Karen Miller,Harbour Group,Business,Corporate,Trades,Auckland,Basic,35,405.98,Mike Patterson,2023-07-01
ACC-02508,Joseph Jackson,Unknown,Residential,Small Business,Unknown,Manawatu-Whanganui,Enterprise,31,407.32,Lisa Hartley,2022-05-26
ACC-02509,Jennifer Wilson,Valley Plumbing,Business,Small Business,Manufacturing,Auckland,Free,4,706.27,Sarah Chen,2023-03-05
ACC-02510,Sarah Jones,Island Transport,Business,Small Business,Education,Hawke's Bay,Premium,12,0.0,Unassigned,2020-10-24
ACC-02512,Jennifer Martinez,Unknown,Residential,Small Business,Unknown,Canterbury,Free,15,140.89,Unassigned,2019-12-07
ACC-02515,William Miller,Unknown,Residential,Individual,Unknown,Auckland,Premium,23,160.96,Unassigned,2021-12-05
ACC-02516,Robert Gonzalez,Unknown,Residential,Individual,Unknown,Canterbury,Free,8,278.0,Lisa Hartley,2018-08-13
ACC-02518,Barbara Garcia,Highland Enterprises,Business,Corporate,Professional Services,Canterbury,Premium,34,313.86,Mike Patterson,2021-12-20
ACC-02520,Mary Hernandez,Unknown,Residential,Individual,Unknown,Hawke's Bay,Enterprise,25,385.87,Rob Thompson,2021-07-16
ACC-02521,William Williams,Valley Construction,Business,Small Business,Education,Canterbury,Premium,5,200.2,Lisa Hartley,2020-05-28
ACC-02522,Barbara Thomas,Coastal Electrical,Business,Small Business,Transport & Logistics,Waikato,Basic,31,95.93,Unassigned,2021-06-10
ACC-02524,Linda Martinez,Unknown,Residential,Individual,Unknown,Auckland,Enterprise,52,300.38,Sarah Chen,2019-06-09
ACC-02525,David Anderson,Ridge Electrical,Business,Individual,Retail,Manawatu-Whanganui,Basic,24,762.95,Lisa Hartley,2023-07-10
ACC-02527,Jessica Williams,Unknown,Residential,Individual,Unknown,Auckland,Basic,5,56.49,Unassigned,2018-09-26
ACC-02528,Barbara Johnson,Apex Partners,Business,Individual,Professional Services,Wellington,Free,2,163.27,Sarah Chen,2018-07-05
ACC-02530,Mary Jones,Unknown,Residential,Individual,Unknown,Canterbury,Basic,33,51.03,Unassigned,2018-06-02
ACC-02532,Karen Thomas,Summit Medical,Business,Corporate,Trades,Manawatu-Whanganui,Enterprise,13,0.0,Unassigned,2022-12-03
ACC-02533,Sarah Davis,Highland Tech,Business,Small Business,Construction,Canterbury,Basic,43,89.7,Unassigned,2018-04-10
ACC-02534,Charles Johnson,Unknown,Residential,Individual,Unknown,Auckland,Free,13,0.0,Unassigned,2020-09-17
ACC-02535,Jessica Jackson,Harbour Systems,Business,Individual,Hospitality,Canterbury,Free,37,320.63,Sarah Chen,2023-07-09
ACC-02536,David Martin,Apex Consulting,Business,Corporate,Professional Services,Canterbury,Basic,9,538.06,Mike Patterson,2023-03-19
ACC-02537,Jessica Johnson,Unknown,Residential,Corporate,Unknown,Waikato,Premium,22,142.36,Unassigned,2020-08-03
ACC-02539,Sarah Williams,Unknown,Residential,Individual,Unknown,Auckland,Free,37,0.0,Unassigned,2023-09-03
ACC-02540,Barbara Gonzalez,Unknown,Residential,Individual,Unknown,Canterbury,Basic,14,44.21,Unassigned,2020-03-30
ACC-02541,Mary Taylor,Peak Solutions,Business,Corporate,Construction,Auckland,Basic,3,101.69,Sarah Chen,2018-02-08
ACC-02543,Charles Williams,Coastal Industries,Business,Corporate,Education,Otago,Basic,2,327.13,Lisa Hartley,2019-05-08
ACC-02544,Joseph Gonzalez,Apex Legal,Business,Individual,Construction,Nelson-Marlborough,Enterprise,9,182.33,Sarah Chen,2023-12-17
ACC-02549,Linda Lopez,Gateway Ltd,Business,Corporate,Construction,Wellington,Premium,49,222.27,Lisa Hartley,2023-06-19
ACC-02551,Elizabeth Hernandez,Sterling Engineering,Business,Small Business,Healthcare,Auckland,Enterprise,27,723.38,Mike Patterson,2023-02-02
ACC-02553,John Jackson,Valley Transport,Business,Small Business,Manufacturing,Auckland,Basic,4,0.0,Unassigned,2020-06-19
ACC-02554,Barbara Miller,Island Electrical,Business,Individual,Education,Auckland,Premium,25,112.58,Unassigned,2020-10-05
ACC-02556,David Lopez,Central Ltd,Business,Small Business,Healthcare,Auckland,Free,5,0.0,Unassigned,2018-12-15
ACC-02557,Jessica Jackson,Unknown,Residential,Individual,Unknown,Canterbury,Free,28,0.0,Unassigned,2021-05-26
ACC-02558,Karen Rodriguez,Unknown,Residential,Individual,Unknown,Canterbury,Enterprise,60,324.61,Rob Thompson,2021-12-01
ACC-02559,Charles Williams,Unknown,Residential,Individual,Unknown,Auckland,Basic,1,47.1,Unassigned,2021-04-10
ACC-02560,Mary Johnson,Pacific Transport,Business,Small Business,Technology,Waikato,Basic,37,73.75,Unassigned,2019-07-06
ACC-02561,David Jackson,Unknown,Residential,Corporate,Unknown,Waikato,Premium,37,101.94,Sarah Chen,2020-07-29
ACC-02562,Richard Jones,Valley Legal,Residential,Individual,Unknown,Otago,Premium,9,105.53,Unassigned,2022-04-17
ACC-02565,Barbara Anderson,Frontier Legal,Business,Small Business,Trades,Bay of Plenty,Basic,25,46.65,Unassigned,2023-07-15
ACC-02568,Richard Lopez,Unknown,Residential,Individual,Unknown,Otago,Premium,33,103.65,Unassigned,2023-06-28
ACC-02569,Barbara Rodriguez,Highland Logistics,Business,Individual,Retail,Waikato,Enterprise,6,241.6,Mike Patterson,2022-05-02
ACC-02570,Barbara Anderson,Peak Plumbing,Business,Individual,Professional Services,Auckland,Basic,1,702.22,Lisa Hartley,2019-01-11
ACC-02571,Joseph Wilson,Central Industries,Business,Corporate,Professional Services,Canterbury,Basic,15,105.77,Unassigned,2020-09-22
ACC-02572,Barbara Anderson,Central Partners,Business,Corporate,Hospitality,Auckland,Premium,27,0.0,Unassigned,2021-09-03
ACC-02573,Michael Rodriguez,Peak Enterprises,Business,Corporate,Professional Services,Hawke's Bay,Enterprise,33,673.26,Lisa Hartley,2021-08-23
ACC-02574,Susan Taylor,Unknown,Residential,Individual,Unknown,Hawke's Bay,Basic,5,34.19,Unassigned,2019-10-23
ACC-02577,Charles Rodriguez,Central Plumbing,Business,Small Business,Professional Services,Canterbury,Premium,60,852.13,Lisa Hartley,2018-06-02
ACC-02578,Jessica Jones,Unknown,Residential,Small Business,Unknown,Canterbury,Premium,22,118.23,Rob Thompson,2020-01-20
ACC-02579,Charles Johnson,Gateway Logistics,Business,Small Business,Retail,Auckland,Basic,7,57.69,Unassigned,2023-07-24
ACC-02580,Joseph Brown,Valley Services,Business,Small Business,Manufacturing,Auckland,Free,31,0.0,Unassigned,2022-03-05
ACC-02582,David Gonzalez,Central Electrical,Business,Individual,Retail,Waikato,Premium,38,210.24,Sarah Chen,2021-01-31
ACC-02585,Sarah Moore,Southern Industries,Business,Corporate,Healthcare,Canterbury,Enterprise,1,0.0,Unassigned,2018-07-26
ACC-02586,David Hernandez,Central Transport,Business,Corporate,Construction,Waikato,Basic,11,112.01,Unassigned,2018-06-25
ACC-02588,John Wilson,Coastal Logistics,Business,Corporate,Professional Services,Nelson-Marlborough,Basic,44,713.18,Mike Patterson,2023-04-13
ACC-02590,John Gonzalez,Central Tech,Business,Small Business,Professional Services,Canterbury,Enterprise,18,0.0,Unassigned,2022-12-13
ACC-02591,Richard Taylor,Pioneer Systems,Business,Individual,Manufacturing,Otago,Enterprise,19,214.29,Lisa Hartley,2019-03-17
ACC-02592,David Smith,Peak Services,Business,Individual,Hospitality,Manawatu-Whanganui,Basic,7,115.53,Unassigned,2019-03-25
ACC-02593,Barbara Gonzalez,Frontier Legal,Business,Small Business,Healthcare,Auckland,Enterprise,54,614.26,Sarah Chen,2018-02-22
ACC-02594,Charles Garcia,Kiwi Legal,Business,Corporate,Construction,Canterbury,Premium,6,208.66,Lisa Hartley,2020-08-08
ACC-02596,Elizabeth Johnson,Unknown,Residential,Small Business,Unknown,Canterbury,Premium,7,124.82,Mike Patterson,2021-08-18
ACC-02597,Charles Rodriguez,Central Group,Business,Corporate,Construction,Canterbury,Basic,54,57.47,Unassigned,2021-09-02
ACC-02598,Barbara Hernandez,Pacific Construction,Business,Small Business,Construction,Canterbury,Free,20,0.0,Unassigned,2023-09-19
ACC-02599,Susan Davis,Pacific Industries,Business,Corporate,Construction,Hawke's Bay,Basic,46,75.46,Unassigned,2020-02-03
ACC-02600,Karen Miller,Harbour Solutions,Business,Small Business,Transport & Logistics,Nelson-Marlborough,Enterprise,46,508.42,Rob Thompson,2020-05-01
ACC-02603,Charles Jackson,Gateway Dental,Business,Corporate,Healthcare,Otago,Basic,3,238.37,Sarah Chen,2020-10-03
ACC-02604,Thomas Taylor,Coastal Enterprises,Business,Small Business,Construction,Waikato,Enterprise,30,669.49,Mike Patterson,2018-08-10
ACC-02606,Charles Smith,Coastal Services,Business,Corporate,Professional Services,Auckland,Free,20,177.58,Unassigned,2019-03-14
ACC-02608,David Johnson,Unknown,Residential,Individual,Unknown,Canterbury,Premium,29,139.62,Unassigned,2020-10-12
ACC-02609,John Jackson,Unknown,Residential,Individual,Unknown,Canterbury,Basic,58,34.27,Unassigned,2019-12-22
ACC-02610,Michael Martin,Unknown,Residential,Individual,Unknown,Bay of Plenty,Basic,18,52.12,Unassigned,2023-08-16
ACC-02611,Joseph Garcia,Highland Engineering,Business,Corporate,Trades,Wellington,Basic,27,737.19,Mike Patterson,2019-12-06
ACC-02612,Susan Thomas,Unknown,Residential,Individual,Unknown,Canterbury,Basic,39,37.73,Unassigned,2018-07-02
ACC-02613,Linda Brown,Metro Engineering,Business,Individual,Professional Services,Otago,Basic,17,556.78,Sarah Chen,2021-11-25
ACC-02614,John Thomas,Unknown,Residential,Corporate,Unknown,Canterbury,Premium,12,325.57,Lisa Hartley,2023-11-04
ACC-02616,Patricia Thomas,Valley Consulting,Business,Corporate,Construction,Canterbury,Free,20,0.0,Unassigned,2018-11-15
ACC-02617,Barbara Davis,Kiwi Holdings,Business,Corporate,Construction,Wellington,Enterprise,48,253.15,Lisa Hartley,2021-03-25
ACC-02619,Charles Johnson,Unknown,Residential,Individual,Unknown,Northland,Enterprise,13,0.0,Unassigned,2021-01-22
ACC-02620,William Smith,Unknown,Residential,Individual,Unknown,Canterbury,Enterprise,17,400.7,Lisa Hartley,2022-03-22
ACC-02621,John Hernandez,Unknown,Residential,Individual,Unknown,Auckland,Free,15,121.23,Unassigned,2018-09-22
ACC-02622,Barbara Brown,Unknown,Residential,Individual,Unknown,Canterbury,Basic,38,43.45,Unassigned,2021-01-08
ACC-02624,Barbara Miller,Peak Group,Business,Corporate,Professional Services,Canterbury,Enterprise,7,170.14,Unassigned,2019-01-11
ACC-02626,Richard Hernandez,Highland Ltd,Business,Small Business,Healthcare,Otago,Premium,24,109.42,Lisa Hartley,2023-08-27
ACC-02627,John Johnson,Harbour Tech,Business,Corporate,Trades,Canterbury,Premium,5,216.57,Rob Thompson,2019-04-20
ACC-02628,Karen Anderson,Unknown,Residential,Small Business,Unknown,Canterbury,Basic,15,52.31,Unassigned,2021-03-31
ACC-02629,Robert Thomas,Kiwi Dental,Business,Small Business,Property Management,Otago,Premium,28,212.92,Lisa Hartley,2019-07-03
ACC-02631,John Wilson,Peak Partners,Residential,Individual,Unknown,Canterbury,Premium,6,113.75,Unassigned,2020-03-04
ACC-02632,John Jones,Summit Industries,Business,Individual,Education,Wellington,Basic,20,746.18,Sarah Chen,2019-07-12
ACC-02634,Richard Hernandez,Southern Services,Business,Corporate,Hospitality,Canterbury,Basic,20,85.53,Unassigned,2022-01-14
ACC-02635,Patricia Hernandez,Unknown,Residential,Individual,Unknown,Waikato,Premium,15,157.24,Unassigned,2022-04-26
ACC-02636,Jennifer Wilson,Unknown,Residential,Corporate,Unknown,Canterbury,Basic,33,43.79,Unassigned,2021-02-12
ACC-02637,Michael Gonzalez,Unknown,Residential,Individual,Unknown,Wellington,Enterprise,12,296.26,Lisa Hartley,2021-02-10
ACC-02638,Barbara Thomas,Unknown,Residential,Individual,Unknown,Otago,Free,29,0.0,Unassigned,2020-09-15
ACC-02639,Jessica Lopez,Central Solutions,Business,Corporate,Hospitality,Wellington,Premium,15,104.13,Unassigned,2021-07-07
ACC-02640,Jessica Lopez,Pioneer Solutions,Business,Corporate,Trades,Wellington,Basic,17,803.37,Lisa Hartley,2023-06-20
ACC-02641,Jessica Johnson,Unknown,Residential,Individual,Unknown,Auckland,Premium,15,129.7,Unassigned,2022-12-09
ACC-02642,Charles Davis,Apex Group,Business,Corporate,Construction,Waikato,Free,19,0.0,Unassigned,2019-04-23
ACC-02643,Barbara Miller,Island Services,Business,Corporate,Trades,Waikato,Enterprise,50,238.53,Lisa Hartley,2018-02-09
ACC-02644,Charles Anderson,Pioneer Partners,Business,Corporate,Construction,Canterbury,Premium,24,186.88,Unassigned,2019-11-21
ACC-02647,Joseph Taylor,Island Group,Business,Small Business,Education,Hawke's Bay,Basic,60,858.77,Rob Thompson,2019-05-11
ACC-02648,Joseph Moore,Central Holdings,Business,Corporate,Healthcare,Nelson-Marlborough,Basic,55,80.58,Unassigned,2019-02-01
ACC-02649,Robert Taylor,Coastal Ltd,Business,Small Business,Agriculture,Auckland,Basic,37,102.78,Unassigned,2020-11-02
ACC-02650,Sarah Lopez,Pacific Medical,Business,Corporate,Professional Services,Otago,Free,15,184.83,Unassigned,2022-02-24
ACC-02651,David Rodriguez,Metro Group,Business,Corporate,Trades,Canterbury,Basic,6,60.65,Unassigned,2022-06-15
ACC-02654,Jessica Brown,Unknown,Residential,Individual,Unknown,Waikato,Enterprise,21,427.69,Mike Patterson,2018-12-08
ACC-02655,John Anderson,Pioneer Plumbing,Business,Corporate,Retail,Canterbury,Basic,24,0.0,Unassigned,2018-05-04
ACC-02657,John Hernandez,Valley Medical,Business,Corporate,Healthcare,Hawke's Bay,Free,7,13.71,Unassigned,2023-12-13
ACC-02658,John Brown,Pioneer Engineering,Business,Small Business,Education,Canterbury,Premium,29,184.04,Sarah Chen,2020-07-31
ACC-02659,Elizabeth Garcia,Unknown,Residential,Individual,Unknown,Northland,Basic,36,36.56,Unassigned,2020-03-27
ACC-02660,Elizabeth Williams,Pacific Ltd,Business,Small Business,Retail,Auckland,Premium,29,145.5,Sarah Chen,2021-12-15
ACC-02661,William Martinez,Kiwi Systems,Business,Small Business,Transport & Logistics,Otago,Free,9,0.0,Unassigned,2018-12-10
ACC-02662,Barbara Hernandez,Highland Consulting,Business,Corporate,Trades,Waikato,Free,52,392.08,Rob Thompson,2023-11-01
ACC-02664,Michael Martin,Unknown,Residential,Individual,Unknown,Wellington,Enterprise,53,352.96,Mike Patterson,2019-08-03
ACC-02665,Michael Jackson,Kiwi Legal,Business,Corporate,Manufacturing,Bay of Plenty,Basic,14,84.7,Unassigned,2020-08-06
ACC-02666,Charles Thomas,Unknown,Residential,Corporate,Unknown,Auckland,Enterprise,16,391.78,Mike Patterson,2018-05-22
ACC-02667,David Hernandez,Kiwi Construction,Business,Corporate,Trades,Wellington,Basic,36,95.82,Unassigned,2022-11-24
ACC-02668,Joseph Jackson,Island Construction,Business,Small Business,Trades,Hawke's Bay,Premium,11,319.78,Rob Thompson,2019-12-13
ACC-02669,James Davis,Southern Legal,Business,Individual,Education,Nelson-Marlborough,Enterprise,18,790.26,Mike Patterson,2022-03-20
ACC-02671,James Garcia,Gateway Legal,Business,Corporate,Construction,Canterbury,Basic,28,97.43,Unassigned,2023-12-18
ACC-02672,Charles Martin,Gateway Medical,Business,Small Business,Technology,Auckland,Basic,18,58.37,Unassigned,2021-05-09
ACC-02673,Jennifer Brown,Unknown,Residential,Individual,Unknown,Canterbury,Enterprise,33,132.65,Unassigned,2018-09-23
ACC-02675,Joseph Martinez,Unknown,Residential,Corporate,Unknown,Auckland,Enterprise,13,39.75,Unassigned,2018-10-08
ACC-02677,Patricia Smith,Unknown,Residential,Individual,Unknown,Canterbury,Free,26,0.0,Unassigned,2018-04-15
ACC-02678,Robert Martinez,Harbour Plumbing,Business,Corporate,Construction,Taranaki,Premium,7,166.5,Unassigned,2021-06-27
ACC-02680,Elizabeth Brown,Ridge Legal,Business,Small Business,Retail,Auckland,Free,51,0.0,Unassigned,2022-05-29
ACC-02682,Michael Johnson,Unknown,Residential,Individual,Unknown,Otago,Enterprise,40,296.83,Rob Thompson,2018-04-23
ACC-02683,Mary Jones,Unknown,Residential,Individual,Unknown,Auckland,Free,49,0.0,Unassigned,2022-07-03
ACC-02684,Sarah Anderson,Central Transport,Business,Individual,Trades,Wellington,Basic,8,29.43,Unassigned,2023-09-28
ACC-02687,Jennifer Davis,Valley Group,Business,Individual,Professional Services,Bay of Plenty,Enterprise,55,554.38,Rob Thompson,2022-06-19
ACC-02695,Barbara Hernandez,Unknown,Residential,Individual,Unknown,Wellington,Basic,30,39.26,Unassigned,2023-04-13
ACC-02696,Joseph Johnson,Island Logistics,Business,Individual,Trades,Waikato,Enterprise,48,0.0,Unassigned,2020-05-06
ACC-02697,Charles Anderson,Unknown,Residential,Individual,Unknown,Auckland,Basic,50,38.34,Unassigned,2021-08-20
ACC-02699,James Rodriguez,Pacific Construction,Business,Small Business,Construction,Waikato,Enterprise,12,795.52,Lisa Hartley,2018-09-13
ACC-02700,Linda Lopez,Metro Consulting,Business,Small Business,Construction,Canterbury,Basic,3,59.29,Unassigned,2019-10-19
ACC-02701,Karen Brown,Gateway Industries,Business,Corporate,Trades,Canterbury,Basic,34,101.4,Unassigned,2020-12-30
ACC-02702,Michael Taylor,Unknown,Residential,Corporate,Unknown,Canterbury,Premium,58,127.95,Rob Thompson,2022-01-16
ACC-02704,David Garcia,Unknown,Residential,Individual,Unknown,Manawatu-Whanganui,Free,3,125.07,Unassigned,2019-08-22
ACC-02705,Jennifer Williams,Unknown,Residential,Individual,Unknown,Canterbury,Free,15,311.83,Mike Patterson,2022-01-18
ACC-02706,Linda Brown,Peak Group,Business,Small Business,Hospitality,Canterbury,Basic,16,172.32,Unassigned,2023-09-24
ACC-02708,Robert Taylor,Central Holdings,Business,Corporate,Trades,Taranaki,Basic,40,58.77,Unassigned,2023-10-04
ACC-02709,Barbara Hernandez,Unknown,Residential,Individual,Unknown,Wellington,Free,8,0.0,Unassigned,2018-03-09
ACC-02711,James Hernandez,Unknown,Residential,Corporate,Unknown,Canterbury,Enterprise,15,455.05,Sarah Chen,2018-01-27
ACC-02713,Sarah Davis,Coastal Industries,Business,Corporate,Construction,Otago,Premium,26,215.7,Rob Thompson,2022-05-10
ACC-02714,Joseph Jones,Unknown,Residential,Individual,Unknown,Auckland,Enterprise,10,346.46,Mike Patterson,2018-09-18
ACC-02715,John Jackson,Kiwi Tech,Business,Corporate,Agriculture,Otago,Basic,10,0.0,Unassigned,2018-06-04
ACC-02716,Jessica Lopez,Southern Dental,Business,Corporate,Education,Waikato,Premium,31,250.27,Sarah Chen,2019-01-09
ACC-02718,Jennifer Jackson,Gateway Construction,Business,Small Business,Trades,Otago,Enterprise,41,219.06,Rob Thompson,2020-02-27
ACC-02719,James Martin,Coastal Industries,Business,Small Business,Healthcare,Waikato,Basic,14,114.54,Lisa Hartley,2023-11-18
ACC-02720,Patricia Brown,Unknown,Residential,Small Business,Unknown,Hawke's Bay,Free,53,0.0,Unassigned,2020-12-17
ACC-02721,Elizabeth Moore,Pioneer Group,Business,Individual,Construction,Hawke's Bay,Enterprise,4,0.0,Unassigned,2018-09-28
ACC-02722,Jennifer Smith,Unknown,Residential,Small Business,Unknown,Southland,Enterprise,16,123.77,Mike Patterson,2020-08-30
ACC-02723,David Brown,Unknown,Residential,Corporate,Unknown,Otago,Premium,9,133.09,Rob Thompson,2019-04-07
ACC-02724,Mary Martinez,Alpha Logistics,Business,Corporate,Property Management,Canterbury,Enterprise,16,402.95,Lisa Hartley,2019-09-03
ACC-02725,Elizabeth Williams,Gateway Holdings,Business,Corporate,Professional Services,Otago,Enterprise,1,0.0,Unassigned,2023-12-14
ACC-02726,Joseph Jones,Unknown,Residential,Individual,Unknown,Auckland,Premium,44,148.61,Unassigned,2020-02-19
ACC-02728,Thomas Brown,Summit Ltd,Business,Corporate,Healthcare,Canterbury,Premium,48,141.18,Unassigned,2020-03-01
ACC-02729,Mary Jackson,Unknown,Residential,Individual,Unknown,Canterbury,Free,20,0.0,Unassigned,2021-02-21
ACC-02730,Robert Miller,Central Services,Business,Corporate,Healthcare,Auckland,Free,38,0.0,Unassigned,2021-12-03
ACC-02731,Joseph Williams,Northern Group,Business,Small Business,Retail,Canterbury,Free,19,0.0,Unassigned,2018-02-13
ACC-02733,Linda Williams,Unknown,Residential,Individual,Unknown,Waikato,Basic,1,39.11,Unassigned,2019-06-14
ACC-02734,Susan Brown,Peak Construction,Business,Individual,Trades,Auckland,Free,2,0.0,Unassigned,2021-12-28
ACC-02735,Barbara Wilson,Coastal Systems,Business,Corporate,Professional Services,Auckland,Enterprise,7,284.24,Rob Thompson,2023-04-02
ACC-02736,Charles Taylor,Unknown,Residential,Small Business,Unknown,Canterbury,Free,24,0.0,Unassigned,2019-03-20
ACC-02737,James Jackson,Metro Ltd,Business,Individual,Retail,Canterbury,Enterprise,11,0.0,Unassigned,2019-09-14
ACC-02738,Linda Johnson,Pioneer Consulting,Business,Individual,Manufacturing,Otago,Enterprise,41,651.62,Rob Thompson,2021-11-26
ACC-02739,Charles Wilson,Central Consulting,Business,Corporate,Agriculture,Auckland,Enterprise,16,607.53,Mike Patterson,2019-10-28
ACC-02741,Jennifer Taylor,Harbour Group,Business,Corporate,Agriculture,Auckland,Enterprise,45,246.58,Sarah Chen,2019-02-06
ACC-02743,Mary Martinez,Pioneer Dental,Business,Small Business,Retail,Auckland,Premium,33,192.38,Unassigned,2022-09-07
ACC-02745,Karen Lopez,Unknown,Residential,Individual,Unknown,Bay of Plenty,Free,42,95.32,Unassigned,2019-02-28
ACC-02746,David Taylor,Unknown,Residential,Corporate,Unknown,Canterbury,Free,13,0.0,Unassigned,2020-09-04
ACC-02747,Joseph Moore,Alpha Industries,Business,Small Business,Education,Wellington,Free,46,0.0,Unassigned,2019-08-21
ACC-02748,Joseph Brown,Coastal Services,Business,Corporate,Retail,Canterbury,Enterprise,47,828.52,Rob Thompson,2021-10-09
ACC-02749,Charles Garcia,Apex Services,Residential,Individual,Unknown,Wellington,Enterprise,14,46.63,Unassigned,2021-03-13
ACC-02750,Elizabeth Brown,Sterling Dental,Business,Corporate,Construction,Bay of Plenty,Premium,48,63.71,Unassigned,2023-04-12
ACC-02751,Mary Williams,Unknown,Residential,Small Business,Unknown,Auckland,Free,43,0.0,Unassigned,2019-08-14
ACC-02752,Richard Jackson,Valley Partners,Business,Corporate,Professional Services,Waikato,Enterprise,25,713.22,Sarah Chen,2018-12-25
ACC-02753,Patricia Gonzalez,Unknown,Residential,Individual,Unknown,Wellington,Free,46,0.0,Unassigned,2020-11-04
ACC-02754,Barbara Garcia,Unknown,Residential,Individual,Unknown,Wellington,Enterprise,25,346.64,Sarah Chen,2023-05-17
ACC-02755,Barbara Davis,Pacific Partners,Business,Individual,Manufacturing,Wellington,Premium,24,679.47,Sarah Chen,2019-11-24
ACC-02756,David Smith,Valley Legal,Business,Small Business,Healthcare,Canterbury,Basic,36,84.85,Unassigned,2023-10-13
ACC-02757,John Martin,Apex Services,Business,Corporate,Retail,Auckland,Basic,44,0.0,Unassigned,2018-06-28
ACC-02758,Charles Anderson,Highland Medical,Business,Individual,Professional Services,Bay of Plenty,Basic,2,509.91,Mike Patterson,2021-05-28
ACC-02759,Robert Miller,Valley Solutions,Business,Small Business,Manufacturing,Hawke's Bay,Basic,4,117.46,Unassigned,2023-12-23
ACC-02764,Jennifer Johnson,Summit Group,Business,Corporate,Professional Services,Canterbury,Basic,21,761.46,Sarah Chen,2018-05-07
ACC-02766,David Moore,Kiwi Electrical,Business,Small Business,Construction,Auckland,Basic,53,72.0,Unassigned,2020-10-27
ACC-02767,John Thomas,Sterling Holdings,Business,Corporate,Construction,Canterbury,Free,43,0.0,Unassigned,2021-11-23
ACC-02768,Thomas Brown,Island Plumbing,Business,Small Business,Construction,Auckland,Free,38,0.0,Unassigned,2023-11-08
ACC-02770,Patricia Jones,Central Ltd,Business,Corporate,Hospitality,Canterbury,Enterprise,52,672.73,Rob Thompson,2023-09-12
ACC-02773,Elizabeth Hernandez,Central Solutions,Business,Corporate,Technology,Wellington,Premium,12,197.02,Unassigned,2018-11-30
ACC-02774,Richard Lopez,Harbour Engineering,Business,Corporate,Hospitality,Wellington,Enterprise,36,685.87,Rob Thompson,2019-01-17
ACC-02775,John Johnson,Gateway Plumbing,Business,Corporate,Retail,Waikato,Basic,60,101.72,Unassigned,2018-01-18
ACC-02777,Richard Jackson,Unknown,Residential,Individual,Unknown,Manawatu-Whanganui,Enterprise,13,270.4,Mike Patterson,2022-10-02
ACC-02779,David Brown,Northern Ltd,Business,Small Business,Property Management,Waikato,Free,35,0.0,Unassigned,2023-11-19
ACC-02781,Robert Johnson,Unknown,Residential,Small Business,Unknown,Canterbury,Basic,1,42.54,Unassigned,2019-05-10
ACC-02782,Elizabeth Moore,Frontier Ltd,Business,Corporate,Manufacturing,Wellington,Free,7,0.0,Unassigned,2018-06-12
ACC-02783,Jennifer Smith,Kiwi Logistics,Business,Corporate,Education,Canterbury,Premium,3,502.08,Mike Patterson,2020-03-16
ACC-02784,Jessica Davis,Apex Enterprises,Business,Small Business,Retail,Auckland,Basic,25,60.0,Unassigned,2019-01-24
ACC-02785,Patricia Brown,Peak Group,Business,Corporate,Hospitality,Auckland,Basic,13,77.07,Unassigned,2019-06-16
ACC-02787,Jessica Jackson,Alpha Plumbing,Business,Corporate,Trades,Bay of Plenty,Basic,33,0.0,Unassigned,2019-11-16
ACC-02789,Sarah Wilson,Island Plumbing,Business,Individual,Trades,Canterbury,Free,1,562.62,Rob Thompson,2022-01-03
ACC-02790,Joseph Martinez,Unknown,Residential,Small Business,Unknown,Auckland,Basic,5,298.67,Sarah Chen,2023-07-08
ACC-02791,Elizabeth Smith,Alpha Electrical,Business,Small Business,Education,Manawatu-Whanganui,Premium,56,268.63,Rob Thompson,2019-10-01
ACC-02792,Mary Johnson,Alpha Transport,Business,Small Business,Professional Services,Waikato,Basic,21,207.62,Rob Thompson,2021-10-20
ACC-02793,Patricia Moore,Sterling Services,Business,Individual,Professional Services,Nelson-Marlborough,Free,17,0.0,Unassigned,2022-12-22
ACC-02794,Robert Smith,Unknown,Residential,Individual,Unknown,Canterbury,Enterprise,28,331.72,Sarah Chen,2023-04-15
ACC-02795,Barbara Miller,Pioneer Tech,Business,Corporate,Education,Canterbury,Enterprise,33,393.68,Sarah Chen,2019-10-05
ACC-02799,Charles Taylor,Harbour Services,Business,Corporate,Trades,Otago,Enterprise,43,197.6,Mike Patterson,2020-12-08
ACC-02800,Elizabeth Wilson,Unknown,Residential,Small Business,Unknown,Canterbury,Free,36,0.0,Unassigned,2021-02-23
ACC-02801,Karen Anderson,Southern Industries,Business,Corporate,Property Management,Canterbury,Free,19,785.4,Rob Thompson,2023-06-27
ACC-02802,Barbara Jones,Harbour Services,Business,Corporate,Professional Services,Canterbury,Basic,4,618.44,Lisa Hartley,2020-12-06
ACC-02803,Charles Jackson,Peak Industries,Business,Small Business,Manufacturing,Canterbury,Basic,6,106.72,Unassigned,2019-01-22
ACC-02804,Barbara Johnson,Unknown,Residential,Corporate,Unknown,Canterbury,Enterprise,41,337.16,Lisa Hartley,2018-11-07
ACC-02805,Charles Garcia,Unknown,Residential,Individual,Unknown,Canterbury,Free,55,0.0,Unassigned,2021-01-04
ACC-02806,Elizabeth Wilson,Apex Partners,Business,Individual,Technology,Auckland,Free,8,101.9,Unassigned,2021-06-20
ACC-02807,Richard Wilson,Unknown,Residential,Small Business,Unknown,Auckland,Premium,59,101.02,Unassigned,2020-11-19
ACC-02809,Michael Johnson,Coastal Partners,Business,Corporate,Retail,Canterbury,Free,46,0.0,Unassigned,2022-03-11
ACC-02810,Michael Taylor,Gateway Group,Business,Corporate,Trades,Auckland,Basic,45,119.71,Unassigned,2019-04-20
ACC-02812,Linda Rodriguez,Island Partners,Business,Individual,Healthcare,Wellington,Free,3,0.0,Unassigned,2020-03-22
ACC-02814,David Jones,Unknown,Residential,Individual,Unknown,Canterbury,Free,24,0.0,Unassigned,2020-09-27
ACC-02816,Elizabeth Martin,Alpha Dental,Business,Small Business,Trades,Wellington,Premium,24,161.51,Unassigned,2023-04-03
ACC-02817,David Martinez,Unknown,Residential,Corporate,Unknown,Wellington,Free,2,0.0,Unassigned,2018-12-22
ACC-02818,William Davis,Northern Industries,Business,Corporate,Retail,Northland,Free,57,0.0,Unassigned,2022-11-07
ACC-02821,Richard Gonzalez,Unknown,Residential,Corporate,Unknown,Otago,Free,8,128.1,Unassigned,2022-11-05
ACC-02823,Karen Rodriguez,Highland Ltd,Business,Small Business,Manufacturing,Auckland,Basic,32,465.21,Mike Patterson,2021-12-10
ACC-02826,Barbara Garcia,Peak Partners,Business,Corporate,Trades,Canterbury,Basic,1,64.02,Unassigned,2019-02-12
ACC-02827,Charles Martinez,Unknown,Residential,Individual,Unknown,Auckland,Free,15,0.0,Unassigned,2023-09-14
ACC-02830,Charles Jones,Ridge Engineering,Business,Corporate,Hospitality,Wellington,Enterprise,58,720.17,Lisa Hartley,2018-10-12
ACC-02832,William Garcia,Unknown,Residential,Small Business,Unknown,Wellington,Premium,22,133.81,Unassigned,2018-03-24
ACC-02835,James Jackson,Unknown,Residential,Individual,Unknown,Manawatu-Whanganui,Basic,11,51.24,Unassigned,2018-03-09
ACC-02836,David Jones,Coastal Systems,Business,Corporate,Hospitality,Canterbury,Free,11,0.0,Unassigned,2020-09-16
ACC-02837,Linda Garcia,Unknown,Residential,Corporate,Unknown,Waikato,Enterprise,26,344.03,Lisa Hartley,2022-08-23
ACC-02839,Jessica Hernandez,Northern Group,Business,Individual,Education,Canterbury,Free,39,891.07,Lisa Hartley,2022-08-09
ACC-02840,Charles Taylor,Highland Industries,Business,Small Business,Healthcare,Auckland,Basic,41,91.19,Unassigned,2023-11-28
ACC-02842,David Davis,Southern Consulting,Business,Corporate,Trades,Canterbury,Enterprise,13,0.0,Unassigned,2019-07-09
ACC-02843,David Hernandez,Valley Legal,Business,Small Business,Retail,Canterbury,Premium,5,266.11,Lisa Hartley,2023-12-24
ACC-02844,Barbara Jones,Unknown,Residential,Individual,Unknown,Canterbury,Premium,31,317.35,Mike Patterson,2018-09-27
ACC-02845,Robert Brown,Unknown,Residential,Individual,Unknown,Otago,Free,54,0.0,Unassigned,2020-10-30
ACC-02846,Richard Lopez,Frontier Plumbing,Business,Corporate,Construction,Otago,Enterprise,20,621.73,Rob Thompson,2020-06-30
ACC-02847,James Jackson,Unknown,Residential,Corporate,Unknown,Canterbury,Basic,21,109.06,Rob Thompson,2019-03-05
ACC-02851,Charles Martinez,Unknown,Residential,Individual,Unknown,Auckland,Premium,34,138.14,Unassigned,2023-02-25
ACC-02854,Joseph Martinez,Unknown,Residential,Individual,Unknown,Southland,Basic,18,118.49,Sarah Chen,2023-01-14
ACC-02855,Sarah Lopez,Peak Holdings,Business,Corporate,Construction,Wellington,Basic,44,79.69,Unassigned,2019-11-10
ACC-02856,James Williams,Sterling Plumbing,Business,Corporate,Professional Services,Taranaki,Free,34,0.0,Unassigned,2023-06-30
ACC-02858,Susan Martin,Unknown,Residential,Individual,Unknown,Canterbury,Premium,57,117.05,Mike Patterson,2022-12-08
ACC-02861,Sarah Taylor,Northern Logistics,Business,Corporate,Construction,Wellington,Premium,3,165.8,Unassigned,2023-02-01
ACC-02862,Charles Jackson,Harbour Holdings,Residential,Individual,Unknown,Wellington,Premium,30,129.85,Unassigned,2023-09-05
ACC-02863,Barbara Davis,Sterling Solutions,Business,Corporate,Manufacturing,Canterbury,Basic,36,261.51,Sarah Chen,2021-08-15
ACC-02864,David Smith,Gateway Partners,Business,Small Business,Retail,Hawke's Bay,Free,21,0.0,Unassigned,2023-10-07
ACC-02865,Karen Hernandez,Coastal Group,Business,Corporate,Agriculture,Canterbury,Free,5,0.0,Unassigned,2018-06-27
ACC-02867,Barbara Martinez,Unknown,Residential,Individual,Unknown,Wellington,Premium,7,87.88,Unassigned,2019-12-20
ACC-02868,Jennifer Hernandez,Alpha Logistics,Business,Small Business,Transport & Logistics,Auckland,Enterprise,5,656.63,Lisa Hartley,2018-06-15
ACC-02869,John Williams,Metro Logistics,Business,Corporate,Healthcare,Canterbury,Basic,5,62.25,Unassigned,2023-06-09
ACC-02870,Joseph Jackson,Gateway Group,Business,Individual,Professional Services,Auckland,Basic,16,98.23,Unassigned,2018-02-04
ACC-02871,Barbara Jones,Sterling Legal,Business,Small Business,Education,Auckland,Enterprise,13,621.3,Mike Patterson,2023-10-21
ACC-02872,Barbara Taylor,Kiwi Electrical,Business,Corporate,Agriculture,Otago,Free,43,0.0,Unassigned,2023-03-14
ACC-02873,Charles Jones,Unknown,Residential,Individual,Unknown,Northland,Premium,14,111.16,Lisa Hartley,2023-02-09
ACC-02874,Charles Anderson,Peak Consulting,Business,Corporate,Retail,Canterbury,Premium,45,268.95,Sarah Chen,2018-01-11
ACC-02875,Michael Martinez,Unknown,Residential,Small Business,Unknown,Canterbury,Premium,13,120.16,Unassigned,2019-09-03
ACC-02876,Joseph Anderson,Sterling Industries,Business,Corporate,Retail,Wellington,Free,20,0.0,Unassigned,2018-10-17
ACC-02877,Charles Smith,Summit Solutions,Business,Corporate,Hospitality,Canterbury,Free,17,217.64,Lisa Hartley,2023-11-13
ACC-02880,Karen Miller,Unknown,Residential,Individual,Unknown,Canterbury,Enterprise,20,289.3,Mike Patterson,2021-05-30
ACC-02881,Mary Smith,Pioneer Logistics,Business,Small Business,Retail,Canterbury,Basic,17,61.12,Unassigned,2019-12-04
ACC-02882,Elizabeth Moore,Island Solutions,Business,Corporate,Retail,Auckland,Enterprise,8,933.77,Sarah Chen,2019-11-20
ACC-02885,William Hernandez,Peak Systems,Business,Small Business,Professional Services,Taranaki,Free,59,0.0,Unassigned,2020-12-19
ACC-02886,Barbara Gonzalez,Apex Logistics,Business,Corporate,Construction,Canterbury,Premium,36,91.0,Unassigned,2020-02-15
ACC-02889,Jennifer Martin,Ridge Dental,Business,Corporate,Retail,Auckland,Enterprise,10,603.17,Lisa Hartley,2020-06-03
ACC-02890,John Jones,Pacific Consulting,Business,Corporate,Trades,Wellington,Premium,12,0.0,Unassigned,2021-09-04
ACC-02891,Sarah Davis,Central Tech,Business,Small Business,Professional Services,Hawke's Bay,Basic,28,55.37,Unassigned,2019-07-19
ACC-02892,Barbara Garcia,Summit Services,Business,Corporate,Construction,Wellington,Basic,31,58.72,Unassigned,2019-02-11
ACC-02893,Elizabeth Taylor,Highland Legal,Business,Corporate,Retail,Auckland,Basic,30,104.32,Unassigned,2019-10-28
ACC-02894,Michael Lopez,Apex Services,Business,Corporate,Manufacturing,Canterbury,Enterprise,16,730.67,Rob Thompson,2018-02-06
ACC-02896,James Rodriguez,Unknown,Residential,Small Business,Unknown,Auckland,Enterprise,10,0.0,Unassigned,2022-11-13
ACC-02897,Jennifer Jackson,Harbour Partners,Business,Small Business,Education,Taranaki,Basic,41,54.86,Unassigned,2021-01-16
ACC-02898,Linda Moore,Unknown,Residential,Individual,Unknown,Canterbury,Free,56,0.0,Unassigned,2022-01-18
ACC-02899,Linda Williams,Kiwi Systems,Business,Corporate,Hospitality,Wellington,Premium,53,160.64,Unassigned,2019-06-13
ACC-02903,Jennifer Wilson,Unknown,Residential,Individual,Unknown,Hawke's Bay,Free,58,0.0,Unassigned,2020-11-28
ACC-02907,William Davis,Metro Partners,Business,Small Business,Construction,Auckland,Basic,26,602.14,Sarah Chen,2021-07-06
ACC-02909,Karen Martin,Alpha Transport,Business,Individual,Healthcare,Nelson-Marlborough,Basic,55,100.56,Rob Thompson,2022-04-18
ACC-02911,Charles Miller,Summit Group,Business,Corporate,Professional Services,Northland,Free,18,0.0,Unassigned,2020-09-28
ACC-02912,Mary Wilson,Highland Services,Business,Corporate,Retail,Auckland,Free,7,0.0,Unassigned,2019-02-01
ACC-02913,Barbara Johnson,Apex Group,Business,Corporate,Education,Auckland,Premium,16,230.9,Mike Patterson,2020-05-26
ACC-02914,Barbara Gonzalez,Gateway Consulting,Business,Individual,Trades,Hawke's Bay,Enterprise,53,194.28,Unassigned,2018-11-12
ACC-02916,Susan Rodriguez,Unknown,Residential,Small Business,Unknown,Auckland,Enterprise,36,399.13,Mike Patterson,2022-09-04
ACC-02917,David Anderson,Unknown,Residential,Individual,Unknown,Taranaki,Basic,49,52.66,Unassigned,2018-11-27
ACC-02918,Barbara Anderson,Valley Group,Business,Corporate,Retail,Waikato,Premium,18,21.22,Unassigned,2020-08-16
ACC-02922,Karen Rodriguez,Unknown,Residential,Individual,Unknown,Canterbury,Enterprise,28,116.05,Unassigned,2018-02-09
ACC-02923,Joseph Martin,Unknown,Residential,Corporate,Unknown,Auckland,Free,38,37.28,Unassigned,2021-12-05
ACC-02925,Richard Gonzalez,Unknown,Residential,Small Business,Unknown,Auckland,Premium,21,120.32,Unassigned,2021-06-16
ACC-02926,Barbara Wilson,Unknown,Residential,Individual,Unknown,Waikato,Basic,15,45.64,Unassigned,2023-04-28
ACC-02927,Mary Moore,Highland Plumbing,Business,Individual,Construction,Waikato,Premium,1,232.91,Sarah Chen,2023-11-01
ACC-02928,Charles Brown,Pioneer Plumbing,Business,Individual,Agriculture,Southland,Free,28,266.33,Lisa Hartley,2023-09-13
ACC-02929,Charles Johnson,Frontier Industries,Business,Corporate,Professional Services,Canterbury,Basic,2,0.0,Unassigned,2023-09-19
ACC-02930,Thomas Wilson,Central Dental,Business,Corporate,Trades,Waikato,Premium,40,166.77,Unassigned,2021-07-27
ACC-02932,Elizabeth Martin,Frontier Holdings,Business,Corporate,Construction,Waikato,Free,32,314.09,Sarah Chen,2019-11-03
ACC-02934,Karen Davis,Island Dental,Business,Corporate,Trades,Canterbury,Basic,20,831.06,Rob Thompson,2022-03-27
ACC-02935,Joseph Rodriguez,Frontier Systems,Business,Small Business,Construction,Nelson-Marlborough,Premium,27,276.07,Rob Thompson,2020-01-10
ACC-02937,James Wilson,Northern Group,Business,Corporate,Professional Services,Auckland,Enterprise,3,243.8,Mike Patterson,2019-12-06
ACC-02938,Susan Wilson,Summit Construction,Business,Corporate,Construction,Canterbury,Basic,22,76.42,Unassigned,2020-07-23
ACC-02939,Michael Gonzalez,Unknown,Residential,Corporate,Unknown,Auckland,Premium,44,146.99,Unassigned,2020-04-29
ACC-02942,Charles Johnson,Unknown,Residential,Small Business,Unknown,Manawatu-Whanganui,Basic,2,44.49,Unassigned,2018-10-14
ACC-02944,Barbara Taylor,Unknown,Residential,Individual,Unknown,Auckland,Enterprise,5,340.52,Sarah Chen,2018-07-26
ACC-02945,Joseph Lopez,Unknown,Residential,Corporate,Unknown,Bay of Plenty,Basic,29,46.03,Unassigned,2018-12-06
ACC-02947,Barbara Brown,Ridge Legal,Business,Corporate,Education,Canterbury,Basic,7,91.39,Unassigned,2023-05-15
ACC-02948,Thomas Moore,Sterling Construction,Business,Corporate,Healthcare,Canterbury,Free,9,0.0,Unassigned,2022-02-08
ACC-02950,Barbara Lopez,Gateway Construction,Business,Corporate,Healthcare,Canterbury,Enterprise,42,75.22,Unassigned,2022-08-27
ACC-02951,Michael Taylor,Gateway Tech,Business,Individual,Retail,Canterbury,Basic,5,163.69,Unassigned,2022-02-03
ACC-02952,James Jackson,Sterling Ltd,Business,Small Business,Healthcare,Waikato,Enterprise,11,705.7,Lisa Hartley,2021-07-25
ACC-02953,Sarah Brown,Unknown,Residential,Corporate,Unknown,Bay of Plenty,Basic,17,378.38,Rob Thompson,2023-11-12
ACC-02954,Mary Jackson,Unknown,Residential,Corporate,Unknown,Canterbury,Free,25,0.0,Unassigned,2019-10-31
ACC-02955,Mary Jones,Central Systems,Business,Corporate,Professional Services,Wellington,Basic,8,0.0,Unassigned,2018-07-28
ACC-02956,Elizabeth Anderson,Coastal Group,Business,Corporate,Retail,Wellington,Enterprise,30,175.64,Unassigned,2022-07-09
ACC-02958,Joseph Martin,Unknown,Residential,Small Business,Unknown,Waikato,Enterprise,3,119.36,Unassigned,2019-02-05
ACC-02959,Jennifer Jackson,Alpha Engineering,Business,Small Business,Retail,Auckland,Basic,52,53.7,Unassigned,2022-10-01
ACC-02960,Barbara Gonzalez,Island Construction,Business,Corporate,Education,Auckland,Enterprise,11,702.8,Rob Thompson,2019-02-15
ACC-02962,Linda Thomas,Unknown,Residential,Individual,Unknown,Bay of Plenty,Enterprise,6,426.23,Rob Thompson,2023-02-22
ACC-02964,Barbara Martinez,Island Construction,Business,Individual,Trades,Wellington,Enterprise,6,396.9,Lisa Hartley,2021-11-27
ACC-02965,David Taylor,Valley Plumbing,Residential,Corporate,Unknown,Otago,Enterprise,1,126.27,Unassigned,2022-02-06
ACC-02966,Barbara Smith,Unknown,Residential,Individual,Unknown,Otago,Basic,23,39.09,Unassigned,2022-10-31
ACC-02967,Mary Wilson,Unknown,Residential,Small Business,Unknown,Waikato,Premium,45,121.24,Sarah Chen,2019-05-19
ACC-02969,Barbara Garcia,Unknown,Residential,Individual,Unknown,Wellington,Basic,12,36.68,Unassigned,2018-10-24
ACC-02970,James Brown,Pioneer Solutions,Business,Individual,Professional Services,Hawke's Bay,Enterprise,15,151.58,Rob Thompson,2019-02-03
ACC-02973,William Thomas,Highland Plumbing,Business,Corporate,Trades,Bay of Plenty,Basic,11,117.27,Unassigned,2022-08-20
ACC-02974,Mary Martinez,Unknown,Residential,Individual,Unknown,Waikato,Premium,22,131.26,Unassigned,2020-11-24
ACC-02977,Charles Gonzalez,Sterling Partners,Business,Small Business,Construction,Nelson-Marlborough,Free,10,0.0,Unassigned,2019-04-19
ACC-02979,Linda Lopez,Unknown,Residential,Corporate,Unknown,Canterbury,Enterprise,9,0.0,Unassigned,2019-08-30
ACC-02980,Michael Smith,Apex Construction,Business,Corporate,Manufacturing,Canterbury,Enterprise,58,741.69,Rob Thompson,2023-07-23
ACC-02982,Thomas Jackson,Southern Holdings,Business,Corporate,Construction,Waikato,Enterprise,20,554.74,Sarah Chen,2022-07-08
ACC-02983,Patricia Brown,Kiwi Solutions,Business,Corporate,Transport & Logistics,Otago,Enterprise,15,13.09,Unassigned,2018-05-19
ACC-02984,John Rodriguez,Unknown,Residential,Individual,Unknown,Wellington,Enterprise,40,422.06,Mike Patterson,2022-10-06
ACC-02986,Charles Jackson,Unknown,Residential,Small Business,Unknown,Auckland,Premium,3,39.25,Unassigned,2020-02-25
ACC-02988,William Miller,Southern Holdings,Business,Corporate,Agriculture,Canterbury,Premium,46,222.23,Mike Patterson,2021-10-19
ACC-02989,Charles Williams,Peak Legal,Business,Small Business,Construction,Canterbury,Enterprise,9,195.03,Rob Thompson,2023-03-13
ACC-02990,Barbara Gonzalez,Peak Medical,Business,Corporate,Hospitality,Auckland,Enterprise,51,0.0,Unassigned,2018-08-11
ACC-02992,David Rodriguez,Unknown,Residential,Individual,Unknown,Auckland,Enterprise,12,107.0,Unassigned,2022-04-20
ACC-02993,Linda Rodriguez,Unknown,Residential,Individual,Unknown,Waikato,Enterprise,2,320.82,Sarah Chen,2019-04-17
ACC-02996,Charles Garcia,Valley Partners,Business,Individual,Manufacturing,Canterbury,Free,4,75.13,Unassigned,2020-09-16
ACC-02998,William Miller,Northern Systems,Business,Small Business,Transport & Logistics,Waikato,Basic,13,65.61,Unassigned,2020-12-06
ACC-03000,Charles Davis,Unknown,Residential,Corporate,Unknown,Auckland,Basic,50,47.31,Unassigned,2023-10-05
ACC-03001,Michael Gonzalez,Unknown,Residential,Corporate,Unknown,Canterbury,Basic,5,0.0,Unassigned,2021-07-15
ACC-03002,Karen Thomas,Metro Medical,Business,Small Business,Transport & Logistics,Otago,Basic,13,62.24,Unassigned,2023-03-20
ACC-03004,David Davis,Unknown,Residential,Individual,Unknown,Wellington,Basic,21,102.51,Unassigned,2020-04-23
ACC-03005,John Moore,Northern Systems,Business,Small Business,Construction,Canterbury,Premium,41,166.29,Unassigned,2023-12-29
ACC-03006,Joseph Anderson,Apex Systems,Business,Small Business,Retail,Wellington,Enterprise,37,219.44,Lisa Hartley,2020-09-12
ACC-03007,Charles Brown,Pacific Group,Business,Individual,Trades,Wellington,Free,3,0.0,Unassigned,2021-08-28
ACC-03009,Michael Brown,Unknown,Residential,Individual,Unknown,Auckland,Basic,10,47.58,Unassigned,2021-11-04
ACC-03012,Richard Hernandez,Unknown,Residential,Individual,Unknown,Canterbury,Basic,22,405.62,Sarah Chen,2020-04-05
ACC-03013,William Jones,Alpha Consulting,Business,Corporate,Property Management,Canterbury,Premium,53,297.87,Rob Thompson,2023-02-27
ACC-03015,Barbara Hernandez,Ridge Legal,Business,Small Business,Hospitality,Canterbury,Enterprise,37,0.0,Unassigned,2020-03-21
ACC-03016,Thomas Moore,Alpha Ltd,Business,Corporate,Construction,Otago,Basic,56,94.7,Unassigned,2018-02-01
ACC-03018,David Taylor,Gateway Logistics,Business,Corporate,Trades,Waikato,Enterprise,3,751.28,Lisa Hartley,2021-03-04
ACC-03019,Sarah Davis,Highland Plumbing,Business,Small Business,Manufacturing,Canterbury,Premium,58,328.09,Mike Patterson,2019-03-18
ACC-03020,Robert Moore,Apex Group,Business,Corporate,Healthcare,Auckland,Enterprise,38,434.98,Sarah Chen,2018-02-26
ACC-03023,Jennifer Lopez,Harbour Dental,Business,Small Business,Construction,Auckland,Basic,16,73.84,Unassigned,2020-06-08
ACC-03024,Jennifer Martin,Valley Plumbing,Business,Corporate,Education,Auckland,Free,39,0.0,Unassigned,2022-09-02
ACC-03026,Patricia Jackson,Harbour Dental,Business,Corporate,Agriculture,Waikato,Enterprise,6,415.06,Mike Patterson,2023-03-25
ACC-03027,Linda Lopez,Unknown,Residential,Individual,Unknown,Hawke's Bay,Free,6,42.23,Unassigned,2020-03-10
ACC-03028,Charles Jones,Unknown,Residential,Small Business,Unknown,Bay of Plenty,Enterprise,3,0.0,Unassigned,2020-11-06
ACC-03029,David Wilson,Metro Systems,Business,Small Business,Construction,Wellington,Basic,32,69.93,Unassigned,2018-12-24
ACC-03030,Patricia Miller,Unknown,Residential,Small Business,Unknown,Bay of Plenty,Premium,11,158.5,Unassigned,2018-07-09
ACC-03032,David Miller,Island Electrical,Business,Corporate,Agriculture,Manawatu-Whanganui,Basic,9,88.66,Unassigned,2019-10-11
ACC-03033,Elizabeth Jackson,Central Consulting,Business,Small Business,Professional Services,Otago,Premium,2,253.87,Rob Thompson,2018-10-31
ACC-03035,James Johnson,Southern Plumbing,Residential,Individual,Unknown,Waikato,Free,28,0.0,Unassigned,2022-05-22
ACC-03036,Charles Moore,Valley Systems,Business,Corporate,Trades,Auckland,Free,36,0.0,Unassigned,2020-04-06
ACC-03037,Barbara Martinez,Island Ltd,Business,Small Business,Construction,Auckland,Basic,38,69.93,Unassigned,2018-06-10
ACC-03038,Elizabeth Taylor,Coastal Dental,Business,Individual,Construction,Wellington,Free,20,649.03,Rob Thompson,2018-08-18
ACC-03040,Elizabeth Rodriguez,Pioneer Plumbing,Business,Corporate,Construction,Waikato,Basic,13,88.35,Unassigned,2018-05-05
ACC-03042,Sarah Smith,Harbour Dental,Business,Corporate,Construction,Wellington,Premium,34,0.0,Unassigned,2023-03-30
ACC-03045,Sarah Jackson,Summit Enterprises,Business,Individual,Retail,Hawke's Bay,Basic,34,139.2,Unassigned,2019-10-02
ACC-03046,Michael Taylor,Valley Group,Business,Individual,Trades,Auckland,Premium,7,256.8,Mike Patterson,2018-12-06
ACC-03048,David Moore,Apex Systems,Business,Corporate,Construction,Wellington,Enterprise,10,704.62,Lisa Hartley,2021-11-14
ACC-03050,Elizabeth Hernandez,Island Ltd,Business,Individual,Professional Services,Nelson-Marlborough,Basic,12,306.31,Sarah Chen,2018-04-19
ACC-03051,John Wilson,Peak Industries,Business,Corporate,Professional Services,Auckland,Free,41,168.03,Unassigned,2019-01-21
ACC-03053,Linda Anderson,Unknown,Residential,Small Business,Unknown,Auckland,Basic,26,47.69,Unassigned,2022-10-23
ACC-03054,Jessica Hernandez,Central Partners,Business,Corporate,Hospitality,Southland,Enterprise,21,231.21,Mike Patterson,2022-05-14
ACC-03055,Susan Brown,Southern Construction,Business,Corporate,Professional Services,Manawatu-Whanganui,Free,9,0.0,Unassigned,2022-11-30
ACC-03056,David Gonzalez,Frontier Transport,Business,Individual,Healthcare,Nelson-Marlborough,Free,40,74.75,Unassigned,2018-12-13
ACC-03057,Patricia Taylor,Pioneer Dental,Business,Corporate,Education,Otago,Enterprise,11,720.12,Rob Thompson,2023-05-25
ACC-03058,Michael Gonzalez,Kiwi Group,Business,Corporate,Hospitality,Canterbury,Enterprise,4,630.87,Sarah Chen,2023-08-18
ACC-03060,Charles Brown,Pacific Transport,Business,Individual,Construction,Canterbury,Free,17,109.75,Unassigned,2018-01-05
ACC-03064,David Wilson,Unknown,Residential,Individual,Unknown,Otago,Basic,3,0.0,Unassigned,2019-02-14
ACC-03068,Barbara Davis,Island Holdings,Business,Small Business,Education,Hawke's Bay,Premium,2,106.34,Unassigned,2022-12-10
ACC-03070,Joseph Garcia,Highland Enterprises,Business,Corporate,Property Management,Wellington,Basic,6,50.17,Unassigned,2020-03-27
ACC-03071,John Williams,Kiwi Dental,Business,Small Business,Technology,Otago,Enterprise,2,0.0,Unassigned,2021-06-14
ACC-03073,Mary Hernandez,Unknown,Residential,Individual,Unknown,Canterbury,Free,16,0.0,Unassigned,2019-04-29
ACC-03074,Jennifer Garcia,Pioneer Electrical,Business,Corporate,Retail,Auckland,Basic,22,91.82,Unassigned,2021-08-20
ACC-03075,Richard Williams,Metro Consulting,Business,Small Business,Construction,Waikato,Basic,18,83.88,Unassigned,2018-03-17
ACC-03076,Jennifer Jackson,Unknown,Residential,Individual,Unknown,Auckland,Enterprise,23,282.78,Sarah Chen,2019-01-26
ACC-03077,Charles Jones,Unknown,Residential,Individual,Unknown,Canterbury,Basic,3,0.0,Unassigned,2020-08-01
ACC-03078,Joseph Martinez,Frontier Plumbing,Business,Small Business,Professional Services,Manawatu-Whanganui,Basic,36,53.05,Unassigned,2023-08-12
ACC-03079,Linda Gonzalez,Valley Legal,Business,Small Business,Construction,Canterbury,Premium,56,262.69,Sarah Chen,2020-12-05
ACC-03080,James Gonzalez,Metro Consulting,Business,Small Business,Hospitality,Waikato,Premium,4,286.3,Rob Thompson,2018-08-28
ACC-03082,Joseph Martin,Summit Plumbing,Business,Small Business,Manufacturing,Auckland,Enterprise,16,562.29,Lisa Hartley,2023-11-23
ACC-03083,Karen Moore,Kiwi Ltd,Business,Corporate,Construction,Canterbury,Premium,1,241.94,Sarah Chen,2022-09-30
ACC-03084,Joseph Martinez,Unknown,Residential,Individual,Unknown,Otago,Premium,7,126.02,Sarah Chen,2021-08-31
ACC-03085,Robert Wilson,Summit Engineering,Business,Small Business,Manufacturing,Auckland,Basic,25,68.67,Unassigned,2020-03-11
ACC-03086,Karen Williams,Sterling Services,Business,Individual,Professional Services,Auckland,Basic,41,91.76,Unassigned,2022-11-08
ACC-03087,Charles Lopez,Valley Plumbing,Business,Corporate,Construction,Auckland,Basic,10,85.52,Unassigned,2021-06-01
ACC-03088,Charles Garcia,Pioneer Electrical,Business,Corporate,Trades,Wellington,Basic,17,68.71,Unassigned,2020-03-25
ACC-03091,Karen Jackson,Pioneer Legal,Business,Small Business,Construction,Canterbury,Premium,37,170.27,Sarah Chen,2022-12-11
ACC-03092,Karen Garcia,Sterling Consulting,Business,Individual,Trades,Wellington,Basic,25,0.0,Unassigned,2022-05-03
ACC-03093,Karen Miller,Kiwi Industries,Business,Corporate,Retail,Nelson-Marlborough,Enterprise,4,574.84,Rob Thompson,2022-09-14
ACC-03094,Charles Rodriguez,Northern Systems,Business,Individual,Construction,Auckland,Premium,10,640.18,Sarah Chen,2023-09-13
ACC-03096,John Jones,Central Consulting,Business,Small Business,Construction,Wellington,Enterprise,21,233.77,Rob Thompson,2019-06-15
ACC-03097,Charles Lopez,Metro Solutions,Business,Individual,Trades,Canterbury,Premium,53,74.71,Unassigned,2021-01-07
ACC-03098,Karen Hernandez,Metro Plumbing,Business,Corporate,Construction,Waikato,Basic,60,88.63,Unassigned,2023-04-27
ACC-03099,William Miller,Central Engineering,Business,Corporate,Retail,Waikato,Premium,40,280.07,Sarah Chen,2019-10-02
ACC-03102,John Thomas,Unknown,Residential,Individual,Unknown,Auckland,Basic,32,38.55,Unassigned,2022-07-16
ACC-03103,Charles Williams,Kiwi Ltd,Business,Corporate,Hospitality,Manawatu-Whanganui,Enterprise,15,399.58,Rob Thompson,2018-04-16
ACC-03104,Mary Rodriguez,Apex Legal,Business,Corporate,Professional Services,Canterbury,Enterprise,31,620.54,Rob Thompson,2019-09-30
ACC-03107,Elizabeth Johnson,Island Engineering,Business,Corporate,Trades,Wellington,Basic,15,0.0,Unassigned,2022-03-28
ACC-03108,Susan Rodriguez,Unknown,Residential,Individual,Unknown,Auckland,Enterprise,55,252.95,Rob Thompson,2021-10-26
ACC-03109,Thomas Wilson,Unknown,Residential,Individual,Unknown,Hawke's Bay,Basic,15,46.3,Unassigned,2021-07-13
ACC-03111,Thomas Garcia,Island Tech,Business,Corporate,Construction,Canterbury,Free,27,0.0,Unassigned,2023-05-09
ACC-03113,Linda Jones,Pioneer Enterprises,Business,Small Business,Construction,Auckland,Enterprise,4,976.12,Mike Patterson,2020-08-10
ACC-03115,Joseph Brown,Gateway Tech,Business,Corporate,Healthcare,Canterbury,Premium,19,194.38,Unassigned,2023-08-27
ACC-03116,Barbara Gonzalez,Unknown,Residential,Small Business,Unknown,Canterbury,Basic,3,310.97,Mike Patterson,2019-09-10
ACC-03117,Elizabeth Jones,Unknown,Residential,Small Business,Unknown,Nelson-Marlborough,Basic,19,39.73,Unassigned,2023-03-27
ACC-03119,Karen Jackson,Gateway Logistics,Business,Corporate,Trades,Southland,Premium,14,315.6,Lisa Hartley,2019-05-06
ACC-03120,Linda Brown,Unknown,Residential,Individual,Unknown,Wellington,Premium,9,115.84,Unassigned,2023-08-30
ACC-03122,Elizabeth Miller,Valley Ltd,Business,Small Business,Retail,Wellington,Free,34,0.0,Unassigned,2023-07-27
ACC-03125,Joseph Lopez,Unknown,Residential,Individual,Unknown,Canterbury,Basic,7,50.69,Unassigned,2021-11-23
ACC-03127,Karen Taylor,Unknown,Residential,Corporate,Unknown,Manawatu-Whanganui,Enterprise,33,432.89,Mike Patterson,2021-06-13
ACC-03129,Barbara Wilson,Unknown,Residential,Individual,Unknown,Canterbury,Basic,47,45.18,Unassigned,2022-09-17
ACC-03130,Charles Anderson,Unknown,Residential,Individual,Unknown,Auckland,Basic,7,108.07,Unassigned,2023-06-24
ACC-03131,Barbara Davis,Valley Holdings,Business,Small Business,Professional Services,Otago,Basic,1,0.0,Unassigned,2020-08-19
ACC-03132,Robert Davis,Unknown,Residential,Corporate,Unknown,Manawatu-Whanganui,Basic,12,110.93,Unassigned,2022-09-07
ACC-03133,Charles Brown,Apex Logistics,Business,Small Business,Healthcare,Auckland,Enterprise,13,490.64,Rob Thompson,2019-07-28
ACC-03134,Robert Johnson,Sterling Electrical,Business,Corporate,Construction,Waikato,Premium,32,306.9,Lisa Hartley,2023-03-06
ACC-03135,Linda Jones,Pacific Solutions,Business,Corporate,Retail,Auckland,Basic,1,96.17,Unassigned,2021-05-15
ACC-03136,John Moore,Unknown,Residential,Corporate,Unknown,Hawke's Bay,Basic,2,28.92,Unassigned,2020-04-02
ACC-03137,Charles Gonzalez,Ridge Solutions,Residential,Individual,Unknown,Canterbury,Enterprise,8,0.0,Unassigned,2021-10-13
ACC-03138,Charles Martin,Peak Partners,Business,Small Business,Trades,Southland,Enterprise,12,761.3,Lisa Hartley,2019-03-28
ACC-03139,Barbara Gonzalez,Peak Medical,Business,Small Business,Transport & Logistics,Bay of Plenty,Basic,4,63.96,Unassigned,2022-04-04
ACC-03140,Patricia Martin,Unknown,Residential,Small Business,Unknown,Northland,Enterprise,29,290.73,Mike Patterson,2019-04-07
ACC-03141,Patricia Anderson,Summit Group,Business,Corporate,Construction,Wellington,Basic,27,83.58,Unassigned,2019-12-17
ACC-03142,Sarah Martinez,Unknown,Residential,Individual,Unknown,Otago,Premium,34,135.98,Mike Patterson,2018-12-30
ACC-03143,David Taylor,Sterling Systems,Business,Small Business,Healthcare,Wellington,Enterprise,50,688.8,Mike Patterson,2018-02-11
ACC-03144,Michael Martinez,Highland Enterprises,Business,Individual,Professional Services,Otago,Free,58,0.0,Unassigned,2023-10-04
ACC-03145,Barbara Davis,Alpha Tech,Business,Small Business,Construction,Canterbury,Basic,39,90.58,Unassigned,2022-12-19
ACC-03147,Barbara Davis,Northern Plumbing,Business,Corporate,Retail,Canterbury,Enterprise,17,291.2,Sarah Chen,2020-06-04
ACC-03149,Susan Miller,Pacific Logistics,Business,Corporate,Trades,Waikato,Basic,45,111.17,Unassigned,2018-07-05
ACC-03150,Robert Johnson,Apex Construction,Business,Small Business,Retail,Wellington,Basic,39,522.64,Sarah Chen,2021-04-08
ACC-03151,Karen Moore,Unknown,Residential,Corporate,Unknown,Auckland,Basic,12,292.89,Lisa Hartley,2022-08-24
ACC-03152,James Hernandez,Pioneer Partners,Business,Corporate,Construction,Northland,Free,56,0.0,Unassigned,2022-03-26
ACC-03153,Joseph Williams,Metro Plumbing,Business,Corporate,Retail,Canterbury,Enterprise,17,856.61,Rob Thompson,2020-11-09
ACC-03154,Sarah Hernandez,Summit Industries,Business,Individual,Education,Otago,Enterprise,17,730.55,Lisa Hartley,2021-02-21
ACC-03156,James Martin,Unknown,Residential,Small Business,Unknown,Nelson-Marlborough,Enterprise,55,381.43,Lisa Hartley,2022-12-16
ACC-03157,Jennifer Martinez,Gateway Industries,Business,Individual,Professional Services,Canterbury,Free,19,108.94,Unassigned,2018-05-09
ACC-03159,James Brown,Kiwi Legal,Business,Small Business,Technology,Northland,Basic,4,0.0,Unassigned,2021-11-11
ACC-03160,James Anderson,Coastal Tech,Business,Individual,Construction,Nelson-Marlborough,Basic,30,0.0,Unassigned,2021-04-06
ACC-03161,Barbara Jones,Unknown,Residential,Individual,Unknown,Auckland,Premium,21,136.54,Unassigned,2023-01-17
ACC-03165,Jennifer Martinez,Northern Holdings,Business,Small Business,Healthcare,Otago,Free,2,0.0,Unassigned,2019-02-13
ACC-03166,Susan Taylor,Kiwi Medical,Business,Small Business,Construction,Waikato,Basic,14,111.76,Mike Patterson,2022-10-12
ACC-03167,David Gonzalez,Metro Tech,Business,Corporate,Transport & Logistics,Otago,Free,40,0.0,Unassigned,2018-04-20
ACC-03169,Robert Martin,Summit Group,Business,Small Business,Professional Services,Wellington,Enterprise,1,0.0,Unassigned,2021-07-20
ACC-03170,Linda Martinez,Sterling Holdings,Business,Corporate,Education,Otago,Free,14,0.0,Unassigned,2023-05-21
ACC-03171,Jennifer Brown,Unknown,Residential,Corporate,Unknown,Auckland,Free,6,0.0,Unassigned,2022-08-30
ACC-03173,James Williams,Sterling Partners,Business,Small Business,Healthcare,Auckland,Premium,18,184.54,Unassigned,2023-03-03
ACC-03175,Jessica Wilson,Coastal Consulting,Business,Corporate,Trades,Otago,Premium,3,209.97,Rob Thompson,2023-07-16
ACC-03177,John Gonzalez,Unknown,Residential,Individual,Unknown,Auckland,Basic,57,40.75,Unassigned,2020-08-27
ACC-03178,Charles Davis,Unknown,Residential,Individual,Unknown,Wellington,Enterprise,3,116.99,Lisa Hartley,2018-03-25
ACC-03179,David Hernandez,Coastal Industries,Residential,Individual,Unknown,Canterbury,Free,16,0.0,Unassigned,2021-05-18
ACC-03180,Barbara Lopez,Frontier Dental,Business,Corporate,Retail,Canterbury,Basic,1,575.38,Sarah Chen,2020-08-25
ACC-03181,Karen Taylor,Unknown,Residential,Small Business,Unknown,Auckland,Enterprise,14,367.45,Rob Thompson,2023-01-29
ACC-03182,Charles Brown,Kiwi Legal,Business,Corporate,Construction,Manawatu-Whanganui,Free,15,0.0,Unassigned,2020-12-23
ACC-03185,James Brown,Gateway Group,Business,Corporate,Healthcare,Auckland,Enterprise,55,652.21,Rob Thompson,2022-12-12
ACC-03188,Joseph Johnson,Central Plumbing,Business,Corporate,Trades,Bay of Plenty,Premium,59,280.61,Mike Patterson,2020-02-10
ACC-03189,Jennifer Gonzalez,Unknown,Residential,Corporate,Unknown,Waikato,Enterprise,3,119.41,Unassigned,2023-05-03
ACC-03190,Charles Garcia,Ridge Transport,Business,Individual,Construction,Otago,Free,23,226.03,Sarah Chen,2023-03-24
ACC-03191,Susan Taylor,Unknown,Residential,Individual,Unknown,Canterbury,Basic,27,49.47,Unassigned,2021-03-05
ACC-03192,Richard Davis,Metro Partners,Business,Individual,Hospitality,Manawatu-Whanganui,Free,53,0.0,Unassigned,2022-07-10
ACC-03193,Linda Gonzalez,Unknown,Residential,Small Business,Unknown,Auckland,Enterprise,27,320.16,Rob Thompson,2019-08-15
ACC-03196,Elizabeth Jones,Unknown,Residential,Small Business,Unknown,Southland,Premium,2,36.97,Unassigned,2018-08-11
ACC-03197,Barbara Martin,Central Electrical,Business,Small Business,Professional Services,Hawke's Bay,Enterprise,1,634.83,Lisa Hartley,2022-10-17
ACC-03198,Jennifer Smith,Gateway Legal,Business,Small Business,Trades,Canterbury,Basic,3,879.34,Rob Thompson,2019-02-05
ACC-03199,Susan Smith,Kiwi Transport,Business,Small Business,Trades,Auckland,Premium,13,312.94,Mike Patterson,2023-06-30
ACC-03201,William Lopez,Summit Holdings,Business,Small Business,Transport & Logistics,Wellington,Enterprise,56,606.27,Lisa Hartley,2018-05-24
ACC-03204,Barbara Brown,Unknown,Residential,Corporate,Unknown,Wellington,Basic,6,370.62,Sarah Chen,2018-02-28
ACC-03205,Charles Hernandez,Central Industries,Business,Corporate,Professional Services,Auckland,Free,51,0.0,Unassigned,2018-03-16
ACC-03206,David Miller,Summit Services,Business,Corporate,Healthcare,Canterbury,Basic,1,262.07,Lisa Hartley,2023-06-09
ACC-03207,Elizabeth Miller,Coastal Legal,Business,Corporate,Construction,Auckland,Enterprise,11,54.02,Unassigned,2022-05-01
ACC-03208,James Lopez,Pioneer Consulting,Business,Corporate,Trades,Auckland,Premium,23,234.4,Rob Thompson,2018-11-03
ACC-03209,Elizabeth Johnson,Unknown,Residential,Individual,Unknown,Canterbury,Premium,15,113.88,Unassigned,2021-12-29
ACC-03211,James Martin,Peak Services,Business,Corporate,Manufacturing,Northland,Basic,4,78.03,Unassigned,2019-03-27
ACC-03214,John Jones,Unknown,Residential,Individual,Unknown,Auckland,Basic,18,50.06,Unassigned,2023-10-28
ACC-03215,James Lopez,Southern Solutions,Business,Small Business,Trades,Wellington,Basic,9,576.21,Sarah Chen,2019-08-13
ACC-03218,Linda Anderson,Summit Electrical,Business,Corporate,Construction,Canterbury,Enterprise,13,628.45,Rob Thompson,2022-04-01
ACC-03219,Elizabeth Hernandez,Frontier Ltd,Business,Small Business,Retail,Otago,Premium,17,219.87,Lisa Hartley,2021-11-01
ACC-03224,Robert Jackson,Coastal Partners,Business,Corporate,Agriculture,Wellington,Premium,54,270.79,Rob Thompson,2021-03-13
ACC-03225,David Gonzalez,Gateway Legal,Business,Small Business,Trades,Bay of Plenty,Enterprise,14,323.18,Mike Patterson,2022-05-27
ACC-03226,Charles Rodriguez,Metro Solutions,Business,Corporate,Construction,Auckland,Free,2,0.0,Unassigned,2023-03-17
ACC-03235,Joseph Anderson,Harbour Solutions,Business,Corporate,Trades,Waikato,Basic,5,80.99,Unassigned,2023-05-14
ACC-03236,David Brown,Island Consulting,Business,Small Business,Construction,Canterbury,Free,36,0.0,Unassigned,2021-08-30
ACC-03237,William Brown,Southern Services,Business,Small Business,Education,Otago,Free,47,0.0,Unassigned,2023-03-05
ACC-03238,Jessica Martin,Unknown,Residential,Individual,Unknown,Southland,Enterprise,13,341.28,Mike Patterson,2023-07-12
ACC-03239,Linda Anderson,Frontier Medical,Business,Small Business,Construction,Canterbury,Free,16,0.0,Unassigned,2023-02-16
ACC-03240,James Hernandez,Central Dental,Business,Corporate,Education,Auckland,Enterprise,41,21.05,Unassigned,2018-08-29
ACC-03241,Sarah Moore,Harbour Holdings,Business,Corporate,Construction,Auckland,Enterprise,50,483.48,Mike Patterson,2018-10-17
ACC-03243,Jessica Miller,Coastal Electrical,Business,Corporate,Retail,Waikato,Basic,13,71.63,Unassigned,2020-03-14
ACC-03244,Karen Anderson,Unknown,Residential,Corporate,Unknown,Auckland,Enterprise,2,370.99,Sarah Chen,2022-02-06
ACC-03245,Barbara Anderson,Southern Services,Business,Individual,Education,Canterbury,Enterprise,15,558.95,Mike Patterson,2019-05-14
ACC-03247,Mary Jackson,Unknown,Residential,Individual,Unknown,Nelson-Marlborough,Free,55,0.0,Unassigned,2022-12-23
ACC-03248,Barbara Williams,Island Construction,Business,Individual,Hospitality,Manawatu-Whanganui,Basic,53,55.42,Unassigned,2022-08-04
ACC-03249,Joseph Garcia,Unknown,Residential,Small Business,Unknown,Waikato,Free,19,353.34,Rob Thompson,2021-09-15
ACC-03251,Thomas Hernandez,Harbour Holdings,Business,Corporate,Retail,Hawke's Bay,Free,38,0.0,Unassigned,2023-02-23
ACC-03253,Mary Jackson,Pacific Medical,Business,Individual,Manufacturing,Wellington,Free,7,0.0,Unassigned,2023-12-04
ACC-03256,Barbara Brown,Southern Electrical,Business,Corporate,Professional Services,Canterbury,Basic,19,102.98,Unassigned,2022-05-07
ACC-03257,Sarah Jones,Unknown,Residential,Individual,Unknown,Otago,Enterprise,15,411.29,Mike Patterson,2022-12-15
ACC-03258,Michael Lopez,Unknown,Residential,Individual,Unknown,Auckland,Free,40,0.0,Unassigned,2023-03-09
ACC-03260,Jennifer Martinez,Unknown,Residential,Individual,Unknown,Auckland,Premium,13,375.25,Rob Thompson,2020-12-23
ACC-03262,Linda Anderson,Frontier Dental,Business,Corporate,Education,Taranaki,Premium,46,235.8,Sarah Chen,2023-10-17
ACC-03263,David Miller,Unknown,Residential,Small Business,Unknown,Manawatu-Whanganui,Premium,52,118.96,Sarah Chen,2019-10-15
ACC-03265,Patricia Martinez,Harbour Plumbing,Business,Corporate,Construction,Auckland,Basic,1,64.89,Unassigned,2020-05-29
ACC-03268,Elizabeth Martinez,Unknown,Residential,Individual,Unknown,Waikato,Premium,39,106.22,Sarah Chen,2018-10-22
ACC-03269,Linda Lopez,Peak Logistics,Business,Corporate,Construction,Otago,Enterprise,5,789.83,Rob Thompson,2018-11-11
ACC-03270,James Gonzalez,Unknown,Residential,Individual,Unknown,Otago,Basic,21,0.0,Unassigned,2023-07-14
ACC-03271,Linda Wilson,Coastal Construction,Business,Corporate,Construction,Canterbury,Enterprise,20,783.41,Mike Patterson,2023-02-15
ACC-03273,Elizabeth Jones,Unknown,Residential,Corporate,Unknown,Otago,Basic,24,43.91,Unassigned,2022-10-13
ACC-03274,Mary Wilson,Valley Construction,Business,Corporate,Trades,Canterbury,Enterprise,59,956.96,Mike Patterson,2018-03-22
ACC-03275,Linda Brown,Unknown,Residential,Individual,Unknown,Bay of Plenty,Enterprise,49,359.21,Rob Thompson,2019-04-18
ACC-03276,Jessica Hernandez,Pioneer Legal,Business,Small Business,Professional Services,Waikato,Free,5,0.0,Unassigned,2018-08-02
ACC-03277,Charles Lopez,Metro Plumbing,Business,Individual,Education,Auckland,Basic,4,562.06,Mike Patterson,2018-01-16
ACC-03279,Elizabeth Gonzalez,Pacific Solutions,Business,Corporate,Education,Canterbury,Basic,5,225.78,Sarah Chen,2019-03-29
ACC-03280,Elizabeth Wilson,Unknown,Residential,Individual,Unknown,Waikato,Free,2,29.69,Unassigned,2020-06-11
ACC-03281,David Jones,Northern Engineering,Business,Corporate,Transport & Logistics,Canterbury,Premium,17,169.16,Unassigned,2019-11-11
ACC-03282,Thomas Brown,Peak Group,Business,Corporate,Professional Services,Waikato,Free,32,0.0,Unassigned,2019-11-25
ACC-03283,Barbara Martin,Kiwi Medical,Business,Individual,Professional Services,Waikato,Basic,21,182.76,Unassigned,2023-12-09
ACC-03284,Elizabeth Johnson,Sterling Partners,Business,Corporate,Professional Services,Auckland,Basic,4,52.03,Unassigned,2021-08-09
ACC-03285,Joseph Anderson,Valley Systems,Business,Corporate,Professional Services,Canterbury,Basic,59,80.6,Unassigned,2023-08-12
ACC-03286,Linda Lopez,Unknown,Residential,Small Business,Unknown,Auckland,Free,9,0.0,Unassigned,2019-01-28
ACC-03287,Elizabeth Martin,Unknown,Residential,Individual,Unknown,Bay of Plenty,Basic,56,53.45,Unassigned,2018-09-21
ACC-03288,Joseph Martin,Central Transport,Business,Individual,Hospitality,Canterbury,Free,3,82.69,Unassigned,2019-07-06
ACC-03289,John Miller,Unknown,Residential,Corporate,Unknown,Auckland,Free,22,119.79,Unassigned,2018-09-03
ACC-03292,James Smith,Alpha Logistics,Business,Corporate,Professional Services,Auckland,Enterprise,16,822.55,Sarah Chen,2023-06-05
ACC-03295,Linda Hernandez,Ridge Partners,Business,Small Business,Education,Auckland,Basic,28,908.88,Sarah Chen,2022-07-21
ACC-03297,Charles Thomas,Northern Transport,Business,Corporate,Retail,Auckland,Enterprise,1,463.38,Mike Patterson,2018-11-25
ACC-03300,Linda Smith,Pioneer Partners,Business,Small Business,Construction,Canterbury,Basic,4,596.02,Lisa Hartley,2023-06-18
ACC-03301,Patricia Davis,Island Engineering,Residential,Individual,Unknown,Nelson-Marlborough,Enterprise,26,330.92,Lisa Hartley,2021-02-20
ACC-03302,Mary Smith,Northern Enterprises,Business,Small Business,Trades,Otago,Premium,6,286.4,Sarah Chen,2021-10-11
ACC-03303,Sarah Martinez,Coastal Tech,Business,Small Business,Trades,Auckland,Enterprise,59,838.76,Mike Patterson,2020-07-20
ACC-03304,Jennifer Thomas,Pacific Construction,Business,Small Business,Construction,Waikato,Basic,27,80.89,Unassigned,2023-06-02
ACC-03305,Elizabeth Rodriguez,Coastal Transport,Business,Small Business,Technology,Canterbury,Free,33,0.0,Unassigned,2020-09-22
ACC-03307,James Hernandez,Pacific Enterprises,Business,Corporate,Manufacturing,Waikato,Premium,45,265.46,Sarah Chen,2020-12-04
ACC-03308,John Williams,Frontier Consulting,Business,Corporate,Hospitality,Canterbury,Enterprise,43,211.73,Sarah Chen,2022-05-23
ACC-03310,William Jackson,Central Construction,Business,Small Business,Hospitality,Canterbury,Free,23,0.0,Unassigned,2021-08-27
ACC-03311,William Lopez,Unknown,Residential,Individual,Unknown,Auckland,Basic,15,39.24,Unassigned,2023-03-04
ACC-03312,Barbara Taylor,Summit Partners,Business,Corporate,Education,Canterbury,Premium,1,159.77,Lisa Hartley,2019-11-18
ACC-03313,Jessica Rodriguez,Gateway Medical,Business,Individual,Trades,Auckland,Basic,26,107.73,Rob Thompson,2019-10-11
ACC-03315,Michael Brown,Valley Solutions,Business,Small Business,Manufacturing,Canterbury,Enterprise,2,644.1,Lisa Hartley,2022-12-06
ACC-03316,Elizabeth Johnson,Island Industries,Business,Individual,Retail,Bay of Plenty,Free,53,0.0,Unassigned,2022-01-05
ACC-03317,Elizabeth Martinez,Metro Plumbing,Business,Individual,Retail,Wellington,Basic,12,90.35,Unassigned,2019-12-28
ACC-03319,Elizabeth Hernandez,Harbour Partners,Business,Small Business,Manufacturing,Wellington,Premium,53,205.84,Lisa Hartley,2022-08-22
ACC-03320,Barbara Smith,Unknown,Residential,Corporate,Unknown,Bay of Plenty,Enterprise,3,255.25,Rob Thompson,2022-05-13
ACC-03323,Jessica Martin,Frontier Enterprises,Business,Small Business,Retail,Canterbury,Basic,12,0.0,Unassigned,2021-06-15
ACC-03324,Karen Williams,Harbour Solutions,Business,Small Business,Retail,Canterbury,Basic,43,93.85,Unassigned,2020-03-03
ACC-03326,Karen Davis,Valley Logistics,Business,Small Business,Hospitality,Canterbury,Free,19,99.9,Unassigned,2018-09-25
ACC-03327,John Taylor,Unknown,Residential,Individual,Unknown,Canterbury,Basic,17,398.52,Rob Thompson,2022-12-07
ACC-03328,Karen Hernandez,Unknown,Residential,Corporate,Unknown,Canterbury,Enterprise,24,115.81,Unassigned,2020-03-29
ACC-03330,Elizabeth Jones,Unknown,Residential,Small Business,Unknown,Manawatu-Whanganui,Enterprise,18,105.5,Mike Patterson,2022-12-30
ACC-03332,Michael Williams,Unknown,Residential,Individual,Unknown,Auckland,Enterprise,34,337.68,Sarah Chen,2020-09-12
ACC-03335,Charles Jones,Metro Solutions,Business,Corporate,Retail,Otago,Premium,44,583.31,Sarah Chen,2019-04-05
ACC-03336,John Martinez,Peak Construction,Business,Small Business,Transport & Logistics,Canterbury,Basic,16,0.0,Unassigned,2020-02-11
ACC-03337,Jessica Lopez,Unknown,Residential,Corporate,Unknown,Canterbury,Enterprise,1,355.0,Mike Patterson,2023-03-31
ACC-03338,David Gonzalez,Unknown,Residential,Individual,Unknown,Bay of Plenty,Basic,13,91.82,Unassigned,2021-05-07
ACC-03339,Joseph Wilson,Unknown,Residential,Individual,Unknown,Canterbury,Free,1,0.0,Unassigned,2018-11-26
ACC-03341,Jessica Hernandez,Frontier Construction,Business,Small Business,Education,Auckland,Basic,11,232.64,Sarah Chen,2018-06-06
ACC-03343,William Brown,Unknown,Residential,Individual,Unknown,Canterbury,Basic,40,48.74,Unassigned,2022-09-06
ACC-03345,James Thomas,Apex Logistics,Business,Corporate,Professional Services,Wellington,Enterprise,57,445.76,Sarah Chen,2020-08-05
ACC-03346,James Martinez,Alpha Ltd,Business,Corporate,Trades,Canterbury,Enterprise,33,617.55,Rob Thompson,2023-04-23
ACC-03347,Michael Jones,Sterling Legal,Business,Small Business,Healthcare,Auckland,Basic,23,54.68,Unassigned,2018-09-20
ACC-03348,John Hernandez,Alpha Partners,Business,Corporate,Trades,Auckland,Enterprise,8,913.9,Lisa Hartley,2019-03-24
ACC-03349,Jennifer Jones,Unknown,Residential,Individual,Unknown,Otago,Free,42,0.0,Unassigned,2022-04-13
ACC-03353,Jennifer Johnson,Unknown,Residential,Individual,Unknown,Auckland,Basic,3,0.0,Unassigned,2021-09-19
ACC-03354,Jessica Martin,Unknown,Residential,Corporate,Unknown,Auckland,Premium,10,121.43,Sarah Chen,2021-08-29
ACC-03355,Elizabeth Thomas,Unknown,Residential,Corporate,Unknown,Auckland,Basic,34,51.68,Unassigned,2021-02-15
ACC-03356,John Thomas,Pacific Plumbing,Business,Corporate,Agriculture,Manawatu-Whanganui,Enterprise,40,649.28,Mike Patterson,2019-02-06
ACC-03359,Joseph Martin,Harbour Group,Business,Small Business,Construction,Nelson-Marlborough,Enterprise,31,605.94,Mike Patterson,2020-01-30
ACC-03360,Barbara Jackson,Alpha Dental,Business,Small Business,Construction,Auckland,Basic,54,92.22,Unassigned,2019-03-04
ACC-03361,Joseph Jones,Valley Systems,Business,Small Business,Construction,Canterbury,Premium,5,231.94,Lisa Hartley,2021-06-13
ACC-03364,Barbara Moore,Unknown,Residential,Individual,Unknown,Canterbury,Free,34,0.0,Unassigned,2023-09-22
ACC-03365,Michael Williams,Unknown,Residential,Small Business,Unknown,Bay of Plenty,Enterprise,29,0.0,Unassigned,2019-10-18
ACC-03366,Linda Martin,Frontier Ltd,Business,Small Business,Hospitality,Auckland,Enterprise,41,384.93,Lisa Hartley,2022-12-01
ACC-03367,Linda Rodriguez,Harbour Systems,Business,Corporate,Construction,Wellington,Premium,41,284.9,Rob Thompson,2020-10-24
ACC-03368,Karen Williams,Valley Dental,Business,Small Business,Construction,Canterbury,Free,58,0.0,Unassigned,2022-01-26
ACC-03370,Barbara Williams,Unknown,Residential,Individual,Unknown,Otago,Basic,8,46.1,Unassigned,2022-04-23
ACC-03372,Charles Hernandez,Unknown,Residential,Individual,Unknown,Auckland,Enterprise,41,0.0,Unassigned,2018-03-12
ACC-03373,Linda Moore,Ridge Medical,Business,Small Business,Trades,Auckland,Free,21,24.0,Unassigned,2021-07-22
ACC-03374,Charles Gonzalez,Unknown,Residential,Corporate,Unknown,Auckland,Premium,1,166.1,Unassigned,2019-02-17
ACC-03375,Jessica Thomas,Central Systems,Business,Small Business,Construction,Auckland,Enterprise,4,771.35,Sarah Chen,2020-09-23
ACC-03376,Elizabeth Garcia,Summit Industries,Business,Corporate,Healthcare,Southland,Enterprise,27,0.0,Unassigned,2022-04-27
ACC-03377,Charles Martinez,Pioneer Transport,Business,Corporate,Agriculture,Canterbury,Basic,3,674.38,Lisa Hartley,2020-11-21
ACC-03378,Karen Moore,Summit Partners,Business,Corporate,Hospitality,Waikato,Enterprise,35,584.63,Lisa Hartley,2018-04-22
ACC-03380,Joseph Wilson,Unknown,Residential,Individual,Unknown,Canterbury,Free,16,0.0,Unassigned,2022-06-20
ACC-03382,Barbara Smith,Peak Plumbing,Business,Corporate,Construction,Wellington,Enterprise,24,163.35,Rob Thompson,2019-04-19
ACC-03386,Jennifer Davis,Gateway Logistics,Business,Corporate,Hospitality,Bay of Plenty,Basic,11,0.0,Unassigned,2018-01-26
ACC-03387,Susan Gonzalez,Summit Plumbing,Business,Corporate,Professional Services,Canterbury,Premium,21,265.96,Lisa Hartley,2021-05-24
ACC-03389,Jessica Jackson,Unknown,Residential,Individual,Unknown,Canterbury,Basic,4,317.43,Sarah Chen,2021-08-02
ACC-03390,Elizabeth Davis,Kiwi Construction,Business,Corporate,Trades,Auckland,Enterprise,3,553.46,Sarah Chen,2023-10-08
ACC-03392,Elizabeth Johnson,Unknown,Residential,Small Business,Unknown,Waikato,Free,53,0.0,Unassigned,2018-11-01
ACC-03393,David Johnson,Unknown,Residential,Corporate,Unknown,Canterbury,Free,23,0.0,Unassigned,2023-09-16
ACC-03394,Patricia Rodriguez,Unknown,Residential,Corporate,Unknown,Auckland,Basic,18,42.88,Unassigned,2019-06-18
ACC-03395,Barbara Gonzalez,Ridge Plumbing,Business,Individual,Construction,Otago,Enterprise,1,234.85,Sarah Chen,2022-02-17
ACC-03396,David Martinez,Metro Transport,Business,Corporate,Education,Bay of Plenty,Premium,47,246.09,Mike Patterson,2018-03-29
ACC-03397,Charles Lopez,Sterling Medical,Business,Corporate,Hospitality,Canterbury,Basic,40,0.0,Unassigned,2018-02-03
ACC-03398,Joseph Wilson,Pioneer Construction,Business,Individual,Transport & Logistics,Canterbury,Basic,22,69.78,Unassigned,2021-06-30
ACC-03400,Patricia Brown,Gateway Legal,Business,Corporate,Retail,Hawke's Bay,Free,15,0.0,Unassigned,2021-03-19
ACC-03401,Linda Jackson,Kiwi Solutions,Business,Corporate,Healthcare,Hawke's Bay,Enterprise,21,647.81,Lisa Hartley,2023-10-09
ACC-03403,James Smith,Unknown,Residential,Individual,Unknown,Taranaki,Premium,47,0.0,Unassigned,2022-12-26
ACC-03404,Patricia Rodriguez,Metro Plumbing,Business,Corporate,Retail,Auckland,Free,15,0.0,Unassigned,2022-12-10
ACC-03405,David Jackson,Apex Industries,Business,Corporate,Property Management,Auckland,Premium,13,831.04,Mike Patterson,2022-09-22
ACC-03406,Charles Lopez,Central Engineering,Residential,Small Business,Unknown,Canterbury,Basic,7,154.92,Unassigned,2022-04-04
ACC-03407,Elizabeth Wilson,Island Enterprises,Business,Individual,Hospitality,Auckland,Basic,14,801.2,Rob Thompson,2019-01-02
ACC-03408,Michael Williams,Unknown,Residential,Small Business,Unknown,Bay of Plenty,Enterprise,17,0.0,Unassigned,2023-09-08
ACC-03411,Michael Martinez,Frontier Construction,Business,Corporate,Retail,Waikato,Premium,35,248.36,Rob Thompson,2019-12-20
ACC-03413,Susan Davis,Ridge Enterprises,Business,Corporate,Professional Services,Auckland,Free,33,28.69,Unassigned,2021-08-18
ACC-03414,Linda Williams,Ridge Electrical,Business,Corporate,Technology,Otago,Premium,47,301.93,Rob Thompson,2022-05-26
ACC-03415,David Martinez,Ridge Engineering,Business,Small Business,Technology,Manawatu-Whanganui,Free,2,281.63,Lisa Hartley,2020-05-05
ACC-03416,James Johnson,Unknown,Residential,Individual,Unknown,Canterbury,Free,13,134.39,Rob Thompson,2019-07-16
ACC-03418,Patricia Jackson,Unknown,Residential,Individual,Unknown,Auckland,Free,43,0.0,Unassigned,2022-04-19
ACC-03420,Richard Wilson,Kiwi Medical,Business,Small Business,Construction,Canterbury,Premium,18,210.96,Lisa Hartley,2018-05-31
ACC-03421,James Martinez,Sterling Plumbing,Business,Small Business,Transport & Logistics,Canterbury,Basic,17,71.95,Unassigned,2021-09-19
ACC-03422,Barbara Gonzalez,Unknown,Residential,Individual,Unknown,Canterbury,Enterprise,40,312.06,Sarah Chen,2018-02-23
ACC-03423,Barbara Jackson,Highland Legal,Business,Corporate,Construction,Bay of Plenty,Basic,4,66.34,Unassigned,2020-04-20
ACC-03424,Thomas Jackson,Unknown,Residential,Individual,Unknown,Wellington,Enterprise,54,395.1,Mike Patterson,2022-12-26
ACC-03425,Charles Taylor,Pacific Plumbing,Business,Corporate,Education,Waikato,Basic,4,86.7,Unassigned,2022-12-02
ACC-03427,Joseph Garcia,Unknown,Residential,Individual,Unknown,Wellington,Enterprise,15,315.79,Sarah Chen,2023-01-03
ACC-03428,Thomas Anderson,Unknown,Residential,Individual,Unknown,Wellington,Basic,15,50.02,Unassigned,2022-09-24
ACC-03429,James Jones,Northern Tech,Business,Individual,Professional Services,Auckland,Basic,6,875.5,Lisa Hartley,2018-02-11
ACC-03430,David Jackson,Pacific Group,Business,Corporate,Retail,Otago,Premium,3,237.24,Sarah Chen,2023-03-02
ACC-03431,Charles Garcia,Pacific Dental,Business,Small Business,Hospitality,Wellington,Enterprise,26,548.44,Sarah Chen,2021-12-08
ACC-03432,Jessica Martin,Unknown,Residential,Small Business,Unknown,Nelson-Marlborough,Enterprise,38,358.88,Rob Thompson,2018-08-21
ACC-03433,Patricia Johnson,Unknown,Residential,Individual,Unknown,Auckland,Free,18,0.0,Unassigned,2018-07-02
ACC-03434,Susan Anderson,Ridge Enterprises,Business,Small Business,Retail,Canterbury,Free,27,0.0,Unassigned,2021-06-30
ACC-03435,Jessica Miller,Unknown,Residential,Individual,Unknown,Canterbury,Enterprise,19,348.29,Mike Patterson,2018-08-22
ACC-03439,Charles Jackson,Apex Logistics,Business,Individual,Trades,Northland,Free,11,0.0,Unassigned,2018-09-21
ACC-03440,Charles Johnson,Metro Services,Business,Individual,Healthcare,Southland,Enterprise,6,733.51,Rob Thompson,2021-11-04
ACC-03441,Richard Wilson,Harbour Electrical,Business,Small Business,Trades,Taranaki,Basic,48,75.02,Unassigned,2018-10-05
ACC-03442,Elizabeth Johnson,Unknown,Residential,Corporate,Unknown,Otago,Free,25,0.0,Unassigned,2021-05-14
ACC-03443,Karen Johnson,Frontier Solutions,Business,Individual,Trades,Waikato,Basic,57,98.82,Unassigned,2023-07-30
ACC-03444,Karen Taylor,Southern Legal,Business,Individual,Education,Bay of Plenty,Free,6,0.0,Unassigned,2021-10-18
ACC-03445,Barbara Hernandez,Alpha Group,Business,Corporate,Retail,Southland,Free,34,522.58,Mike Patterson,2023-12-07
ACC-03446,Richard Anderson,Gateway Partners,Business,Corporate,Trades,Otago,Free,10,276.92,Lisa Hartley,2021-03-08
ACC-03447,David Garcia,Peak Medical,Business,Individual,Trades,Wellington,Premium,1,168.62,Lisa Hartley,2018-08-07
ACC-03448,Karen Martinez,Sterling Group,Business,Corporate,Manufacturing,Canterbury,Basic,10,294.12,Rob Thompson,2021-04-27
ACC-03451,Jennifer Jackson,Metro Transport,Business,Corporate,Professional Services,Waikato,Enterprise,9,77.84,Unassigned,2019-01-27
ACC-03453,Jennifer Davis,Summit Enterprises,Business,Corporate,Professional Services,Canterbury,Basic,21,749.0,Lisa Hartley,2019-12-13
ACC-03454,Jessica Smith,Sterling Systems,Business,Small Business,Trades,Wellington,Free,31,0.0,Unassigned,2019-08-27
ACC-03455,Jessica Hernandez,Unknown,Residential,Individual,Unknown,Hawke's Bay,Basic,5,0.0,Unassigned,2020-10-28
ACC-03456,John Martin,Metro Services,Business,Small Business,Construction,Waikato,Enterprise,39,767.37,Sarah Chen,2019-09-16
ACC-03457,Richard Garcia,Gateway Engineering,Business,Corporate,Agriculture,Auckland,Premium,17,207.04,Lisa Hartley,2023-06-10
ACC-03458,Elizabeth Thomas,Harbour Services,Business,Small Business,Professional Services,Otago,Basic,8,157.48,Rob Thompson,2021-08-26
ACC-03459,Barbara Gonzalez,Central Engineering,Business,Individual,Agriculture,Southland,Free,18,22.85,Unassigned,2018-02-01
ACC-03460,Barbara Hernandez,Coastal Systems,Business,Individual,Manufacturing,Auckland,Enterprise,20,762.25,Rob Thompson,2020-04-25
ACC-03463,Susan Thomas,Unknown,Residential,Small Business,Unknown,Wellington,Free,5,50.09,Unassigned,2020-06-28
ACC-03464,Barbara Garcia,Pioneer Logistics,Business,Individual,Professional Services,Bay of Plenty,Basic,35,192.37,Unassigned,2020-08-17
ACC-03465,Robert Anderson,Metro Ltd,Business,Small Business,Education,Otago,Enterprise,2,220.56,Mike Patterson,2019-01-13
ACC-03467,Karen Wilson,Unknown,Residential,Small Business,Unknown,Wellington,Premium,29,10.52,Unassigned,2023-11-23
ACC-03468,Charles Brown,Ridge Holdings,Business,Corporate,Retail,Canterbury,Premium,2,274.2,Sarah Chen,2021-06-28
ACC-03469,David Jones,Sterling Consulting,Business,Corporate,Professional Services,Canterbury,Free,5,167.96,Mike Patterson,2020-02-25
ACC-03472,Thomas Smith,Sterling Electrical,Business,Individual,Education,Auckland,Basic,29,90.0,Unassigned,2023-10-25
ACC-03473,Elizabeth Garcia,Gateway Engineering,Business,Corporate,Trades,Manawatu-Whanganui,Basic,33,60.01,Unassigned,2019-03-16
ACC-03474,David Wilson,Unknown,Residential,Corporate,Unknown,Canterbury,Free,22,0.0,Unassigned,2020-01-13
ACC-03475,Jennifer Williams,Unknown,Residential,Individual,Unknown,Canterbury,Enterprise,18,395.19,Rob Thompson,2018-08-16
ACC-03476,Charles Martin,Northern Services,Business,Individual,Healthcare,Canterbury,Basic,27,68.94,Unassigned,2019-07-30
ACC-03477,Charles Williams,Unknown,Residential,Corporate,Unknown,Wellington,Free,40,49.31,Unassigned,2018-07-27
ACC-03478,Michael Anderson,Ridge Dental,Business,Corporate,Trades,Wellington,Premium,21,275.46,Mike Patterson,2019-11-05
ACC-03481,Elizabeth Rodriguez,Sterling Plumbing,Business,Small Business,Manufacturing,Waikato,Basic,7,73.18,Unassigned,2019-05-04
ACC-03482,Patricia Hernandez,Gateway Engineering,Business,Corporate,Healthcare,Auckland,Premium,48,289.27,Lisa Hartley,2023-01-23
ACC-03483,Joseph Lopez,Kiwi Services,Business,Small Business,Education,Auckland,Enterprise,1,900.68,Rob Thompson,2020-03-17
ACC-03484,David Martinez,Central Logistics,Business,Small Business,Education,Canterbury,Enterprise,35,701.01,Lisa Hartley,2020-02-09
ACC-03485,Mary Jones,Unknown,Residential,Individual,Unknown,Bay of Plenty,Premium,5,98.59,Unassigned,2022-05-16
ACC-03486,Charles Martin,Pioneer Logistics,Business,Corporate,Healthcare,Canterbury,Free,33,214.11,Mike Patterson,2022-07-31
ACC-03488,David Anderson,Pacific Enterprises,Business,Corporate,Professional Services,Canterbury,Free,51,0.0,Unassigned,2023-04-08
ACC-03492,Sarah Thomas,Unknown,Residential,Individual,Unknown,Otago,Basic,46,151.67,Sarah Chen,2019-09-11
ACC-03493,James Wilson,Pioneer Medical,Business,Corporate,Construction,Wellington,Enterprise,23,189.23,Unassigned,2018-10-01
ACC-03494,Barbara Rodriguez,Kiwi Partners,Business,Corporate,Professional Services,Bay of Plenty,Premium,2,299.85,Mike Patterson,2023-08-11
ACC-03497,Patricia Rodriguez,Unknown,Residential,Individual,Unknown,Hawke's Bay,Enterprise,46,416.35,Rob Thompson,2020-03-12
ACC-03498,Barbara Brown,Northern Systems,Business,Individual,Education,Canterbury,Basic,39,104.36,Mike Patterson,2018-03-13
ACC-03499,Barbara Martinez,Pacific Partners,Business,Corporate,Manufacturing,Auckland,Basic,46,93.24,Unassigned,2021-12-04
ACC-03500,Jessica Anderson,Frontier Medical,Business,Corporate,Education,Auckland,Free,8,248.21,Rob Thompson,2021-08-05
ACC-03502,Linda Miller,Unknown,Residential,Individual,Unknown,Wellington,Basic,5,135.21,Unassigned,2022-10-24
ACC-03503,Susan Jones,Summit Consulting,Business,Corporate,Healthcare,Canterbury,Basic,7,93.03,Unassigned,2018-10-21
ACC-03505,Jennifer Johnson,Highland Consulting,Business,Corporate,Hospitality,Wellington,Free,11,423.5,Lisa Hartley,2022-07-28
ACC-03506,William Miller,Unknown,Residential,Individual,Unknown,Auckland,Enterprise,44,446.06,Rob Thompson,2020-05-11
ACC-03507,Patricia Brown,Unknown,Residential,Small Business,Unknown,Bay of Plenty,Basic,17,47.49,Unassigned,2022-05-19
ACC-03508,John Thomas,Peak Group,Business,Corporate,Technology,Canterbury,Free,49,0.0,Unassigned,2023-12-07
ACC-03509,Linda Lopez,Island Medical,Business,Corporate,Education,Canterbury,Enterprise,22,733.56,Mike Patterson,2023-03-29
ACC-03512,Joseph Davis,Highland Plumbing,Business,Individual,Construction,Canterbury,Premium,16,212.43,Sarah Chen,2018-08-25
ACC-03513,David Martin,Unknown,Residential,Corporate,Unknown,Auckland,Premium,33,85.95,Unassigned,2023-12-31
ACC-03514,Jessica Garcia,Unknown,Residential,Individual,Unknown,Auckland,Enterprise,10,277.75,Rob Thompson,2023-01-30
ACC-03515,Jessica Jackson,Unknown,Residential,Individual,Unknown,Canterbury,Enterprise,24,261.21,Rob Thompson,2021-04-13
ACC-03516,Barbara Taylor,Unknown,Residential,Corporate,Unknown,Canterbury,Free,7,0.0,Unassigned,2022-09-16
ACC-03523,Sarah Smith,Metro Systems,Business,Corporate,Manufacturing,Canterbury,Free,13,0.0,Unassigned,2018-02-13
ACC-03525,Charles Hernandez,Metro Ltd,Business,Corporate,Trades,Canterbury,Free,2,0.0,Unassigned,2019-10-14
ACC-03526,Thomas Williams,Unknown,Residential,Individual,Unknown,Canterbury,Free,28,0.0,Unassigned,2023-03-02
ACC-03527,Thomas Lopez,Peak Legal,Business,Corporate,Trades,Canterbury,Premium,48,0.0,Unassigned,2023-10-29
ACC-03528,Elizabeth Williams,Northern Medical,Business,Corporate,Professional Services,Canterbury,Basic,36,54.65,Unassigned,2020-02-22
ACC-03529,Charles Jones,Frontier Enterprises,Business,Individual,Trades,Canterbury,Free,1,610.06,Mike Patterson,2023-08-06
ACC-03530,Sarah Jones,Unknown,Residential,Individual,Unknown,Canterbury,Enterprise,22,375.08,Mike Patterson,2022-11-27
ACC-03531,Jessica Johnson,Unknown,Residential,Individual,Unknown,Wellington,Enterprise,28,0.0,Unassigned,2018-02-19
ACC-03532,David Moore,Southern Construction,Business,Corporate,Hospitality,Auckland,Free,35,0.0,Unassigned,2023-12-28
ACC-03533,Sarah Jackson,Kiwi Plumbing,Business,Corporate,Transport & Logistics,Auckland,Free,12,0.0,Unassigned,2021-02-18
ACC-03535,Mary Garcia,Valley Consulting,Business,Corporate,Trades,Canterbury,Premium,23,287.35,Mike Patterson,2020-11-08
ACC-03536,Robert Davis,Frontier Consulting,Business,Corporate,Trades,Waikato,Basic,29,51.63,Unassigned,2018-01-23
ACC-03537,Charles Lopez,Apex Solutions,Business,Corporate,Healthcare,Wellington,Premium,38,183.11,Unassigned,2022-06-03
ACC-03538,Barbara Gonzalez,Unknown,Residential,Individual,Unknown,Otago,Enterprise,12,295.99,Rob Thompson,2023-11-27
ACC-03539,Elizabeth Davis,Sterling Transport,Business,Corporate,Construction,Wellington,Basic,48,61.2,Unassigned,2021-03-20
ACC-03540,Elizabeth Brown,Pioneer Ltd,Business,Corporate,Education,Auckland,Enterprise,5,182.7,Rob Thompson,2021-02-06
ACC-03541,Michael Wilson,Gateway Enterprises,Business,Corporate,Education,Waikato,Premium,1,172.76,Unassigned,2018-09-06
ACC-03542,David Jones,Unknown,Residential,Corporate,Unknown,Otago,Enterprise,36,443.31,Lisa Hartley,2021-06-14
ACC-03545,Barbara Jones,Frontier Solutions,Business,Small Business,Hospitality,Canterbury,Basic,53,265.96,Mike Patterson,2018-09-29
ACC-03547,Elizabeth Johnson,Alpha Logistics,Business,Small Business,Retail,Canterbury,Free,11,0.0,Unassigned,2019-03-20
ACC-03551,Karen Jones,Unknown,Residential,Corporate,Unknown,Canterbury,Enterprise,35,36.84,Unassigned,2020-03-06
ACC-03553,Elizabeth Davis,Unknown,Residential,Individual,Unknown,Waikato,Enterprise,18,52.54,Unassigned,2023-09-09
ACC-03556,Karen Thomas,Pacific Group,Business,Corporate,Trades,Nelson-Marlborough,Basic,22,811.86,Rob Thompson,2022-09-28
ACC-03558,David Miller,Northern Plumbing,Business,Corporate,Property Management,Canterbury,Free,1,319.57,Rob Thompson,2018-07-27
ACC-03560,Patricia Hernandez,Coastal Plumbing,Business,Corporate,Agriculture,Bay of Plenty,Basic,56,86.16,Unassigned,2019-11-18
ACC-03562,Linda Jones,Unknown,Residential,Small Business,Unknown,Canterbury,Basic,29,50.24,Unassigned,2021-01-13
ACC-03563,Karen Martinez,Unknown,Residential,Individual,Unknown,Waikato,Basic,45,44.0,Unassigned,2019-09-22
ACC-03565,Susan Jones,Gateway Enterprises,Business,Corporate,Professional Services,Southland,Premium,34,267.97,Rob Thompson,2019-05-26
ACC-03566,James Garcia,Northern Electrical,Business,Corporate,Construction,Waikato,Enterprise,8,55.1,Unassigned,2023-02-03
ACC-03567,Jennifer Brown,Unknown,Residential,Small Business,Unknown,Canterbury,Free,43,0.0,Unassigned,2023-10-06
ACC-03569,Linda Thomas,Ridge Enterprises,Business,Small Business,Healthcare,Auckland,Free,1,0.0,Unassigned,2018-06-29
ACC-03570,Barbara Jackson,Northern Engineering,Business,Small Business,Retail,Canterbury,Basic,51,119.98,Unassigned,2021-09-13
ACC-03573,Barbara Williams,Gateway Systems,Business,Small Business,Manufacturing,Canterbury,Basic,31,76.35,Unassigned,2018-09-10
ACC-03574,Jessica Garcia,Unknown,Residential,Small Business,Unknown,Waikato,Basic,19,446.55,Sarah Chen,2021-02-10
ACC-03575,Charles Martinez,Gateway Electrical,Business,Individual,Trades,Bay of Plenty,Enterprise,5,212.9,Lisa Hartley,2018-08-09
ACC-03577,Joseph Martin,Apex Services,Business,Corporate,Transport & Logistics,Otago,Enterprise,9,896.55,Mike Patterson,2019-12-02
ACC-03578,Joseph Anderson,Unknown,Residential,Corporate,Unknown,Canterbury,Enterprise,6,97.52,Unassigned,2021-12-12
ACC-03579,Elizabeth Hernandez,Unknown,Residential,Small Business,Unknown,Wellington,Premium,44,105.97,Lisa Hartley,2022-04-22
ACC-03580,Charles Rodriguez,Ridge Services,Business,Corporate,Hospitality,Auckland,Enterprise,39,473.31,Sarah Chen,2023-12-21
ACC-03582,David Moore,Pacific Systems,Business,Corporate,Manufacturing,Canterbury,Basic,1,192.19,Unassigned,2020-05-17
ACC-03584,David Smith,Unknown,Residential,Small Business,Unknown,Auckland,Basic,6,121.71,Unassigned,2019-03-12
ACC-03585,Barbara Williams,Southern Ltd,Business,Corporate,Construction,Auckland,Enterprise,7,634.62,Rob Thompson,2018-04-11
ACC-03588,James Miller,Unknown,Residential,Corporate,Unknown,Wellington,Premium,3,35.52,Unassigned,2022-09-25
ACC-03589,John Rodriguez,Apex Logistics,Business,Small Business,Professional Services,Auckland,Basic,58,95.23,Unassigned,2019-05-14
ACC-03590,Joseph Martinez,Metro Holdings,Business,Small Business,Manufacturing,Canterbury,Enterprise,6,540.26,Mike Patterson,2021-04-22
ACC-03591,David Anderson,Sterling Logistics,Business,Individual,Education,Wellington,Free,37,188.6,Sarah Chen,2019-07-14
ACC-03595,Joseph Gonzalez,Unknown,Residential,Individual,Unknown,Waikato,Enterprise,1,345.36,Rob Thompson,2022-07-27
ACC-03596,John Davis,Unknown,Residential,Corporate,Unknown,Canterbury,Free,34,122.97,Unassigned,2021-11-03
ACC-03597,Patricia Jackson,Unknown,Residential,Individual,Unknown,Auckland,Free,46,0.0,Unassigned,2021-11-09
ACC-03600,Elizabeth Brown,Apex Services,Business,Corporate,Agriculture,Wellington,Basic,9,540.58,Lisa Hartley,2021-03-28
ACC-03602,Karen Wilson,Unknown,Residential,Small Business,Unknown,Otago,Enterprise,1,113.31,Unassigned,2020-12-14
ACC-03606,Joseph Taylor,Unknown,Residential,Small Business,Unknown,Waikato,Enterprise,18,322.91,Rob Thompson,2019-03-10
ACC-03607,Charles Jones,Pioneer Construction,Business,Corporate,Professional Services,Canterbury,Premium,11,157.23,Lisa Hartley,2021-11-09
ACC-03608,Robert Gonzalez,Valley Construction,Business,Corporate,Hospitality,Canterbury,Basic,23,0.0,Unassigned,2018-12-13
ACC-03609,Barbara Lopez,Apex Group,Business,Corporate,Trades,Canterbury,Premium,4,237.46,Lisa Hartley,2023-05-03
ACC-03610,Barbara Smith,Unknown,Residential,Individual,Unknown,Auckland,Basic,32,259.82,Mike Patterson,2020-04-04
ACC-03611,Michael Lopez,Kiwi Systems,Business,Corporate,Education,Taranaki,Free,20,0.0,Unassigned,2021-07-02
ACC-03613,Barbara Martinez,Unknown,Residential,Individual,Unknown,Canterbury,Enterprise,32,440.8,Rob Thompson,2023-11-12
ACC-03614,Barbara Williams,Frontier Tech,Business,Corporate,Retail,Auckland,Basic,18,187.06,Unassigned,2020-10-21
ACC-03616,Karen Taylor,Unknown,Residential,Individual,Unknown,Canterbury,Free,15,0.0,Unassigned,2020-05-09
ACC-03618,David Taylor,Sterling Engineering,Business,Corporate,Trades,Canterbury,Enterprise,14,534.84,Lisa Hartley,2018-01-25
ACC-03619,Barbara Wilson,Unknown,Residential,Small Business,Unknown,Waikato,Premium,2,127.72,Unassigned,2022-12-20
ACC-03620,James Lopez,Central Engineering,Business,Individual,Education,Waikato,Enterprise,1,579.51,Rob Thompson,2022-10-26
ACC-03621,Richard Rodriguez,Southern Logistics,Business,Corporate,Retail,Canterbury,Enterprise,3,0.0,Unassigned,2019-08-09
ACC-03624,Jessica Martinez,Unknown,Residential,Individual,Unknown,Canterbury,Enterprise,50,418.68,Mike Patterson,2021-01-20
ACC-03628,David Thomas,Unknown,Residential,Corporate,Unknown,Canterbury,Enterprise,1,400.76,Sarah Chen,2021-10-31
ACC-03629,Karen Johnson,Peak Services,Business,Corporate,Trades,Auckland,Enterprise,21,770.84,Sarah Chen,2022-05-24
ACC-03630,Barbara Martin,Harbour Construction,Business,Corporate,Healthcare,Hawke's Bay,Basic,60,97.98,Unassigned,2019-07-05
ACC-03631,Michael Lopez,Alpha Solutions,Business,Corporate,Hospitality,Otago,Enterprise,1,775.74,Lisa Hartley,2020-10-16
ACC-03633,Jessica Davis,Peak Transport,Business,Corporate,Construction,Hawke's Bay,Basic,49,66.58,Unassigned,2018-02-24
ACC-03636,Joseph Taylor,Sterling Partners,Business,Corporate,Construction,Canterbury,Premium,23,255.27,Lisa Hartley,2020-08-14
ACC-03637,Barbara Davis,Highland Construction,Business,Small Business,Construction,Hawke's Bay,Basic,4,113.64,Unassigned,2020-02-04
ACC-03641,Richard Williams,Unknown,Residential,Individual,Unknown,Auckland,Enterprise,48,357.76,Rob Thompson,2019-07-10
ACC-03642,James Martinez,Unknown,Residential,Small Business,Unknown,Southland,Premium,3,126.56,Unassigned,2020-04-07
ACC-03643,Charles Garcia,Unknown,Residential,Individual,Unknown,Waikato,Basic,13,39.03,Unassigned,2022-07-24
ACC-03645,Karen Gonzalez,Unknown,Residential,Corporate,Unknown,Canterbury,Basic,32,44.65,Unassigned,2020-10-08
ACC-03647,William Smith,Island Services,Business,Small Business,Trades,Hawke's Bay,Premium,21,181.28,Unassigned,2023-03-25
ACC-03648,Joseph Anderson,Unknown,Residential,Individual,Unknown,Canterbury,Basic,24,52.81,Unassigned,2022-12-12
ACC-03649,Karen Martin,Unknown,Residential,Individual,Unknown,Manawatu-Whanganui,Free,29,0.0,Unassigned,2018-11-11
ACC-03650,Mary Brown,Pioneer Logistics,Business,Small Business,Trades,Auckland,Free,24,0.0,Unassigned,2022-05-05
ACC-03651,Michael Davis,Unknown,Residential,Corporate,Unknown,Otago,Basic,20,47.78,Unassigned,2023-12-11
ACC-03652,Thomas Moore,Unknown,Residential,Individual,Unknown,Wellington,Free,8,0.0,Unassigned,2023-06-13
ACC-03653,Mary Jackson,Southern Enterprises,Business,Corporate,Professional Services,Waikato,Free,6,0.0,Unassigned,2020-12-12
ACC-03658,David Garcia,Unknown,Residential,Individual,Unknown,Auckland,Enterprise,37,329.07,Mike Patterson,2018-05-15
ACC-03660,Elizabeth Smith,Alpha Services,Business,Individual,Hospitality,Waikato,Enterprise,6,663.68,Lisa Hartley,2019-06-09
ACC-03665,Charles Davis,Valley Holdings,Business,Small Business,Technology,Canterbury,Enterprise,1,743.54,Lisa Hartley,2022-09-29
ACC-03666,William Jones,Unknown,Residential,Corporate,Unknown,Canterbury,Free,5,0.0,Unassigned,2019-10-15
ACC-03667,Jessica Martin,Frontier Medical,Business,Small Business,Healthcare,Hawke's Bay,Basic,28,75.85,Unassigned,2022-02-14
ACC-03670,Mary Taylor,Ridge Industries,Residential,Individual,Unknown,Canterbury,Enterprise,22,314.87,Lisa Hartley,2021-01-03
ACC-03673,Charles Miller,Unknown,Residential,Corporate,Unknown,Canterbury,Free,42,0.0,Unassigned,2019-10-29
ACC-03677,David Martinez,Unknown,Residential,Individual,Unknown,Canterbury,Enterprise,6,99.09,Unassigned,2022-04-28
ACC-03679,Jessica Wilson,Metro Construction,Business,Small Business,Construction,Waikato,Enterprise,9,182.46,Mike Patterson,2018-11-05
ACC-03681,Karen Davis,Island Solutions,Business,Corporate,Education,Canterbury,Basic,12,54.48,Unassigned,2019-03-12
ACC-03682,Jennifer Lopez,Unknown,Residential,Individual,Unknown,Auckland,Enterprise,46,324.49,Sarah Chen,2018-03-06
ACC-03683,Charles Davis,Sterling Holdings,Business,Corporate,Professional Services,Canterbury,Premium,1,215.33,Lisa Hartley,2023-02-20
ACC-03685,Michael Martin,Valley Solutions,Business,Corporate,Transport & Logistics,Wellington,Enterprise,6,222.66,Sarah Chen,2018-08-15
ACC-03687,Barbara Williams,Sterling Partners,Business,Corporate,Manufacturing,Auckland,Enterprise,7,75.69,Unassigned,2020-02-07
ACC-03688,David Jones,Pacific Services,Business,Individual,Professional Services,Canterbury,Basic,37,462.56,Mike Patterson,2023-07-02
ACC-03689,Joseph Brown,Island Group,Business,Corporate,Healthcare,Auckland,Enterprise,41,533.48,Sarah Chen,2021-10-07
ACC-03691,Charles Davis,Gateway Electrical,Business,Corporate,Hospitality,Manawatu-Whanganui,Basic,4,532.92,Rob Thompson,2021-06-04
ACC-03693,Jessica Martin,Island Systems,Business,Corporate,Healthcare,Auckland,Enterprise,35,0.0,Unassigned,2019-01-13
ACC-03695,Mary Garcia,Island Group,Business,Corporate,Hospitality,Auckland,Basic,7,197.68,Unassigned,2021-10-09
ACC-03697,Joseph Garcia,Frontier Solutions,Business,Individual,Construction,Taranaki,Premium,23,208.54,Sarah Chen,2018-04-20
ACC-03698,Elizabeth Garcia,Island Transport,Business,Corporate,Trades,Waikato,Enterprise,11,500.33,Sarah Chen,2019-06-24
ACC-03699,David Thomas,Ridge Dental,Business,Individual,Construction,Bay of Plenty,Free,33,0.0,Unassigned,2018-04-14
ACC-03701,Karen Wilson,Kiwi Logistics,Business,Corporate,Retail,Auckland,Basic,15,379.99,Lisa Hartley,2020-01-14
ACC-03702,Patricia Jones,Unknown,Residential,Individual,Unknown,Wellington,Enterprise,49,0.0,Unassigned,2021-03-21
ACC-03704,Charles Martin,Peak Medical,Business,Corporate,Construction,Canterbury,Free,5,0.0,Unassigned,2022-02-22
ACC-03705,Karen Hernandez,Highland Electrical,Business,Individual,Manufacturing,Canterbury,Free,4,83.66,Unassigned,2023-05-19
ACC-03706,Jessica Miller,Unknown,Residential,Corporate,Unknown,Northland,Free,13,50.36,Unassigned,2019-10-27
ACC-03707,Karen Moore,Unknown,Residential,Small Business,Unknown,Hawke's Bay,Basic,9,304.59,Rob Thompson,2019-04-11
ACC-03710,Elizabeth Thomas,Coastal Services,Business,Corporate,Healthcare,Waikato,Free,11,181.8,Unassigned,2020-11-08
ACC-03712,Charles Smith,Valley Engineering,Business,Corporate,Retail,Auckland,Free,23,0.0,Unassigned,2022-04-10
ACC-03713,John Gonzalez,Central Engineering,Business,Corporate,Construction,Hawke's Bay,Basic,11,92.81,Unassigned,2022-02-18
ACC-03714,Linda Hernandez,Unknown,Residential,Corporate,Unknown,Otago,Free,2,0.0,Unassigned,2020-04-27
ACC-03715,Linda Smith,Island Dental,Business,Small Business,Hospitality,Auckland,Basic,5,497.97,Rob Thompson,2020-01-06
ACC-03717,Patricia Taylor,Unknown,Residential,Individual,Unknown,Canterbury,Free,24,0.0,Unassigned,2022-01-11
ACC-03718,Karen Jones,Harbour Dental,Business,Small Business,Hospitality,Waikato,Basic,16,115.5,Unassigned,2021-01-05
ACC-03720,Karen Smith,Peak Dental,Business,Small Business,Property Management,Taranaki,Premium,54,202.15,Rob Thompson,2018-06-01
ACC-03721,James Wilson,Harbour Logistics,Business,Small Business,Healthcare,Canterbury,Basic,23,0.0,Unassigned,2021-07-02
ACC-03722,Karen Martinez,Harbour Engineering,Business,Corporate,Retail,Auckland,Basic,4,0.0,Unassigned,2022-08-15
ACC-03723,Karen Jackson,Apex Dental,Business,Corporate,Manufacturing,Auckland,Basic,7,62.52,Unassigned,2018-02-06
ACC-03724,Susan Williams,Unknown,Residential,Individual,Unknown,Auckland,Free,1,0.0,Unassigned,2022-02-02
ACC-03725,Mary Thomas,Unknown,Residential,Individual,Unknown,Otago,Basic,60,44.13,Unassigned,2018-09-30
ACC-03726,Thomas Johnson,Harbour Electrical,Business,Corporate,Construction,Wellington,Basic,10,104.35,Mike Patterson,2018-07-24
ACC-03730,Elizabeth Garcia,Sterling Enterprises,Business,Corporate,Trades,Otago,Free,46,0.0,Unassigned,2018-06-25
ACC-03732,Jennifer Anderson,Metro Enterprises,Business,Small Business,Construction,Bay of Plenty,Free,46,595.14,Lisa Hartley,2022-06-25
ACC-03733,Patricia Jackson,Ridge Dental,Business,Corporate,Technology,Auckland,Enterprise,17,284.38,Lisa Hartley,2019-04-24
ACC-03734,John Williams,Frontier Engineering,Business,Small Business,Professional Services,Wellington,Free,10,24.71,Unassigned,2022-10-14
ACC-03735,Charles Martinez,Frontier Electrical,Business,Corporate,Retail,Waikato,Basic,16,508.98,Mike Patterson,2019-03-01
ACC-03737,William Jackson,Harbour Construction,Business,Corporate,Healthcare,Auckland,Enterprise,53,951.57,Rob Thompson,2019-06-11
ACC-03738,Michael Jones,Southern Holdings,Business,Corporate,Construction,Wellington,Premium,17,234.74,Lisa Hartley,2020-06-03
ACC-03739,Elizabeth Williams,Peak Plumbing,Business,Individual,Agriculture,Auckland,Basic,9,102.93,Unassigned,2021-10-11
ACC-03740,Joseph Davis,Frontier Dental,Business,Corporate,Construction,Nelson-Marlborough,Premium,38,169.91,Unassigned,2018-05-28
ACC-03741,Barbara Wilson,Unknown,Residential,Individual,Unknown,Waikato,Enterprise,6,319.43,Lisa Hartley,2020-03-15
ACC-03742,Charles Gonzalez,Kiwi Medical,Business,Individual,Professional Services,Canterbury,Enterprise,9,520.03,Rob Thompson,2018-12-14
ACC-03743,Michael Jackson,Unknown,Residential,Individual,Unknown,Canterbury,Enterprise,39,0.0,Unassigned,2020-01-28
ACC-03748,Jennifer Anderson,Peak Solutions,Business,Corporate,Manufacturing,Auckland,Enterprise,35,390.37,Lisa Hartley,2022-04-11
ACC-03749,Richard Taylor,Pioneer Dental,Business,Small Business,Professional Services,Manawatu-Whanganui,Enterprise,60,743.52,Mike Patterson,2022-09-28
ACC-03750,Elizabeth Miller,Coastal Services,Business,Individual,Professional Services,Canterbury,Enterprise,4,50.04,Unassigned,2018-09-02
ACC-03751,Thomas Martin,Coastal Services,Business,Small Business,Hospitality,Waikato,Premium,1,201.09,Sarah Chen,2018-03-21
ACC-03752,Charles Gonzalez,Harbour Consulting,Business,Corporate,Professional Services,Wellington,Enterprise,50,0.0,Unassigned,2019-12-21
ACC-03753,James Martin,Ridge Enterprises,Business,Corporate,Transport & Logistics,Bay of Plenty,Free,56,0.0,Unassigned,2020-10-10
ACC-03758,Patricia Jones,Apex Solutions,Business,Individual,Property Management,Canterbury,Premium,48,302.24,Sarah Chen,2022-09-18
ACC-03760,Barbara Moore,Peak Engineering,Business,Small Business,Construction,Auckland,Basic,34,0.0,Unassigned,2020-03-22
ACC-03761,Michael Lopez,Southern Ltd,Business,Small Business,Retail,Wellington,Enterprise,2,687.33,Sarah Chen,2021-10-02
ACC-03762,Joseph Wilson,Kiwi Transport,Business,Individual,Professional Services,Otago,Basic,15,102.79,Unassigned,2021-08-30
ACC-03764,Sarah Wilson,Unknown,Residential,Individual,Unknown,Waikato,Free,2,0.0,Unassigned,2022-07-15
ACC-03765,Richard Martin,Pacific Systems,Business,Individual,Transport & Logistics,Auckland,Free,14,0.0,Unassigned,2022-06-27
ACC-03766,James Taylor,Unknown,Residential,Individual,Unknown,Auckland,Basic,38,50.19,Unassigned,2020-02-26
ACC-03769,James Gonzalez,Pioneer Construction,Business,Corporate,Construction,Auckland,Free,45,0.0,Unassigned,2018-10-12
ACC-03770,James Johnson,Unknown,Residential,Small Business,Unknown,Canterbury,Premium,5,109.98,Lisa Hartley,2021-12-16
ACC-03772,Charles Davis,Coastal Legal,Business,Corporate,Retail,Hawke's Bay,Basic,16,57.58,Unassigned,2021-08-12
ACC-03774,Karen Jackson,Unknown,Residential,Individual,Unknown,Wellington,Basic,55,48.26,Unassigned,2021-08-07
ACC-03776,David Moore,Unknown,Residential,Corporate,Unknown,Canterbury,Enterprise,8,296.76,Lisa Hartley,2022-02-04
ACC-03777,Barbara Anderson,Central Engineering,Business,Small Business,Professional Services,Canterbury,Basic,34,78.74,Unassigned,2019-07-01
ACC-03778,Karen Moore,Gateway Tech,Business,Corporate,Professional Services,Canterbury,Free,21,0.0,Unassigned,2020-09-09
ACC-03779,Sarah Jones,Coastal Logistics,Business,Corporate,Construction,Southland,Free,58,0.0,Unassigned,2022-08-12
ACC-03780,David Gonzalez,Unknown,Residential,Corporate,Unknown,Canterbury,Premium,5,96.75,Unassigned,2020-07-26
ACC-03781,Charles Williams,Kiwi Solutions,Business,Corporate,Hospitality,Bay of Plenty,Enterprise,12,425.5,Rob Thompson,2023-01-28
ACC-03782,Jessica Davis,Pioneer Ltd,Business,Corporate,Hospitality,Auckland,Basic,26,219.44,Mike Patterson,2022-08-10
ACC-03784,Elizabeth Brown,Northern Group,Business,Corporate,Construction,Waikato,Basic,9,83.26,Unassigned,2018-07-09
ACC-03785,Elizabeth Anderson,Peak Engineering,Business,Small Business,Construction,Otago,Basic,13,184.48,Rob Thompson,2023-10-27
ACC-03787,Jessica Martinez,Unknown,Residential,Small Business,Unknown,Auckland,Basic,33,50.09,Unassigned,2020-12-28
ACC-03788,Robert Taylor,Unknown,Residential,Individual,Unknown,Auckland,Free,13,0.0,Unassigned,2023-01-09
ACC-03789,Charles Thomas,Island Electrical,Business,Small Business,Retail,Otago,Premium,18,249.6,Sarah Chen,2022-08-23
ACC-03790,Jessica Rodriguez,Unknown,Residential,Individual,Unknown,Wellington,Free,5,298.36,Rob Thompson,2019-08-09
ACC-03791,Sarah Martin,Unknown,Residential,Small Business,Unknown,Otago,Enterprise,56,333.11,Sarah Chen,2021-01-31
ACC-03793,David Jones,Frontier Consulting,Business,Small Business,Manufacturing,Waikato,Enterprise,32,647.98,Lisa Hartley,2021-06-03
ACC-03794,Charles Miller,Metro Group,Business,Corporate,Education,Otago,Enterprise,7,180.74,Sarah Chen,2018-07-28
ACC-03796,Mary Davis,Kiwi Partners,Business,Small Business,Professional Services,Canterbury,Basic,48,59.55,Unassigned,2018-05-12
ACC-03797,Michael Thomas,Pioneer Holdings,Business,Corporate,Trades,Auckland,Basic,60,101.71,Unassigned,2022-05-29
ACC-03800,Jessica Brown,Gateway Holdings,Business,Corporate,Transport & Logistics,Auckland,Free,7,0.0,Unassigned,2021-09-30
ACC-03802,Charles Gonzalez,Harbour Engineering,Business,Small Business,Transport & Logistics,Auckland,Basic,2,808.05,Lisa Hartley,2020-10-15
ACC-03803,Charles Jones,Valley Plumbing,Business,Individual,Professional Services,Auckland,Free,14,145.15,Unassigned,2018-10-06
ACC-03804,Patricia Taylor,Unknown,Residential,Corporate,Unknown,Canterbury,Basic,38,0.0,Unassigned,2021-04-23
ACC-03805,Linda Hernandez,Unknown,Residential,Individual,Unknown,Auckland,Free,7,0.0,Unassigned,2018-02-16
ACC-03806,Barbara Brown,Metro Systems,Business,Small Business,Retail,Canterbury,Basic,58,0.0,Unassigned,2023-07-05
ACC-03807,Jennifer Martinez,Unknown,Residential,Individual,Unknown,Auckland,Basic,20,0.0,Unassigned,2022-06-02
ACC-03808,John Moore,Northern Group,Business,Corporate,Trades,Waikato,Free,32,259.97,Sarah Chen,2018-03-20
ACC-03811,Charles Miller,Sterling Plumbing,Business,Corporate,Professional Services,Bay of Plenty,Free,49,209.09,Rob Thompson,2021-10-22
ACC-03814,Michael Brown,Summit Systems,Business,Corporate,Healthcare,Canterbury,Premium,47,186.46,Unassigned,2021-08-17
ACC-03816,James Garcia,Unknown,Residential,Individual,Unknown,Waikato,Enterprise,49,304.56,Sarah Chen,2020-08-21
ACC-03817,William Hernandez,Peak Systems,Business,Small Business,Professional Services,Canterbury,Free,28,0.0,Unassigned,2023-03-16
ACC-03818,Charles Jackson,Frontier Holdings,Business,Individual,Construction,Bay of Plenty,Basic,12,0.0,Unassigned,2020-08-04
ACC-03819,Susan Jackson,Unknown,Residential,Corporate,Unknown,Canterbury,Basic,2,40.52,Unassigned,2021-11-19
ACC-03820,William Smith,Valley Group,Business,Small Business,Hospitality,Wellington,Basic,4,52.76,Unassigned,2020-04-02
ACC-03821,Karen Anderson,Frontier Engineering,Business,Corporate,Hospitality,Taranaki,Free,13,0.0,Unassigned,2018-09-23
ACC-03823,Karen Lopez,Kiwi Engineering,Business,Individual,Healthcare,Auckland,Basic,5,59.9,Unassigned,2022-10-27
ACC-03826,Jennifer Miller,Unknown,Residential,Individual,Unknown,Otago,Enterprise,12,299.65,Sarah Chen,2018-01-18
ACC-03828,Michael Gonzalez,Pioneer Tech,Business,Individual,Construction,Auckland,Basic,20,111.43,Unassigned,2023-04-25
ACC-03829,Barbara Rodriguez,Alpha Consulting,Business,Corporate,Professional Services,Auckland,Enterprise,6,576.39,Rob Thompson,2018-11-22
ACC-03831,Patricia Moore,Ridge Services,Business,Small Business,Retail,Waikato,Premium,42,227.36,Mike Patterson,2023-12-08
ACC-03832,Mary Smith,Island Services,Business,Corporate,Technology,Auckland,Basic,27,0.0,Unassigned,2022-09-03
ACC-03833,Barbara Williams,Pacific Engineering,Business,Corporate,Hospitality,Auckland,Enterprise,5,651.81,Mike Patterson,2018-07-09
ACC-03835,Barbara Anderson,Sterling Medical,Business,Small Business,Property Management,Waikato,Enterprise,16,752.27,Mike Patterson,2020-10-06
ACC-03837,Elizabeth Brown,Unknown,Residential,Individual,Unknown,Auckland,Basic,18,268.67,Lisa Hartley,2018-02-20
ACC-03839,Patricia Thomas,Apex Industries,Business,Corporate,Construction,Waikato,Premium,2,0.0,Unassigned,2022-03-02
ACC-03840,John Gonzalez,Valley Consulting,Business,Individual,Manufacturing,Manawatu-Whanganui,Premium,11,874.72,Rob Thompson,2020-11-13
ACC-03841,James Moore,Unknown,Residential,Individual,Unknown,Canterbury,Free,9,0.0,Unassigned,2021-04-06
ACC-03843,David Davis,Unknown,Residential,Individual,Unknown,Wellington,Basic,9,43.73,Unassigned,2021-03-23
ACC-03844,Joseph Martinez,Valley Partners,Business,Small Business,Construction,Hawke's Bay,Enterprise,13,791.84,Mike Patterson,2018-06-19
ACC-03846,Michael Williams,Unknown,Residential,Individual,Unknown,Canterbury,Basic,25,49.03,Unassigned,2023-11-14
ACC-03847,Robert Jones,Unknown,Residential,Individual,Unknown,Auckland,Enterprise,2,348.47,Mike Patterson,2022-10-12
ACC-03849,Elizabeth Williams,Sterling Construction,Residential,Individual,Unknown,Otago,Premium,11,150.86,Unassigned,2018-08-06
ACC-03851,Robert Taylor,Southern Solutions,Business,Small Business,Transport & Logistics,Auckland,Enterprise,7,765.99,Mike Patterson,2018-06-14
ACC-03852,Linda Johnson,Unknown,Residential,Small Business,Unknown,Wellington,Basic,49,53.11,Unassigned,2021-06-22
ACC-03853,Joseph Davis,Frontier Medical,Business,Corporate,Manufacturing,Auckland,Basic,34,66.28,Unassigned,2022-11-26
ACC-03854,David Garcia,Frontier Ltd,Business,Individual,Construction,Auckland,Basic,2,167.71,Mike Patterson,2021-04-03
ACC-03855,David Jones,Highland Tech,Business,Corporate,Healthcare,Bay of Plenty,Enterprise,53,453.63,Mike Patterson,2018-04-25
ACC-03858,David Hernandez,Gateway Services,Business,Corporate,Education,Wellington,Basic,47,67.86,Unassigned,2022-09-01
ACC-03860,Barbara Thomas,Southern Group,Business,Small Business,Retail,Bay of Plenty,Premium,9,551.88,Sarah Chen,2022-01-22
ACC-03861,Susan Hernandez,Highland Industries,Business,Individual,Healthcare,Waikato,Basic,55,804.62,Lisa Hartley,2022-07-25
ACC-03862,Charles Williams,Northern Tech,Business,Small Business,Retail,Wellington,Premium,6,295.71,Sarah Chen,2018-06-15
ACC-03865,Karen Anderson,Highland Construction,Business,Corporate,Education,Taranaki,Enterprise,55,772.53,Lisa Hartley,2023-06-25
ACC-03868,James Smith,Unknown,Residential,Individual,Unknown,Auckland,Basic,5,48.6,Unassigned,2018-11-23
ACC-03869,David Hernandez,Unknown,Residential,Corporate,Unknown,Wellington,Basic,2,36.62,Unassigned,2021-09-01
ACC-03871,Barbara Wilson,Pioneer Electrical,Business,Corporate,Education,Bay of Plenty,Enterprise,30,639.84,Mike Patterson,2019-07-06
ACC-03872,William Davis,Pacific Industries,Business,Small Business,Hospitality,Canterbury,Basic,1,70.19,Unassigned,2020-11-09
ACC-03874,Charles Moore,Unknown,Residential,Corporate,Unknown,Waikato,Free,23,132.96,Unassigned,2018-07-12
ACC-03876,Michael Taylor,Unknown,Residential,Individual,Unknown,Nelson-Marlborough,Basic,32,46.47,Unassigned,2019-01-02
ACC-03877,Jennifer Hernandez,Southern Electrical,Business,Small Business,Healthcare,Otago,Basic,32,68.7,Unassigned,2018-05-23
ACC-03878,John Davis,Coastal Construction,Business,Corporate,Trades,Northland,Enterprise,17,747.09,Mike Patterson,2020-05-04
ACC-03879,James Garcia,Unknown,Residential,Individual,Unknown,Canterbury,Basic,32,48.21,Unassigned,2019-06-25
ACC-03882,Charles Martin,Unknown,Residential,Corporate,Unknown,Auckland,Premium,8,152.9,Mike Patterson,2020-04-01
ACC-03883,Barbara Wilson,Unknown,Residential,Corporate,Unknown,Hawke's Bay,Enterprise,15,120.88,Unassigned,2020-05-24
ACC-03884,James Johnson,Unknown,Residential,Individual,Unknown,Waikato,Basic,9,43.42,Unassigned,2019-03-13
ACC-03885,Jennifer Martin,Southern Engineering,Business,Small Business,Healthcare,Waikato,Basic,3,0.0,Unassigned,2023-08-30
ACC-03886,Barbara Lopez,Summit Systems,Business,Individual,Professional Services,Manawatu-Whanganui,Basic,1,85.05,Unassigned,2023-09-21
ACC-03887,Barbara Taylor,Apex Partners,Business,Small Business,Trades,Auckland,Basic,27,63.13,Unassigned,2019-12-06
ACC-03888,John Gonzalez,Unknown,Residential,Small Business,Unknown,Manawatu-Whanganui,Free,10,0.0,Unassigned,2018-10-05
ACC-03889,Sarah Garcia,Unknown,Residential,Individual,Unknown,Canterbury,Basic,46,33.6,Unassigned,2021-08-12
ACC-03890,Thomas Garcia,Ridge Partners,Business,Corporate,Trades,Bay of Plenty,Enterprise,7,546.59,Mike Patterson,2023-12-09
ACC-03891,David Garcia,Island Industries,Business,Corporate,Healthcare,Taranaki,Basic,10,69.04,Unassigned,2019-04-19
ACC-03892,David Williams,Island Dental,Business,Small Business,Trades,Auckland,Enterprise,6,462.76,Sarah Chen,2023-12-25
ACC-03893,Linda Martinez,Unknown,Residential,Corporate,Unknown,Otago,Basic,1,0.0,Unassigned,2023-09-05
ACC-03894,Barbara Gonzalez,Unknown,Residential,Corporate,Unknown,Waikato,Basic,31,118.17,Lisa Hartley,2021-01-06
ACC-03895,Elizabeth Jones,Unknown,Residential,Individual,Unknown,Otago,Enterprise,2,129.75,Unassigned,2019-11-30
ACC-03898,David Johnson,Unknown,Residential,Small Business,Unknown,Auckland,Basic,29,314.25,Lisa Hartley,2022-08-31
ACC-03899,William Hernandez,Ridge Group,Business,Small Business,Education,Auckland,Basic,40,93.57,Unassigned,2022-09-14
ACC-03900,Jennifer Martin,Valley Tech,Business,Individual,Hospitality,Waikato,Enterprise,19,268.59,Lisa Hartley,2018-05-15
ACC-03901,John Anderson,Ridge Engineering,Business,Corporate,Transport & Logistics,Waikato,Basic,58,58.92,Unassigned,2019-12-11
ACC-03903,Robert Lopez,Unknown,Residential,Small Business,Unknown,Taranaki,Premium,9,125.75,Lisa Hartley,2019-02-26
ACC-03904,Sarah Taylor,Pacific Electrical,Business,Small Business,Education,Auckland,Premium,26,335.76,Sarah Chen,2023-01-15
ACC-03905,Charles Martinez,Pioneer Industries,Business,Corporate,Retail,Otago,Free,21,0.0,Unassigned,2021-05-01
ACC-03906,Richard Wilson,Unknown,Residential,Small Business,Unknown,Canterbury,Basic,35,45.62,Unassigned,2018-01-24
ACC-03908,Jennifer Anderson,Peak Logistics,Business,Individual,Education,Canterbury,Enterprise,23,614.14,Mike Patterson,2018-03-12
ACC-03909,Charles Gonzalez,Valley Legal,Business,Corporate,Hospitality,Auckland,Basic,27,0.0,Unassigned,2022-10-09
ACC-03910,David Thomas,Highland Enterprises,Business,Small Business,Professional Services,Hawke's Bay,Basic,19,558.49,Mike Patterson,2021-05-16
ACC-03913,John Hernandez,Ridge Transport,Business,Corporate,Construction,Auckland,Enterprise,5,748.03,Sarah Chen,2018-03-05
ACC-03914,Charles Martin,Unknown,Residential,Corporate,Unknown,Wellington,Premium,4,268.63,Sarah Chen,2022-07-08
ACC-03915,James Thomas,Unknown,Residential,Small Business,Unknown,Auckland,Basic,50,385.37,Mike Patterson,2019-02-07
ACC-03916,Barbara Jackson,Pacific Enterprises,Business,Small Business,Construction,Canterbury,Free,17,18.66,Unassigned,2022-06-29
ACC-03917,Patricia Williams,Ridge Services,Business,Corporate,Trades,Wellington,Premium,10,245.63,Rob Thompson,2020-09-12
ACC-03918,Karen Miller,Island Logistics,Business,Small Business,Hospitality,Northland,Free,48,0.0,Unassigned,2020-04-20
ACC-03919,Jessica Hernandez,Unknown,Residential,Individual,Unknown,Canterbury,Enterprise,11,393.6,Sarah Chen,2023-11-28
ACC-03920,Barbara Jones,Unknown,Residential,Small Business,Unknown,Auckland,Premium,28,99.58,Unassigned,2019-05-15
ACC-03921,Barbara Wilson,Unknown,Residential,Corporate,Unknown,Auckland,Basic,18,115.89,Sarah Chen,2021-08-19
ACC-03922,Richard Miller,Unknown,Residential,Individual,Unknown,Wellington,Free,23,0.0,Unassigned,2021-04-15
ACC-03923,Barbara Johnson,Highland Plumbing,Business,Small Business,Education,Canterbury,Premium,3,0.0,Unassigned,2019-03-03
ACC-03924,Barbara Wilson,Central Partners,Business,Corporate,Professional Services,Waikato,Enterprise,38,726.94,Mike Patterson,2021-06-21
ACC-03925,John Rodriguez,Unknown,Residential,Individual,Unknown,Auckland,Enterprise,30,161.43,Lisa Hartley,2022-04-22
ACC-03926,Charles Williams,Peak Electrical,Business,Corporate,Healthcare,Wellington,Enterprise,17,0.0,Unassigned,2023-11-11
ACC-03927,Barbara Johnson,Central Group,Business,Individual,Trades,Waikato,Premium,19,224.89,Sarah Chen,2023-07-18
ACC-03928,Robert Johnson,Unknown,Residential,Individual,Unknown,Canterbury,Basic,7,53.55,Unassigned,2022-11-23
ACC-03929,Charles Gonzalez,Harbour Tech,Business,Small Business,Construction,Waikato,Basic,16,136.34,Unassigned,2019-09-01
ACC-03931,Michael Thomas,Central Group,Business,Small Business,Construction,Otago,Enterprise,11,846.93,Lisa Hartley,2018-07-06
ACC-03934,Robert Moore,Pioneer Engineering,Business,Small Business,Trades,Bay of Plenty,Basic,18,65.45,Unassigned,2018-03-02
ACC-03936,James Martin,Frontier Services,Business,Individual,Education,Wellington,Basic,20,102.33,Rob Thompson,2021-12-13
ACC-03937,Sarah Martin,Unknown,Residential,Individual,Unknown,Auckland,Premium,2,124.27,Unassigned,2022-08-29
ACC-03939,David Smith,Frontier Ltd,Business,Small Business,Trades,Canterbury,Premium,12,259.75,Mike Patterson,2020-11-29
ACC-03941,Linda Anderson,Unknown,Residential,Individual,Unknown,Auckland,Enterprise,20,317.37,Sarah Chen,2022-07-27
ACC-03942,Barbara Anderson,Unknown,Residential,Corporate,Unknown,Canterbury,Premium,2,125.79,Unassigned,2018-02-07
ACC-03943,Thomas Martin,Island Enterprises,Residential,Individual,Unknown,Canterbury,Enterprise,17,317.34,Sarah Chen,2023-08-23
ACC-03949,Sarah Gonzalez,Unknown,Residential,Corporate,Unknown,Canterbury,Basic,20,341.14,Rob Thompson,2022-02-02
ACC-03951,Karen Brown,Ridge Plumbing,Business,Small Business,Trades,Bay of Plenty,Free,49,0.0,Unassigned,2020-11-25
ACC-03952,Jennifer Martinez,Unknown,Residential,Individual,Unknown,Canterbury,Enterprise,9,350.6,Mike Patterson,2021-07-01
ACC-03953,Barbara Anderson,Unknown,Residential,Small Business,Unknown,Canterbury,Enterprise,13,133.69,Unassigned,2022-03-01
ACC-03956,Jessica Gonzalez,Unknown,Residential,Small Business,Unknown,Waikato,Enterprise,16,111.37,Unassigned,2019-10-05
ACC-03957,Charles Jackson,Southern Tech,Business,Corporate,Retail,Wellington,Basic,15,63.88,Unassigned,2019-03-21
ACC-03958,Richard Johnson,Unknown,Residential,Individual,Unknown,Manawatu-Whanganui,Enterprise,15,0.0,Unassigned,2021-06-30
ACC-03961,Barbara Gonzalez,Peak Solutions,Business,Corporate,Professional Services,Waikato,Basic,5,73.37,Unassigned,2019-08-31
ACC-03964,David Brown,Peak Tech,Business,Small Business,Construction,Wellington,Premium,8,248.31,Mike Patterson,2018-02-25
ACC-03966,Barbara Gonzalez,Unknown,Residential,Corporate,Unknown,Auckland,Premium,11,97.62,Unassigned,2023-08-10
ACC-03967,Joseph Moore,Highland Ltd,Business,Small Business,Healthcare,Wellington,Basic,46,87.76,Unassigned,2020-06-29
ACC-03968,David Johnson,Pioneer Enterprises,Business,Small Business,Agriculture,Canterbury,Free,54,0.0,Unassigned,2019-08-04
ACC-03969,Patricia Wilson,Northern Enterprises,Business,Individual,Education,Canterbury,Enterprise,57,904.12,Mike Patterson,2020-07-24
ACC-03970,Joseph Jones,Unknown,Residential,Individual,Unknown,Canterbury,Premium,34,133.06,Unassigned,2020-10-19
ACC-03971,Charles Taylor,Unknown,Residential,Individual,Unknown,Waikato,Basic,2,60.6,Unassigned,2021-04-20
ACC-03973,Charles Martinez,Unknown,Residential,Individual,Unknown,Auckland,Premium,53,141.52,Unassigned,2022-12-25
ACC-03974,John Martinez,Gateway Services,Business,Individual,Construction,Wellington,Basic,49,93.08,Unassigned,2023-01-01
ACC-03976,Barbara Smith,Pioneer Solutions,Business,Individual,Hospitality,Taranaki,Premium,32,268.22,Rob Thompson,2020-03-20
ACC-03977,Joseph Gonzalez,Unknown,Residential,Individual,Unknown,Canterbury,Enterprise,9,468.97,Sarah Chen,2021-05-29
ACC-03978,Thomas Anderson,Peak Electrical,Business,Small Business,Trades,Waikato,Free,2,0.0,Unassigned,2022-01-13
ACC-03981,John Moore,Valley Plumbing,Business,Corporate,Manufacturing,Otago,Basic,17,318.96,Sarah Chen,2019-10-30
ACC-03982,Charles Hernandez,Metro Electrical,Business,Corporate,Retail,Canterbury,Basic,32,71.31,Unassigned,2023-03-27
ACC-03983,Richard Taylor,Unknown,Residential,Individual,Unknown,Auckland,Basic,46,45.28,Unassigned,2022-01-01
ACC-03984,Linda Davis,Unknown,Residential,Individual,Unknown,Waikato,Premium,6,115.19,Rob Thompson,2018-04-24
ACC-03985,Elizabeth Brown,Island Dental,Business,Corporate,Education,Auckland,Enterprise,5,655.33,Sarah Chen,2018-03-19
ACC-03986,Elizabeth Jackson,Metro Dental,Residential,Corporate,Unknown,Auckland,Free,38,0.0,Unassigned,2021-02-20
ACC-03987,Barbara Lopez,Unknown,Residential,Individual,Unknown,Bay of Plenty,Enterprise,47,380.23,Rob Thompson,2022-04-19
ACC-03990,David Hernandez,Northern Construction,Business,Individual,Construction,Canterbury,Enterprise,3,382.23,Lisa Hartley,2021-04-26
ACC-03993,Karen Brown,Apex Industries,Business,Small Business,Transport & Logistics,Canterbury,Basic,6,73.28,Unassigned,2018-07-01
ACC-03995,James Jones,Highland Solutions,Business,Corporate,Professional Services,Canterbury,Basic,20,74.65,Unassigned,2018-03-17
ACC-03998,Thomas Miller,Central Engineering,Business,Corporate,Construction,Otago,Basic,9,94.46,Unassigned,2019-06-10
ACC-03999,James Williams,Highland Holdings,Business,Small Business,Construction,Waikato,Basic,16,57.44,Unassigned,2019-02-21
ACC-04000,David Garcia,Gateway Enterprises,Business,Small Business,Education,Canterbury,Free,26,0.0,Unassigned,2020-08-05
ACC-04001,Jennifer Miller,Unknown,Residential,Individual,Unknown,Canterbury,Basic,21,33.47,Unassigned,2018-11-15
ACC-04002,David Wilson,Peak Enterprises,Business,Individual,Healthcare,Auckland,Enterprise,21,441.06,Rob Thompson,2018-04-22
ACC-04003,Barbara Moore,Unknown,Residential,Corporate,Unknown,Canterbury,Free,15,0.0,Unassigned,2019-11-09
ACC-04005,David Jones,Island Construction,Business,Corporate,Retail,Canterbury,Free,38,233.7,Rob Thompson,2020-11-17
ACC-04006,Jessica Martin,Frontier Partners,Business,Small Business,Retail,Wellington,Premium,8,209.01,Lisa Hartley,2019-12-30
ACC-04007,James Jackson,Metro Plumbing,Business,Corporate,Professional Services,Wellington,Enterprise,50,536.28,Rob Thompson,2023-01-29
ACC-04009,John Brown,Metro Engineering,Residential,Corporate,Unknown,Otago,Basic,12,0.0,Unassigned,2019-07-17
ACC-04012,Richard Hernandez,Kiwi Industries,Business,Corporate,Healthcare,Manawatu-Whanganui,Free,35,0.0,Unassigned,2018-11-05
ACC-04013,Barbara Davis,Unknown,Residential,Corporate,Unknown,Canterbury,Enterprise,14,338.94,Sarah Chen,2019-12-30
ACC-04015,David Thomas,Pioneer Enterprises,Business,Corporate,Professional Services,Bay of Plenty,Basic,32,665.27,Sarah Chen,2022-05-25
ACC-04016,John Johnson,Unknown,Residential,Individual,Unknown,Canterbury,Basic,25,131.16,Unassigned,2022-07-21
ACC-04017,Barbara Jackson,Northern Ltd,Business,Corporate,Trades,Canterbury,Free,41,483.03,Sarah Chen,2021-10-25
ACC-04018,Elizabeth Miller,Unknown,Residential,Individual,Unknown,Canterbury,Enterprise,3,401.71,Sarah Chen,2023-11-28
ACC-04019,Joseph Lopez,Pioneer Transport,Business,Small Business,Education,Taranaki,Enterprise,8,511.3,Lisa Hartley,2019-07-18
ACC-04021,David Lopez,Valley Holdings,Business,Corporate,Construction,Wellington,Enterprise,21,735.71,Mike Patterson,2018-03-19
ACC-04022,Jessica Lopez,Unknown,Residential,Corporate,Unknown,Wellington,Enterprise,18,289.47,Lisa Hartley,2019-12-19
ACC-04023,Charles Lopez,Sterling Construction,Business,Corporate,Manufacturing,Otago,Free,9,685.8,Rob Thompson,2022-06-07
ACC-04024,Barbara Lopez,Unknown,Residential,Corporate,Unknown,Wellington,Basic,2,47.55,Unassigned,2023-08-26
ACC-04025,Patricia Gonzalez,Unknown,Residential,Corporate,Unknown,Bay of Plenty,Basic,19,46.5,Unassigned,2021-01-02
ACC-04026,Barbara Martinez,Frontier Holdings,Business,Corporate,Transport & Logistics,Auckland,Premium,3,0.0,Unassigned,2021-06-28
ACC-04034,John Gonzalez,Pioneer Construction,Business,Small Business,Professional Services,Wellington,Basic,9,508.59,Sarah Chen,2019-05-10
ACC-04036,Jennifer Gonzalez,Unknown,Residential,Individual,Unknown,Wellington,Premium,56,153.45,Unassigned,2022-06-24
ACC-04037,Jessica Williams,Valley Engineering,Business,Corporate,Trades,Wellington,Free,18,0.0,Unassigned,2022-10-06
ACC-04038,Jennifer Williams,Harbour Enterprises,Business,Small Business,Construction,Auckland,Free,15,70.34,Unassigned,2023-06-05
ACC-04039,Joseph Jones,Frontier Consulting,Business,Corporate,Healthcare,Bay of Plenty,Basic,14,67.25,Unassigned,2018-09-07
ACC-04040,Joseph Rodriguez,Unknown,Residential,Corporate,Unknown,Hawke's Bay,Basic,13,364.77,Mike Patterson,2018-03-07
ACC-04041,David Gonzalez,Island Ltd,Business,Corporate,Retail,Canterbury,Premium,4,233.99,Sarah Chen,2018-04-03
ACC-04042,James Gonzalez,Pioneer Solutions,Business,Small Business,Retail,Wellington,Enterprise,13,517.08,Lisa Hartley,2020-11-12
ACC-04043,Michael Brown,Unknown,Residential,Individual,Unknown,Otago,Enterprise,5,317.11,Rob Thompson,2018-08-01
ACC-04044,Linda Anderson,Unknown,Residential,Individual,Unknown,Southland,Basic,8,38.77,Unassigned,2018-04-12
ACC-04045,Robert Smith,Unknown,Residential,Individual,Unknown,Canterbury,Basic,5,48.87,Unassigned,2020-09-26
ACC-04046,Charles Hernandez,Island Engineering,Business,Small Business,Healthcare,Auckland,Enterprise,30,270.77,Sarah Chen,2020-12-08
ACC-04048,Linda Taylor,Kiwi Services,Business,Corporate,Retail,Auckland,Basic,27,74.35,Unassigned,2020-06-27
ACC-04049,Susan Hernandez,Unknown,Residential,Individual,Unknown,Bay of Plenty,Free,1,301.04,Mike Patterson,2018-04-16
ACC-04050,Mary Garcia,Unknown,Residential,Individual,Unknown,Waikato,Free,60,17.85,Unassigned,2022-03-18
ACC-04051,Mary Smith,Northern Tech,Business,Individual,Transport & Logistics,Wellington,Premium,53,69.58,Unassigned,2023-02-04
ACC-04052,Michael Smith,Gateway Enterprises,Business,Individual,Technology,Auckland,Free,26,0.0,Unassigned,2018-12-30
ACC-04053,Barbara Williams,Kiwi Enterprises,Business,Corporate,Retail,Otago,Enterprise,23,375.46,Lisa Hartley,2020-03-30
ACC-04055,Karen Jackson,Unknown,Residential,Individual,Unknown,Bay of Plenty,Enterprise,27,385.79,Mike Patterson,2023-02-04
ACC-04057,Charles Johnson,Gateway Transport,Business,Corporate,Trades,Canterbury,Enterprise,10,568.75,Mike Patterson,2021-12-14
ACC-04059,Charles Garcia,Unknown,Residential,Corporate,Unknown,Canterbury,Basic,32,51.21,Unassigned,2022-10-14
ACC-04060,Barbara Taylor,Coastal Group,Business,Small Business,Transport & Logistics,Canterbury,Enterprise,41,65.64,Unassigned,2023-06-09
ACC-04061,Patricia Wilson,Valley Electrical,Business,Small Business,Trades,Canterbury,Enterprise,1,573.33,Sarah Chen,2020-10-25
ACC-04063,Jennifer Jones,Unknown,Residential,Individual,Unknown,Canterbury,Free,45,0.0,Unassigned,2018-04-09
ACC-04065,Joseph Taylor,Pacific Systems,Business,Small Business,Healthcare,Wellington,Basic,29,501.07,Lisa Hartley,2021-12-27
ACC-04068,David Smith,Alpha Electrical,Business,Corporate,Trades,Otago,Premium,3,271.27,Lisa Hartley,2023-07-29
ACC-04069,Patricia Martinez,Highland Transport,Business,Corporate,Trades,Wellington,Free,45,204.13,Rob Thompson,2021-12-19
ACC-04070,Jennifer Garcia,Sterling Group,Business,Individual,Professional Services,Otago,Enterprise,34,88.25,Unassigned,2023-04-09
ACC-04072,David Thomas,Pacific Partners,Business,Corporate,Construction,Manawatu-Whanganui,Premium,2,0.0,Unassigned,2018-02-10
ACC-04073,Jennifer Moore,Ridge Medical,Business,Individual,Professional Services,Canterbury,Enterprise,9,0.0,Unassigned,2019-05-25
ACC-04074,Patricia Martin,Unknown,Residential,Individual,Unknown,Canterbury,Basic,13,310.79,Rob Thompson,2020-08-10
ACC-04075,Patricia Johnson,Unknown,Residential,Individual,Unknown,Waikato,Premium,6,107.61,Unassigned,2018-03-22
ACC-04076,Elizabeth Moore,Unknown,Residential,Individual,Unknown,Canterbury,Free,2,0.0,Unassigned,2022-01-07
ACC-04079,Elizabeth Martinez,Valley Enterprises,Business,Individual,Construction,Hawke's Bay,Basic,15,80.92,Unassigned,2022-02-13
ACC-04080,Elizabeth Moore,Unknown,Residential,Individual,Unknown,Northland,Premium,27,94.62,Unassigned,2018-01-31
ACC-04083,Sarah Johnson,Unknown,Residential,Corporate,Unknown,Bay of Plenty,Enterprise,3,95.47,Unassigned,2018-11-16
ACC-04084,Jessica Smith,Unknown,Residential,Individual,Unknown,Canterbury,Basic,8,51.87,Unassigned,2022-04-29
ACC-04087,Susan Wilson,Unknown,Residential,Individual,Unknown,Auckland,Enterprise,20,356.71,Mike Patterson,2018-06-18
ACC-04089,James Davis,Northern Logistics,Business,Small Business,Healthcare,Bay of Plenty,Free,2,96.01,Unassigned,2023-12-18
ACC-04090,Jennifer Martin,Unknown,Residential,Individual,Unknown,Wellington,Basic,17,44.9,Unassigned,2018-07-21
ACC-04091,Joseph Smith,Sterling Engineering,Business,Corporate,Healthcare,Canterbury,Free,23,0.0,Unassigned,2021-04-29
ACC-04093,James Hernandez,Southern Holdings,Business,Corporate,Technology,Canterbury,Premium,48,177.23,Unassigned,2022-02-01
ACC-04094,Charles Hernandez,Unknown,Residential,Individual,Unknown,Canterbury,Enterprise,49,452.46,Sarah Chen,2023-09-15
ACC-04096,Jessica Martin,Unknown,Residential,Individual,Unknown,Canterbury,Free,36,0.0,Unassigned,2020-04-03
ACC-04100,James Jones,Sterling Engineering,Business,Corporate,Retail,Southland,Basic,28,82.86,Unassigned,2018-09-14
ACC-04101,John Johnson,Unknown,Residential,Individual,Unknown,Bay of Plenty,Enterprise,23,369.39,Rob Thompson,2021-07-25
ACC-04102,William Garcia,Highland Consulting,Business,Corporate,Retail,Southland,Basic,23,99.4,Unassigned,2020-06-16
ACC-04103,Elizabeth Wilson,Unknown,Residential,Corporate,Unknown,Hawke's Bay,Premium,8,156.34,Unassigned,2020-05-03
ACC-04106,Jennifer Lopez,Unknown,Residential,Corporate,Unknown,Auckland,Basic,10,52.95,Unassigned,2023-09-10
ACC-04107,Barbara Martin,Valley Services,Business,Small Business,Healthcare,Canterbury,Enterprise,16,292.64,Lisa Hartley,2020-02-26
ACC-04108,Jessica Gonzalez,Ridge Ltd,Business,Small Business,Construction,Canterbury,Free,48,0.0,Unassigned,2021-09-12
ACC-04109,Barbara Davis,Unknown,Residential,Individual,Unknown,Canterbury,Free,37,120.91,Unassigned,2021-05-11
ACC-04110,James Martinez,Peak Logistics,Business,Small Business,Hospitality,Otago,Enterprise,32,529.29,Sarah Chen,2018-08-27
ACC-04115,Elizabeth Davis,Frontier Medical,Business,Corporate,Transport & Logistics,Otago,Basic,1,68.07,Unassigned,2018-09-17
ACC-04117,Jennifer Rodriguez,Southern Engineering,Business,Corporate,Trades,Canterbury,Premium,19,780.66,Rob Thompson,2023-10-20
ACC-04118,John Johnson,Pioneer Group,Business,Corporate,Construction,Otago,Basic,26,95.64,Unassigned,2021-02-10
ACC-04120,Robert Davis,Kiwi Tech,Business,Corporate,Education,Waikato,Basic,3,113.12,Unassigned,2021-01-10
ACC-04121,James Brown,Unknown,Residential,Individual,Unknown,Manawatu-Whanganui,Free,20,0.0,Unassigned,2023-12-01
ACC-04124,Charles Martin,Valley Tech,Business,Corporate,Trades,Bay of Plenty,Premium,25,263.04,Sarah Chen,2019-06-06
ACC-04125,David Hernandez,Unknown,Residential,Individual,Unknown,Canterbury,Enterprise,24,385.87,Mike Patterson,2019-03-22
ACC-04126,Charles Miller,Frontier Legal,Business,Corporate,Retail,Auckland,Premium,3,189.14,Unassigned,2023-03-07
ACC-04127,Karen Brown,Peak Medical,Business,Corporate,Healthcare,Canterbury,Basic,53,59.7,Unassigned,2019-12-07
ACC-04128,John Martinez,Central Construction,Business,Corporate,Retail,Auckland,Free,2,92.12,Unassigned,2021-07-11
ACC-04130,Jessica Hernandez,Peak Dental,Business,Corporate,Manufacturing,Auckland,Premium,40,215.3,Mike Patterson,2021-09-25
ACC-04134,Susan Smith,Unknown,Residential,Individual,Unknown,Southland,Enterprise,55,385.67,Lisa Hartley,2018-04-26
ACC-04135,Jessica Martinez,Frontier Transport,Business,Corporate,Manufacturing,Canterbury,Free,8,0.0,Unassigned,2023-04-01
ACC-04137,Mary Johnson,Unknown,Residential,Individual,Unknown,Canterbury,Enterprise,7,417.81,Lisa Hartley,2019-06-08
ACC-04139,Sarah Moore,Unknown,Residential,Individual,Unknown,Otago,Premium,12,166.93,Unassigned,2023-03-12
ACC-04141,Jessica Thomas,Unknown,Residential,Corporate,Unknown,Taranaki,Basic,7,0.0,Unassigned,2021-10-09
ACC-04144,Jennifer Jones,Southern Ltd,Business,Small Business,Construction,Canterbury,Premium,12,197.05,Unassigned,2021-08-22
ACC-04145,James Jackson,Summit Logistics,Business,Corporate,Trades,Waikato,Free,8,67.28,Unassigned,2023-09-08
ACC-04146,Sarah Hernandez,Gateway Logistics,Business,Small Business,Retail,Canterbury,Premium,60,192.22,Unassigned,2023-08-14
ACC-04149,Karen Thomas,Gateway Engineering,Business,Small Business,Retail,Wellington,Enterprise,10,584.0,Mike Patterson,2022-02-09
ACC-04150,David Jackson,Pioneer Engineering,Business,Corporate,Construction,Nelson-Marlborough,Premium,26,239.86,Rob Thompson,2022-12-29
ACC-04153,Mary Smith,Gateway Solutions,Business,Small Business,Construction,Canterbury,Premium,10,192.51,Rob Thompson,2022-02-27
ACC-04154,Michael Rodriguez,Unknown,Residential,Individual,Unknown,Auckland,Basic,20,41.62,Unassigned,2018-11-12
ACC-04156,Susan Martin,Gateway Enterprises,Business,Individual,Education,Canterbury,Premium,40,255.77,Rob Thompson,2021-11-07
ACC-04157,Barbara Moore,Harbour Engineering,Business,Corporate,Construction,Auckland,Basic,38,0.0,Unassigned,2018-09-08
ACC-04158,David Martin,Southern Transport,Business,Corporate,Professional Services,Wellington,Basic,7,110.15,Unassigned,2022-12-21
ACC-04159,David Jackson,Unknown,Residential,Corporate,Unknown,Wellington,Basic,36,45.6,Unassigned,2020-10-10
ACC-04163,Patricia Smith,Alpha Legal,Business,Small Business,Agriculture,Canterbury,Premium,7,238.14,Sarah Chen,2023-12-04
ACC-04167,Charles Lopez,Kiwi Engineering,Business,Small Business,Retail,Waikato,Enterprise,20,591.06,Lisa Hartley,2021-07-04
ACC-04170,Barbara Smith,Peak Legal,Business,Small Business,Construction,Canterbury,Premium,56,334.67,Lisa Hartley,2020-06-17
ACC-04172,Charles Davis,Unknown,Residential,Small Business,Unknown,Canterbury,Premium,29,449.59,Mike Patterson,2021-01-21
ACC-04174,Robert Taylor,Metro Industries,Residential,Individual,Unknown,Auckland,Free,4,0.0,Unassigned,2018-04-30
ACC-04175,William Williams,Unknown,Residential,Individual,Unknown,Waikato,Premium,34,57.09,Unassigned,2022-02-09
ACC-04176,Charles Taylor,Unknown,Residential,Individual,Unknown,Auckland,Free,20,382.96,Sarah Chen,2023-09-04
ACC-04177,John Lopez,Sterling Enterprises,Business,Small Business,Education,Wellington,Basic,44,317.21,Lisa Hartley,2020-03-08
ACC-04178,Elizabeth Miller,Unknown,Residential,Individual,Unknown,Otago,Basic,5,454.71,Lisa Hartley,2022-02-26
ACC-04181,Linda Gonzalez,Frontier Plumbing,Business,Small Business,Trades,Auckland,Free,29,0.0,Unassigned,2021-11-11
ACC-04182,Joseph Smith,Pioneer Dental,Business,Individual,Construction,Auckland,Basic,4,338.81,Lisa Hartley,2023-11-15
ACC-04183,Jessica Taylor,Coastal Logistics,Business,Small Business,Education,Canterbury,Premium,25,332.84,Rob Thompson,2021-07-26
ACC-04184,Elizabeth Jackson,Highland Construction,Business,Corporate,Professional Services,Wellington,Premium,28,250.2,Sarah Chen,2020-10-18
ACC-04185,Jessica Garcia,Pioneer Services,Business,Small Business,Professional Services,Canterbury,Premium,2,278.66,Sarah Chen,2022-10-29
ACC-04186,Joseph Jones,Southern Consulting,Business,Corporate,Construction,Wellington,Enterprise,23,0.0,Unassigned,2021-01-10
ACC-04187,Michael Gonzalez,Gateway Electrical,Business,Individual,Construction,Canterbury,Free,25,0.0,Unassigned,2019-09-07
ACC-04189,Charles Anderson,Central Plumbing,Business,Small Business,Professional Services,Bay of Plenty,Enterprise,34,657.28,Sarah Chen,2018-05-08
ACC-04191,Karen Jones,Frontier Plumbing,Business,Corporate,Trades,Waikato,Basic,30,119.96,Unassigned,2021-04-26
ACC-04192,Linda Jackson,Kiwi Consulting,Business,Corporate,Professional Services,Otago,Basic,6,55.8,Unassigned,2019-08-19
ACC-04193,Elizabeth Moore,Frontier Transport,Business,Corporate,Hospitality,Canterbury,Premium,12,308.09,Rob Thompson,2022-02-12
ACC-04194,John Miller,Sterling Dental,Business,Corporate,Hospitality,Canterbury,Premium,45,257.4,Mike Patterson,2020-11-30
ACC-04198,Jennifer Taylor,Unknown,Residential,Individual,Unknown,Otago,Free,41,0.0,Unassigned,2021-03-08
ACC-04200,Robert Gonzalez,Unknown,Residential,Individual,Unknown,Otago,Basic,36,42.79,Unassigned,2018-11-16
ACC-04201,David Hernandez,Unknown,Residential,Individual,Unknown,Canterbury,Enterprise,15,0.0,Unassigned,2022-12-22
ACC-04202,Karen Moore,Coastal Consulting,Business,Small Business,Construction,Auckland,Enterprise,23,920.76,Rob Thompson,2021-05-22
ACC-04204,Sarah Thomas,Northern Holdings,Business,Small Business,Retail,Manawatu-Whanganui,Free,41,91.09,Unassigned,2021-01-09
ACC-04205,Elizabeth Lopez,Unknown,Residential,Corporate,Unknown,Auckland,Free,50,0.0,Unassigned,2020-03-23
ACC-04206,Karen Anderson,Southern Tech,Business,Corporate,Retail,Hawke's Bay,Basic,16,87.13,Unassigned,2023-04-28
ACC-04207,Michael Lopez,Pioneer Plumbing,Residential,Individual,Unknown,Nelson-Marlborough,Free,59,0.0,Unassigned,2020-02-17
ACC-04208,Joseph Davis,Pioneer Group,Business,Small Business,Manufacturing,Waikato,Basic,8,84.11,Unassigned,2021-06-10
ACC-04210,Linda Martin,Unknown,Residential,Individual,Unknown,Auckland,Basic,30,43.8,Unassigned,2021-02-06
ACC-04212,Thomas Garcia,Northern Electrical,Business,Corporate,Retail,Canterbury,Premium,9,190.1,Sarah Chen,2018-02-01
ACC-04213,David Davis,Sterling Holdings,Business,Individual,Construction,Southland,Enterprise,20,561.75,Mike Patterson,2021-08-16
ACC-04215,Elizabeth Jackson,Coastal Enterprises,Business,Corporate,Property Management,Wellington,Basic,11,76.67,Unassigned,2019-11-19
ACC-04216,Karen Rodriguez,Southern Group,Business,Corporate,Construction,Auckland,Basic,11,417.49,Lisa Hartley,2020-10-23
ACC-04218,Linda Martin,Highland Electrical,Business,Corporate,Healthcare,Otago,Enterprise,30,146.06,Unassigned,2023-05-11
ACC-04219,Sarah Garcia,Sterling Systems,Business,Corporate,Technology,Auckland,Basic,59,68.02,Unassigned,2020-08-25
ACC-04222,Joseph Johnson,Peak Solutions,Business,Individual,Professional Services,Taranaki,Free,28,306.98,Rob Thompson,2023-10-23
ACC-04223,Barbara Lopez,Summit Solutions,Business,Corporate,Education,Auckland,Premium,9,181.28,Unassigned,2023-06-29
ACC-04224,Elizabeth Taylor,Unknown,Residential,Small Business,Unknown,Wellington,Basic,15,59.33,Unassigned,2018-07-01
ACC-04225,Karen Martinez,Alpha Construction,Business,Corporate,Retail,Canterbury,Basic,10,55.33,Unassigned,2021-10-22
ACC-04227,Joseph Rodriguez,Northern Construction,Business,Corporate,Trades,Canterbury,Free,35,0.0,Unassigned,2020-07-14
ACC-04229,James Jackson,Unknown,Residential,Corporate,Unknown,Auckland,Enterprise,29,353.03,Sarah Chen,2023-09-23
ACC-04230,Jennifer Davis,Unknown,Residential,Individual,Unknown,Canterbury,Premium,26,139.7,Unassigned,2020-12-02
ACC-04231,Jennifer Taylor,Central Logistics,Business,Small Business,Hospitality,Hawke's Bay,Enterprise,15,825.14,Lisa Hartley,2021-07-21
ACC-04232,Karen Thomas,Peak Enterprises,Business,Small Business,Construction,Canterbury,Premium,20,319.06,Mike Patterson,2019-04-11
ACC-04234,Elizabeth Martin,Alpha Dental,Business,Corporate,Healthcare,Wellington,Free,35,94.93,Unassigned,2021-06-02
ACC-04236,Jennifer Miller,Unknown,Residential,Corporate,Unknown,Manawatu-Whanganui,Enterprise,5,159.22,Lisa Hartley,2021-07-10
ACC-04238,Patricia Brown,Ridge Transport,Business,Small Business,Healthcare,Waikato,Enterprise,60,752.04,Lisa Hartley,2021-05-24
ACC-04239,James Jackson,Unknown,Residential,Individual,Unknown,Manawatu-Whanganui,Basic,56,48.35,Unassigned,2023-08-11
ACC-04240,Jessica Taylor,Central Partners,Business,Corporate,Professional Services,Canterbury,Enterprise,36,85.19,Unassigned,2018-08-15
ACC-04241,James Thomas,Gateway Logistics,Business,Corporate,Retail,Canterbury,Free,9,0.0,Unassigned,2023-10-22
ACC-04243,Michael Williams,Island Partners,Business,Small Business,Hospitality,Canterbury,Free,39,0.0,Unassigned,2021-05-23
ACC-04245,John Wilson,Gateway Holdings,Business,Corporate,Trades,Hawke's Bay,Premium,34,259.2,Mike Patterson,2023-07-30
ACC-04246,David Davis,Unknown,Residential,Corporate,Unknown,Auckland,Enterprise,23,0.0,Unassigned,2023-10-20
ACC-04247,Richard Jones,Kiwi Logistics,Business,Corporate,Retail,Wellington,Premium,28,166.14,Unassigned,2020-11-14
ACC-04248,William Johnson,Southern Group,Business,Small Business,Trades,Northland,Enterprise,17,730.9,Rob Thompson,2021-12-01
ACC-04249,Elizabeth Garcia,Apex Systems,Business,Corporate,Manufacturing,Auckland,Enterprise,37,0.0,Unassigned,2019-06-02
ACC-04250,Mary Jackson,Valley Logistics,Business,Small Business,Professional Services,Otago,Premium,7,268.87,Rob Thompson,2020-03-17
ACC-04251,Patricia Jackson,Ridge Consulting,Business,Small Business,Professional Services,Wellington,Enterprise,9,500.93,Lisa Hartley,2020-01-04
ACC-04252,James Garcia,Pacific Solutions,Business,Corporate,Construction,Auckland,Enterprise,57,754.06,Sarah Chen,2023-01-24
ACC-04253,Michael Jones,Unknown,Residential,Corporate,Unknown,Waikato,Basic,45,40.78,Unassigned,2018-11-15
ACC-04257,Elizabeth Martin,Sterling Plumbing,Business,Small Business,Manufacturing,Auckland,Basic,26,47.54,Unassigned,2020-05-14
ACC-04258,Linda Jackson,Sterling Dental,Business,Corporate,Construction,Auckland,Free,36,0.0,Unassigned,2020-01-06
ACC-04260,Joseph Taylor,Apex Ltd,Business,Small Business,Retail,Manawatu-Whanganui,Enterprise,27,533.34,Lisa Hartley,2021-01-08
ACC-04261,David Miller,Kiwi Engineering,Business,Small Business,Healthcare,Hawke's Bay,Premium,11,299.49,Rob Thompson,2022-09-12
ACC-04262,Michael Johnson,Unknown,Residential,Individual,Unknown,Hawke's Bay,Premium,25,0.0,Unassigned,2018-05-11
ACC-04264,Elizabeth Thomas,Unknown,Residential,Individual,Unknown,Bay of Plenty,Basic,48,45.07,Unassigned,2019-03-02
ACC-04265,Elizabeth Thomas,Summit Group,Business,Corporate,Healthcare,Auckland,Free,17,0.0,Unassigned,2023-02-25
ACC-04266,Jennifer Moore,Unknown,Residential,Individual,Unknown,Waikato,Premium,20,91.54,Unassigned,2023-07-26
ACC-04267,Barbara Hernandez,Valley Transport,Residential,Small Business,Unknown,Otago,Free,41,0.0,Unassigned,2021-02-08
ACC-04268,Linda Smith,Summit Engineering,Business,Small Business,Transport & Logistics,Auckland,Premium,12,166.74,Unassigned,2022-04-08
ACC-04269,Barbara Martinez,Gateway Partners,Business,Individual,Property Management,Bay of Plenty,Premium,4,70.55,Unassigned,2021-06-15
ACC-04270,Charles Davis,Southern Solutions,Business,Individual,Transport & Logistics,Canterbury,Enterprise,60,661.41,Rob Thompson,2019-04-13
ACC-04272,Elizabeth Johnson,Peak Plumbing,Business,Corporate,Construction,Waikato,Enterprise,3,232.63,Rob Thompson,2019-11-24
ACC-04274,John Smith,Unknown,Residential,Individual,Unknown,Canterbury,Basic,9,45.89,Unassigned,2018-08-01
ACC-04277,Barbara Taylor,Frontier Logistics,Business,Small Business,Manufacturing,Canterbury,Enterprise,30,811.97,Sarah Chen,2021-11-03
ACC-04278,Jessica Martin,Highland Dental,Business,Corporate,Trades,Canterbury,Enterprise,25,822.12,Mike Patterson,2021-04-18
ACC-04279,Elizabeth Smith,Unknown,Residential,Individual,Unknown,Otago,Premium,5,136.07,Unassigned,2019-09-12
ACC-04280,Richard Martinez,Harbour Partners,Business,Small Business,Hospitality,Waikato,Basic,42,64.74,Unassigned,2018-11-12
ACC-04281,Charles Miller,Harbour Legal,Residential,Individual,Unknown,Auckland,Premium,53,136.41,Mike Patterson,2022-08-05
ACC-04282,Michael Anderson,Frontier Holdings,Residential,Individual,Unknown,Canterbury,Premium,22,35.22,Unassigned,2022-03-03
ACC-04285,Karen Jackson,Harbour Solutions,Business,Corporate,Professional Services,Canterbury,Basic,4,100.67,Unassigned,2020-05-22
ACC-04286,Jessica Gonzalez,Unknown,Residential,Individual,Unknown,Canterbury,Basic,38,141.54,Unassigned,2020-05-21
ACC-04287,John Rodriguez,Valley Dental,Business,Corporate,Professional Services,Canterbury,Premium,5,258.09,Mike Patterson,2022-10-13
ACC-04288,Linda Gonzalez,Unknown,Residential,Individual,Unknown,Auckland,Enterprise,24,127.26,Unassigned,2023-04-04
ACC-04290,Elizabeth Moore,Pacific Ltd,Business,Corporate,Professional Services,Northland,Free,35,0.0,Unassigned,2023-06-20
ACC-04291,Susan Moore,Harbour Consulting,Business,Small Business,Construction,Wellington,Basic,10,71.91,Unassigned,2019-02-14
ACC-04294,Elizabeth Johnson,Northern Consulting,Business,Corporate,Retail,Otago,Enterprise,8,70.03,Unassigned,2019-07-19
ACC-04297,Michael Jackson,Unknown,Residential,Individual,Unknown,Waikato,Premium,16,156.63,Unassigned,2021-07-17
ACC-04298,Patricia Taylor,Island Solutions,Business,Corporate,Construction,Bay of Plenty,Enterprise,26,0.0,Unassigned,2023-03-22
ACC-04299,Richard Jones,Central Plumbing,Business,Corporate,Professional Services,Auckland,Basic,23,85.49,Unassigned,2019-10-06
ACC-04300,John Thomas,Peak Tech,Business,Corporate,Professional Services,Auckland,Enterprise,4,606.26,Sarah Chen,2021-05-13
ACC-04301,Joseph Martinez,Unknown,Residential,Individual,Unknown,Canterbury,Basic,22,40.19,Unassigned,2022-07-31
ACC-04302,David Davis,Unknown,Residential,Corporate,Unknown,Auckland,Free,35,334.9,Sarah Chen,2023-10-15
ACC-04303,Charles Lopez,Unknown,Residential,Individual,Unknown,Hawke's Bay,Enterprise,1,117.97,Unassigned,2022-02-07
ACC-04304,Linda Moore,Unknown,Residential,Individual,Unknown,Wellington,Basic,52,49.71,Unassigned,2022-07-14
ACC-04305,Mary Thomas,Frontier Group,Business,Small Business,Construction,Canterbury,Basic,13,51.08,Unassigned,2023-08-31
ACC-04308,Michael Martin,Peak Industries,Business,Corporate,Trades,Canterbury,Enterprise,19,546.87,Rob Thompson,2020-07-05
ACC-04309,James Jackson,Pacific Transport,Business,Corporate,Transport & Logistics,Canterbury,Basic,32,84.87,Unassigned,2023-12-30
ACC-04310,Elizabeth Brown,Pioneer Industries,Business,Small Business,Construction,Canterbury,Enterprise,12,897.3,Sarah Chen,2022-11-21
ACC-04311,Richard Wilson,Northern Group,Business,Corporate,Education,Taranaki,Enterprise,12,896.98,Mike Patterson,2019-02-24
ACC-04312,Elizabeth Lopez,Unknown,Residential,Corporate,Unknown,Auckland,Basic,51,37.21,Unassigned,2020-10-17
ACC-04314,Mary Hernandez,Unknown,Residential,Individual,Unknown,Hawke's Bay,Basic,32,37.49,Unassigned,2020-01-26
ACC-04315,Barbara Martinez,Unknown,Residential,Individual,Unknown,Auckland,Enterprise,11,0.0,Unassigned,2021-02-06
ACC-04320,Richard Brown,Unknown,Residential,Individual,Unknown,Canterbury,Basic,46,50.02,Unassigned,2023-02-09
ACC-04322,Jessica Moore,Ridge Ltd,Business,Corporate,Trades,Wellington,Basic,1,188.68,Unassigned,2019-09-14
ACC-04323,David Garcia,Peak Systems,Business,Small Business,Professional Services,Auckland,Free,27,0.0,Unassigned,2022-01-21
ACC-04324,Robert Martinez,Unknown,Residential,Corporate,Unknown,Canterbury,Basic,49,39.81,Unassigned,2021-11-01
ACC-04325,Barbara Lopez,Sterling Electrical,Business,Corporate,Retail,Bay of Plenty,Basic,1,550.66,Rob Thompson,2023-01-17
ACC-04326,Barbara Garcia,Kiwi Engineering,Business,Corporate,Transport & Logistics,Canterbury,Enterprise,33,182.58,Sarah Chen,2022-07-04
ACC-04328,Barbara Davis,Gateway Systems,Business,Corporate,Construction,Waikato,Basic,2,68.2,Unassigned,2019-11-07
ACC-04330,James Thomas,Pacific Industries,Business,Corporate,Construction,Waikato,Premium,19,280.23,Lisa Hartley,2020-01-23
ACC-04334,Jennifer Miller,Ridge Consulting,Business,Corporate,Professional Services,Canterbury,Basic,17,0.0,Unassigned,2019-10-13
ACC-04335,Charles Garcia,Unknown,Residential,Individual,Unknown,Wellington,Free,23,0.0,Unassigned,2021-03-24
ACC-04336,William Martin,Unknown,Residential,Individual,Unknown,Canterbury,Premium,54,101.59,Unassigned,2022-02-23
ACC-04337,Karen Jones,Unknown,Residential,Small Business,Unknown,Otago,Basic,50,52.04,Unassigned,2020-07-18
ACC-04338,Barbara Wilson,Unknown,Residential,Small Business,Unknown,Auckland,Enterprise,5,0.0,Unassigned,2022-11-15
ACC-04341,Charles Jackson,Harbour Solutions,Business,Corporate,Retail,Canterbury,Free,6,259.38,Mike Patterson,2022-01-29
ACC-04342,Patricia Williams,Kiwi Plumbing,Business,Corporate,Trades,Northland,Free,48,0.0,Unassigned,2019-08-07
ACC-04343,James Gonzalez,Unknown,Residential,Corporate,Unknown,Wellington,Enterprise,6,312.23,Mike Patterson,2019-09-24
ACC-04344,David Johnson,Harbour Logistics,Business,Small Business,Construction,Otago,Basic,6,80.23,Unassigned,2023-04-24
ACC-04345,Thomas Gonzalez,Apex Medical,Business,Small Business,Trades,Auckland,Premium,2,203.09,Rob Thompson,2020-08-15
ACC-04347,Barbara Moore,Kiwi Group,Business,Individual,Healthcare,Nelson-Marlborough,Enterprise,24,222.08,Sarah Chen,2022-08-12
ACC-04348,Charles Martinez,Summit Industries,Business,Corporate,Construction,Otago,Free,7,0.0,Unassigned,2018-06-29
ACC-04349,Elizabeth Moore,Highland Enterprises,Business,Individual,Healthcare,Waikato,Basic,1,0.0,Unassigned,2023-09-16
ACC-04351,David Johnson,Unknown,Residential,Individual,Unknown,Canterbury,Free,5,0.0,Unassigned,2019-01-04
ACC-04352,Barbara Gonzalez,Unknown,Residential,Corporate,Unknown,Canterbury,Basic,14,42.01,Unassigned,2022-01-10
ACC-04353,Michael Davis,Unknown,Residential,Individual,Unknown,Auckland,Premium,57,117.57,Rob Thompson,2020-07-06
ACC-04354,Barbara Davis,Unknown,Residential,Corporate,Unknown,Canterbury,Premium,3,293.79,Lisa Hartley,2022-06-22
ACC-04356,Linda Wilson,Unknown,Residential,Individual,Unknown,Canterbury,Basic,15,40.69,Unassigned,2020-04-28
ACC-04357,Jessica Hernandez,Kiwi Services,Business,Small Business,Construction,Auckland,Free,41,24.14,Unassigned,2020-07-25
ACC-04359,Linda Anderson,Coastal Consulting,Business,Corporate,Technology,Otago,Free,49,0.0,Unassigned,2019-06-04
ACC-04361,Robert Johnson,Unknown,Residential,Individual,Unknown,Auckland,Basic,58,54.33,Unassigned,2018-01-10
ACC-04363,Charles Gonzalez,Unknown,Residential,Small Business,Unknown,Southland,Premium,29,118.2,Unassigned,2020-06-01
ACC-04366,Jessica Thomas,Unknown,Residential,Corporate,Unknown,Canterbury,Enterprise,5,0.0,Unassigned,2019-02-12
ACC-04369,Jessica Brown,Ridge Legal,Business,Small Business,Trades,Auckland,Basic,56,126.44,Unassigned,2021-11-29
ACC-04372,Susan Smith,Unknown,Residential,Individual,Unknown,Hawke's Bay,Basic,34,38.1,Unassigned,2019-07-23
ACC-04377,Charles Hernandez,Unknown,Residential,Corporate,Unknown,Canterbury,Enterprise,27,305.75,Sarah Chen,2023-10-19
ACC-04378,Elizabeth Thomas,Central Services,Business,Corporate,Trades,Canterbury,Enterprise,41,228.59,Rob Thompson,2023-01-26
ACC-04379,Charles Anderson,Northern Medical,Business,Small Business,Professional Services,Wellington,Basic,22,94.32,Unassigned,2021-01-20
ACC-04380,Jessica Anderson,Harbour Construction,Business,Corporate,Trades,Northland,Enterprise,15,248.62,Sarah Chen,2018-06-08
ACC-04381,Robert Hernandez,Metro Electrical,Business,Corporate,Retail,Canterbury,Free,14,0.0,Unassigned,2021-10-04
ACC-04383,Richard Johnson,Central Holdings,Business,Corporate,Healthcare,Southland,Enterprise,5,725.13,Sarah Chen,2020-08-31
ACC-04384,Barbara Williams,Alpha Transport,Business,Corporate,Retail,Auckland,Basic,8,228.38,Rob Thompson,2022-07-30
ACC-04385,Charles Wilson,Central Tech,Business,Corporate,Retail,Canterbury,Enterprise,11,89.27,Unassigned,2022-08-07
ACC-04387,David Anderson,Harbour Enterprises,Business,Corporate,Professional Services,Auckland,Enterprise,4,419.45,Rob Thompson,2021-10-20
ACC-04389,Elizabeth Jones,Frontier Services,Business,Corporate,Agriculture,Otago,Basic,30,0.0,Unassigned,2021-12-20
ACC-04391,Joseph Thomas,Unknown,Residential,Individual,Unknown,Auckland,Enterprise,47,391.65,Rob Thompson,2022-02-26
ACC-04392,David Anderson,Alpha Solutions,Business,Corporate,Trades,Auckland,Basic,51,83.67,Unassigned,2023-01-14
ACC-04393,Barbara Hernandez,Pacific Plumbing,Business,Corporate,Professional Services,Waikato,Premium,6,60.36,Unassigned,2023-04-15
ACC-04394,Robert Taylor,Coastal Services,Business,Small Business,Construction,Auckland,Basic,58,53.73,Unassigned,2020-07-11
ACC-04395,Barbara Hernandez,Unknown,Residential,Small Business,Unknown,Waikato,Premium,52,0.0,Unassigned,2019-02-25
ACC-04396,Sarah Rodriguez,Unknown,Residential,Small Business,Unknown,Wellington,Premium,20,130.98,Unassigned,2019-02-08
ACC-04397,Karen Martin,Unknown,Residential,Individual,Unknown,Waikato,Premium,58,126.27,Unassigned,2021-02-21
ACC-04399,Jessica Davis,Alpha Holdings,Business,Corporate,Trades,Bay of Plenty,Basic,1,0.0,Unassigned,2021-11-16
ACC-04403,Elizabeth Gonzalez,Unknown,Residential,Individual,Unknown,Canterbury,Basic,8,51.89,Unassigned,2022-01-24
ACC-04404,Joseph Gonzalez,Unknown,Residential,Individual,Unknown,Waikato,Basic,46,51.51,Unassigned,2023-01-12
ACC-04405,Barbara Jackson,Unknown,Residential,Corporate,Unknown,Nelson-Marlborough,Premium,8,271.31,Lisa Hartley,2022-09-18
ACC-04406,David Brown,Unknown,Residential,Individual,Unknown,Northland,Enterprise,30,304.12,Mike Patterson,2018-03-13
ACC-04407,Barbara Miller,Highland Electrical,Business,Small Business,Healthcare,Northland,Free,20,60.23,Unassigned,2018-08-14
ACC-04408,David Martinez,Kiwi Systems,Business,Corporate,Manufacturing,Auckland,Enterprise,39,630.06,Sarah Chen,2018-08-24
ACC-04410,Barbara Gonzalez,Unknown,Residential,Individual,Unknown,Auckland,Enterprise,11,0.0,Unassigned,2022-11-18
ACC-04413,David Smith,Harbour Group,Business,Corporate,Education,Canterbury,Premium,15,235.44,Mike Patterson,2022-06-25
ACC-04414,Barbara Williams,Peak Electrical,Business,Small Business,Education,Auckland,Basic,10,67.73,Unassigned,2020-10-14
ACC-04415,John Jones,Island Enterprises,Business,Individual,Professional Services,Waikato,Basic,2,55.33,Unassigned,2023-09-26
ACC-04416,Joseph Thomas,Unknown,Residential,Individual,Unknown,Auckland,Free,40,0.0,Unassigned,2021-02-17
ACC-04421,Linda Jackson,Northern Dental,Business,Corporate,Professional Services,Canterbury,Free,11,0.0,Unassigned,2018-05-01
ACC-04422,Barbara Wilson,Frontier Solutions,Business,Individual,Education,Wellington,Free,13,0.0,Unassigned,2020-03-19
ACC-04423,Michael Johnson,Frontier Construction,Business,Corporate,Hospitality,Canterbury,Basic,12,68.03,Unassigned,2022-06-11
ACC-04424,David Brown,Island Electrical,Business,Corporate,Trades,Waikato,Basic,26,92.15,Unassigned,2023-11-13
ACC-04425,Jennifer Wilson,Valley Partners,Business,Corporate,Property Management,Auckland,Basic,1,83.89,Unassigned,2020-09-05
ACC-04426,Jessica Davis,Ridge Consulting,Business,Corporate,Education,Auckland,Basic,42,108.69,Unassigned,2018-12-23
ACC-04427,Susan Jackson,Southern Systems,Business,Corporate,Transport & Logistics,Nelson-Marlborough,Premium,18,241.01,Sarah Chen,2018-06-27
ACC-04428,William Moore,Unknown,Residential,Individual,Unknown,Auckland,Free,8,133.01,Unassigned,2020-06-05
ACC-04429,Michael Johnson,Southern Transport,Business,Small Business,Healthcare,Otago,Enterprise,32,636.57,Rob Thompson,2020-08-11
ACC-04430,Elizabeth Lopez,Central Tech,Business,Individual,Professional Services,Bay of Plenty,Enterprise,8,0.0,Unassigned,2018-09-21
ACC-04431,Elizabeth Gonzalez,Pioneer Medical,Business,Small Business,Construction,Auckland,Free,6,0.0,Unassigned,2022-10-17
ACC-04433,Charles Rodriguez,Island Enterprises,Residential,Individual,Unknown,Auckland,Basic,18,52.46,Unassigned,2020-01-25
ACC-04434,Charles Gonzalez,Unknown,Residential,Corporate,Unknown,Wellington,Basic,8,116.85,Unassigned,2020-10-24
ACC-04435,Karen Anderson,Harbour Electrical,Business,Corporate,Construction,Canterbury,Premium,10,174.05,Unassigned,2020-07-29
ACC-04437,Mary Jackson,Apex Partners,Business,Individual,Retail,Hawke's Bay,Free,53,0.0,Unassigned,2022-07-13
ACC-04438,Jennifer Anderson,Kiwi Engineering,Business,Corporate,Retail,Canterbury,Basic,20,73.25,Unassigned,2018-01-12
ACC-04439,Charles Taylor,Apex Logistics,Business,Individual,Transport & Logistics,Auckland,Basic,53,76.2,Unassigned,2018-09-01
ACC-04441,Jennifer Taylor,Gateway Dental,Business,Small Business,Construction,Wellington,Premium,12,217.01,Mike Patterson,2023-05-05
ACC-04442,Michael Smith,Alpha Industries,Business,Corporate,Retail,Auckland,Basic,1,0.0,Unassigned,2022-04-15
ACC-04443,Karen Garcia,Unknown,Residential,Individual,Unknown,Hawke's Bay,Free,60,0.0,Unassigned,2019-06-14
ACC-04446,Linda Moore,Gateway Logistics,Business,Individual,Retail,Canterbury,Premium,1,621.46,Rob Thompson,2022-05-11
ACC-04448,Charles Jones,Harbour Solutions,Business,Corporate,Professional Services,Canterbury,Enterprise,13,714.93,Sarah Chen,2020-10-20
ACC-04450,Sarah Rodriguez,Metro Dental,Business,Corporate,Property Management,Canterbury,Premium,51,213.15,Rob Thompson,2021-01-28
ACC-04451,Linda Wilson,Unknown,Residential,Individual,Unknown,Auckland,Basic,4,48.24,Unassigned,2019-09-24
ACC-04453,Elizabeth Hernandez,Unknown,Residential,Corporate,Unknown,Wellington,Basic,1,45.65,Unassigned,2019-09-17
ACC-04454,Karen Brown,Apex Ltd,Residential,Individual,Unknown,Canterbury,Basic,16,147.76,Unassigned,2021-02-01
ACC-04455,Elizabeth Martinez,Unknown,Residential,Small Business,Unknown,Auckland,Enterprise,4,48.6,Unassigned,2023-02-16
ACC-04457,Charles Anderson,Pioneer Construction,Business,Corporate,Manufacturing,Auckland,Basic,14,119.92,Unassigned,2021-04-30
ACC-04458,Elizabeth Moore,Pioneer Ltd,Business,Small Business,Trades,Otago,Free,31,0.0,Unassigned,2021-10-22
ACC-04459,Jessica Martin,Alpha Group,Business,Individual,Professional Services,Otago,Basic,16,105.01,Unassigned,2023-04-10
ACC-04460,Elizabeth Gonzalez,Unknown,Residential,Corporate,Unknown,Wellington,Free,42,0.0,Unassigned,2018-02-13
ACC-04462,Karen Anderson,Northern Group,Business,Small Business,Retail,Canterbury,Basic,20,88.32,Unassigned,2020-04-14
ACC-04463,Jessica Taylor,Unknown,Residential,Individual,Unknown,Canterbury,Basic,12,40.91,Unassigned,2020-11-30
ACC-04464,Charles Jones,Gateway Transport,Business,Corporate,Healthcare,Auckland,Enterprise,39,827.73,Mike Patterson,2019-05-29
ACC-04465,William Smith,Central Construction,Residential,Individual,Unknown,Canterbury,Basic,5,106.12,Unassigned,2018-09-28
ACC-04469,Robert Martinez,Unknown,Residential,Corporate,Unknown,Auckland,Enterprise,1,98.66,Unassigned,2020-06-19
ACC-04470,Barbara Gonzalez,Central Construction,Business,Individual,Trades,Waikato,Premium,4,0.0,Unassigned,2018-03-04
ACC-04471,Barbara Martin,Ridge Solutions,Business,Individual,Retail,Otago,Premium,8,255.82,Lisa Hartley,2018-07-17
ACC-04472,Barbara Gonzalez,Apex Legal,Business,Individual,Trades,Canterbury,Free,10,77.57,Unassigned,2022-01-10
ACC-04473,Susan Miller,Pioneer Legal,Business,Corporate,Healthcare,Auckland,Premium,27,223.84,Rob Thompson,2023-11-27
ACC-04475,Barbara Jones,Gateway Enterprises,Business,Individual,Professional Services,Otago,Free,16,0.0,Unassigned,2023-08-14
ACC-04476,Patricia Wilson,Unknown,Residential,Small Business,Unknown,Wellington,Free,7,0.0,Unassigned,2021-03-06
ACC-04477,Charles Rodriguez,Central Services,Business,Small Business,Hospitality,Wellington,Enterprise,28,710.0,Sarah Chen,2021-07-03
ACC-04479,Elizabeth Thomas,Kiwi Industries,Business,Corporate,Trades,Wellington,Free,8,0.0,Unassigned,2018-09-05
ACC-04480,Jessica Garcia,Unknown,Residential,Individual,Unknown,Canterbury,Enterprise,34,249.69,Rob Thompson,2021-09-29
ACC-04481,David Wilson,Gateway Plumbing,Business,Corporate,Construction,Auckland,Basic,35,421.82,Sarah Chen,2020-12-04
ACC-04482,William Miller,Unknown,Residential,Individual,Unknown,Auckland,Basic,31,47.38,Unassigned,2021-04-09
ACC-04484,Elizabeth Lopez,Unknown,Residential,Individual,Unknown,Manawatu-Whanganui,Basic,52,38.21,Unassigned,2019-10-28
ACC-04486,James Gonzalez,Apex Enterprises,Business,Small Business,Transport & Logistics,Waikato,Free,16,0.0,Unassigned,2021-04-19
ACC-04487,Michael Jackson,Frontier Construction,Business,Small Business,Construction,Canterbury,Free,27,0.0,Unassigned,2020-02-09
ACC-04489,John Taylor,Unknown,Residential,Individual,Unknown,Wellington,Enterprise,49,475.31,Rob Thompson,2022-02-28
ACC-04490,Linda Jones,Island Partners,Business,Small Business,Hospitality,Wellington,Premium,1,244.85,Mike Patterson,2020-08-15
ACC-04491,John Williams,Unknown,Residential,Individual,Unknown,Canterbury,Premium,21,121.75,Unassigned,2023-09-20
ACC-04492,Barbara Taylor,Highland Electrical,Business,Individual,Professional Services,Auckland,Enterprise,27,728.16,Mike Patterson,2020-02-10
ACC-04494,Barbara Taylor,Unknown,Residential,Corporate,Unknown,Auckland,Basic,4,40.21,Unassigned,2023-10-02
ACC-04495,Elizabeth Davis,Unknown,Residential,Corporate,Unknown,Hawke's Bay,Premium,13,402.77,Rob Thompson,2023-09-01
ACC-04497,Richard Rodriguez,Unknown,Residential,Individual,Unknown,Northland,Enterprise,1,345.98,Mike Patterson,2019-07-22
ACC-04499,Robert Hernandez,Unknown,Residential,Individual,Unknown,Canterbury,Basic,56,35.66,Unassigned,2021-11-26
ACC-04502,Jennifer Jones,Northern Logistics,Business,Corporate,Professional Services,Canterbury,Basic,8,70.97,Unassigned,2022-02-01
ACC-04503,Michael Miller,Unknown,Residential,Small Business,Unknown,Auckland,Basic,44,48.6,Unassigned,2018-05-11
ACC-04505,Richard Gonzalez,Harbour Consulting,Business,Small Business,Hospitality,Nelson-Marlborough,Enterprise,52,721.24,Lisa Hartley,2021-03-22
ACC-04507,Mary Jackson,Unknown,Residential,Individual,Unknown,Otago,Basic,41,60.13,Unassigned,2021-06-24
ACC-04509,David Hernandez,Unknown,Residential,Individual,Unknown,Wellington,Basic,3,52.25,Unassigned,2022-09-13
ACC-04510,William Williams,Metro Logistics,Business,Corporate,Professional Services,Bay of Plenty,Premium,48,253.78,Mike Patterson,2020-07-18
ACC-04511,Joseph Martinez,Unknown,Residential,Individual,Unknown,Manawatu-Whanganui,Free,11,27.32,Unassigned,2018-07-17
ACC-04512,Sarah Miller,Unknown,Residential,Individual,Unknown,Auckland,Enterprise,7,324.88,Rob Thompson,2023-11-01
ACC-04514,Barbara Johnson,Unknown,Residential,Individual,Unknown,Canterbury,Enterprise,37,0.0,Unassigned,2020-05-19
ACC-04515,Charles Wilson,Unknown,Residential,Corporate,Unknown,Otago,Basic,21,126.71,Unassigned,2019-01-21
ACC-04516,Linda Gonzalez,Unknown,Residential,Individual,Unknown,Canterbury,Enterprise,53,302.28,Sarah Chen,2020-04-30
ACC-04518,Barbara Jones,Unknown,Residential,Small Business,Unknown,Otago,Free,20,0.0,Unassigned,2022-05-01
ACC-04519,Jessica Thomas,Kiwi Solutions,Business,Small Business,Hospitality,Canterbury,Free,25,0.0,Unassigned,2022-08-02
ACC-04520,Susan Miller,Summit Group,Business,Small Business,Education,Canterbury,Free,23,0.0,Unassigned,2019-10-04
ACC-04521,Charles Martin,Unknown,Residential,Individual,Unknown,Otago,Basic,58,146.19,Unassigned,2023-09-14
ACC-04523,Barbara Williams,Metro Construction,Business,Small Business,Trades,Nelson-Marlborough,Free,1,0.0,Unassigned,2019-10-12
ACC-04525,Elizabeth Lopez,Unknown,Residential,Individual,Unknown,Canterbury,Enterprise,32,301.56,Mike Patterson,2019-03-15
ACC-04526,John Garcia,Unknown,Residential,Individual,Unknown,Auckland,Enterprise,58,381.97,Lisa Hartley,2019-11-20
ACC-04527,James Rodriguez,Unknown,Residential,Corporate,Unknown,Canterbury,Premium,21,134.3,Unassigned,2020-09-04
ACC-04528,Charles Jones,Unknown,Residential,Individual,Unknown,Canterbury,Free,48,0.0,Unassigned,2020-01-09
ACC-04529,Thomas Anderson,Unknown,Residential,Individual,Unknown,Auckland,Free,6,11.48,Unassigned,2020-01-05
ACC-04532,Robert Rodriguez,Unknown,Residential,Individual,Unknown,Bay of Plenty,Premium,14,100.73,Unassigned,2023-07-04
ACC-04534,David Jones,Metro Logistics,Business,Corporate,Hospitality,Taranaki,Free,5,0.0,Unassigned,2019-06-28
ACC-04535,Robert Garcia,Unknown,Residential,Small Business,Unknown,Auckland,Basic,15,0.0,Unassigned,2018-05-01
ACC-04536,Jennifer Smith,Unknown,Residential,Corporate,Unknown,Auckland,Enterprise,4,305.53,Rob Thompson,2018-08-26
ACC-04537,Linda Hernandez,Unknown,Residential,Individual,Unknown,Auckland,Enterprise,6,405.68,Rob Thompson,2020-12-15
ACC-04538,Robert Moore,Gateway Enterprises,Business,Small Business,Hospitality,Taranaki,Basic,22,74.21,Unassigned,2021-02-26
ACC-04541,Karen Anderson,Coastal Services,Business,Small Business,Construction,Bay of Plenty,Premium,4,217.79,Sarah Chen,2019-02-16
ACC-04542,Elizabeth Rodriguez,Alpha Engineering,Business,Corporate,Trades,Auckland,Premium,29,260.38,Mike Patterson,2021-07-31
ACC-04544,Charles Moore,Highland Plumbing,Business,Individual,Construction,Auckland,Enterprise,12,800.87,Rob Thompson,2020-10-18
ACC-04545,Elizabeth Moore,Highland Engineering,Business,Corporate,Manufacturing,Wellington,Enterprise,35,769.54,Mike Patterson,2021-10-19
ACC-04546,Charles Rodriguez,Pioneer Dental,Business,Corporate,Professional Services,Otago,Basic,29,61.78,Unassigned,2021-03-07
ACC-04548,Charles Jackson,Central Partners,Residential,Individual,Unknown,Hawke's Bay,Basic,4,48.49,Unassigned,2023-04-20
ACC-04549,Jessica Thomas,Island Ltd,Business,Corporate,Education,Canterbury,Basic,1,90.58,Unassigned,2021-08-08
ACC-04550,Robert Davis,Harbour Ltd,Business,Corporate,Retail,Auckland,Enterprise,6,176.02,Lisa Hartley,2023-09-07
ACC-04551,Elizabeth Hernandez,Pacific Systems,Business,Corporate,Education,Wellington,Premium,9,545.82,Mike Patterson,2019-04-07
ACC-04554,Barbara Lopez,Unknown,Residential,Small Business,Unknown,Otago,Free,10,0.0,Unassigned,2022-07-17
ACC-04556,Thomas Jackson,Metro Engineering,Business,Small Business,Construction,Wellington,Enterprise,1,626.83,Rob Thompson,2023-08-28
ACC-04558,Elizabeth Martinez,Unknown,Residential,Individual,Unknown,Nelson-Marlborough,Enterprise,43,0.0,Unassigned,2021-06-23
ACC-04559,Barbara Gonzalez,Peak Dental,Business,Small Business,Trades,Canterbury,Free,28,219.89,Lisa Hartley,2019-07-11
ACC-04560,David Martinez,Alpha Engineering,Business,Corporate,Construction,Auckland,Enterprise,52,0.0,Unassigned,2019-05-21
ACC-04561,Charles Gonzalez,Alpha Industries,Business,Corporate,Trades,Auckland,Basic,28,107.48,Lisa Hartley,2022-12-15
ACC-04563,Charles Wilson,Sterling Tech,Business,Small Business,Healthcare,Auckland,Basic,30,79.99,Unassigned,2019-01-10
ACC-04565,Karen Jackson,Kiwi Construction,Business,Corporate,Technology,Bay of Plenty,Enterprise,31,518.19,Sarah Chen,2023-04-26
ACC-04566,Jennifer Lopez,Southern Holdings,Business,Individual,Education,Wellington,Free,8,70.25,Unassigned,2020-12-05
ACC-04570,David Jones,Unknown,Residential,Small Business,Unknown,Auckland,Enterprise,3,315.15,Lisa Hartley,2021-09-11
ACC-04571,Charles Moore,Alpha Construction,Business,Small Business,Retail,Waikato,Enterprise,15,483.98,Sarah Chen,2022-10-30
ACC-04572,David Williams,Peak Consulting,Business,Small Business,Trades,Auckland,Basic,15,589.72,Mike Patterson,2021-01-27
ACC-04573,Michael Anderson,Coastal Consulting,Business,Corporate,Trades,Waikato,Free,53,0.0,Unassigned,2018-12-01
ACC-04574,Joseph Martin,Harbour Enterprises,Business,Corporate,Retail,Taranaki,Free,27,0.0,Unassigned,2020-11-13
ACC-04575,Robert Jackson,Pacific Partners,Business,Corporate,Professional Services,Wellington,Free,24,70.63,Unassigned,2022-08-11
ACC-04578,James Jackson,Peak Construction,Business,Small Business,Manufacturing,Bay of Plenty,Free,9,0.0,Unassigned,2019-09-06
ACC-04579,Barbara Johnson,Unknown,Residential,Small Business,Unknown,Wellington,Free,43,145.48,Rob Thompson,2019-10-02
ACC-04580,Patricia Thomas,Unknown,Residential,Individual,Unknown,Canterbury,Basic,52,53.74,Unassigned,2021-01-14
ACC-04581,Elizabeth Brown,Island Electrical,Business,Small Business,Education,Auckland,Basic,47,217.21,Sarah Chen,2021-10-24
ACC-04583,Susan Martinez,Gateway Engineering,Business,Small Business,Trades,Auckland,Premium,40,320.97,Rob Thompson,2019-09-29
ACC-04584,Michael Hernandez,Ridge Solutions,Business,Corporate,Professional Services,Manawatu-Whanganui,Basic,6,69.8,Unassigned,2019-08-21
ACC-04585,Barbara Anderson,Unknown,Residential,Small Business,Unknown,Auckland,Premium,12,98.62,Unassigned,2023-04-06
ACC-04586,David Jones,Unknown,Residential,Individual,Unknown,Wellington,Free,26,0.0,Unassigned,2018-06-07
ACC-04589,Sarah Johnson,Northern Construction,Business,Corporate,Retail,Canterbury,Enterprise,49,569.74,Rob Thompson,2019-10-25
ACC-04590,Linda Hernandez,Unknown,Residential,Individual,Unknown,Auckland,Basic,3,371.99,Mike Patterson,2022-04-24
ACC-04591,Mary Miller,Ridge Transport,Business,Corporate,Hospitality,Canterbury,Premium,10,239.89,Lisa Hartley,2021-12-12
ACC-04592,Jennifer Jackson,Sterling Tech,Business,Small Business,Construction,Auckland,Basic,3,77.89,Unassigned,2022-03-26
ACC-04593,William Jones,Ridge Holdings,Business,Small Business,Transport & Logistics,Canterbury,Premium,38,224.29,Mike Patterson,2018-03-27
ACC-04594,James Jackson,Summit Logistics,Business,Corporate,Hospitality,Bay of Plenty,Premium,60,269.4,Lisa Hartley,2022-04-07
ACC-04595,David Moore,Valley Plumbing,Business,Small Business,Professional Services,Auckland,Basic,26,86.43,Unassigned,2020-03-25
ACC-04597,Charles Jackson,Unknown,Residential,Corporate,Unknown,Auckland,Free,14,0.0,Unassigned,2023-05-02
ACC-04599,Richard Moore,Sterling Construction,Business,Small Business,Retail,Northland,Premium,44,210.99,Mike Patterson,2023-05-16
ACC-04600,Richard Smith,Unknown,Residential,Individual,Unknown,Auckland,Enterprise,15,377.13,Mike Patterson,2023-06-02
ACC-04601,Barbara Gonzalez,Pacific Plumbing,Business,Corporate,Manufacturing,Manawatu-Whanganui,Basic,10,319.3,Rob Thompson,2023-11-22
ACC-04602,Michael Lopez,Highland Enterprises,Business,Corporate,Professional Services,Canterbury,Premium,9,162.79,Unassigned,2018-12-07
ACC-04603,John Brown,Pacific Industries,Business,Corporate,Trades,Auckland,Basic,13,28.92,Unassigned,2019-12-15
ACC-04605,Thomas Jackson,Pioneer Ltd,Business,Corporate,Hospitality,Wellington,Free,11,0.0,Unassigned,2023-03-11
ACC-04606,Elizabeth Martinez,Highland Services,Business,Small Business,Construction,Bay of Plenty,Basic,7,277.96,Mike Patterson,2018-06-22
ACC-04607,Karen Thomas,Valley Legal,Business,Corporate,Retail,Auckland,Premium,5,176.84,Mike Patterson,2022-12-22
ACC-04608,Jessica Johnson,Kiwi Logistics,Business,Corporate,Transport & Logistics,Canterbury,Basic,1,0.0,Unassigned,2020-09-30
ACC-04609,John Wilson,Unknown,Residential,Corporate,Unknown,Hawke's Bay,Basic,22,42.72,Unassigned,2020-01-02
ACC-04610,Thomas Jones,Unknown,Residential,Individual,Unknown,Canterbury,Premium,18,127.94,Lisa Hartley,2020-09-05
ACC-04615,Jessica Johnson,Unknown,Residential,Individual,Unknown,Canterbury,Basic,31,0.0,Unassigned,2022-01-24
ACC-04616,Karen Martinez,Peak Transport,Business,Small Business,Trades,Canterbury,Free,5,0.0,Unassigned,2020-03-26
ACC-04617,Charles Martinez,Apex Tech,Business,Corporate,Retail,Auckland,Premium,22,87.79,Unassigned,2019-02-10
ACC-04618,Charles Thomas,Ridge Legal,Business,Corporate,Retail,Canterbury,Basic,4,106.42,Mike Patterson,2023-08-06
ACC-04619,Jennifer Garcia,Unknown,Residential,Individual,Unknown,Hawke's Bay,Free,30,14.82,Unassigned,2018-10-27
ACC-04620,James Anderson,Harbour Legal,Business,Corporate,Professional Services,Canterbury,Basic,43,171.81,Sarah Chen,2023-08-09
ACC-04621,Barbara Rodriguez,Metro Industries,Business,Corporate,Construction,Canterbury,Basic,41,83.66,Unassigned,2021-10-14
ACC-04622,Robert Martinez,Peak Enterprises,Business,Corporate,Professional Services,Bay of Plenty,Basic,2,67.44,Unassigned,2022-08-17
ACC-04623,Jessica Martinez,Gateway Systems,Business,Individual,Transport & Logistics,Canterbury,Basic,16,105.0,Unassigned,2022-12-07
ACC-04624,Charles Lopez,Unknown,Residential,Corporate,Unknown,Taranaki,Premium,15,155.93,Mike Patterson,2019-09-14
ACC-04625,Barbara Johnson,Harbour Dental,Business,Individual,Construction,Wellington,Free,3,0.0,Unassigned,2023-06-17
ACC-04626,Thomas Davis,Unknown,Residential,Individual,Unknown,Southland,Free,49,0.0,Unassigned,2018-02-19
ACC-04629,Mary Gonzalez,Unknown,Residential,Corporate,Unknown,Wellington,Basic,17,56.55,Unassigned,2019-08-25
ACC-04630,Elizabeth Miller,Gateway Services,Business,Individual,Retail,Wellington,Basic,36,65.52,Unassigned,2023-03-23
ACC-04631,Robert Rodriguez,Coastal Partners,Business,Small Business,Manufacturing,Otago,Free,57,0.0,Unassigned,2021-11-25
ACC-04633,Charles Williams,Pioneer Medical,Business,Individual,Trades,Canterbury,Enterprise,39,65.36,Unassigned,2018-09-02
ACC-04634,James Martin,Frontier Enterprises,Business,Small Business,Construction,Otago,Enterprise,5,439.54,Lisa Hartley,2019-03-09
ACC-04635,Richard Jones,Unknown,Residential,Individual,Unknown,Auckland,Free,19,0.0,Unassigned,2022-04-03
ACC-04636,John Martinez,Unknown,Residential,Small Business,Unknown,Wellington,Basic,1,96.41,Unassigned,2018-11-22
ACC-04637,Karen Taylor,Central Enterprises,Business,Corporate,Professional Services,Wellington,Enterprise,14,651.63,Mike Patterson,2020-12-30
ACC-04638,Jennifer Williams,Unknown,Residential,Small Business,Unknown,Auckland,Free,36,0.0,Unassigned,2021-06-03
ACC-04639,Barbara Miller,Unknown,Residential,Corporate,Unknown,Auckland,Free,37,0.0,Unassigned,2020-06-12
ACC-04640,Jessica Lopez,Unknown,Residential,Individual,Unknown,Canterbury,Basic,6,37.46,Unassigned,2023-12-24
ACC-04641,James Martinez,Unknown,Residential,Corporate,Unknown,Otago,Premium,27,57.39,Unassigned,2021-09-20
ACC-04643,David Martin,Unknown,Residential,Corporate,Unknown,Otago,Enterprise,9,268.83,Mike Patterson,2018-10-27
ACC-04645,Charles Taylor,Ridge Electrical,Business,Corporate,Transport & Logistics,Canterbury,Enterprise,24,685.0,Rob Thompson,2019-02-12
ACC-04646,Charles Hernandez,Southern Systems,Business,Individual,Retail,Auckland,Basic,43,503.84,Sarah Chen,2022-06-18
ACC-04647,Karen Wilson,Harbour Engineering,Business,Individual,Healthcare,Auckland,Enterprise,19,429.54,Sarah Chen,2020-05-08
ACC-04648,Michael Thomas,Pacific Partners,Business,Corporate,Healthcare,Waikato,Free,4,0.0,Unassigned,2023-01-02
ACC-04649,Michael Wilson,Gateway Engineering,Business,Small Business,Construction,Hawke's Bay,Premium,5,200.34,Lisa Hartley,2022-06-14
ACC-04652,David Jones,Harbour Legal,Business,Corporate,Trades,Auckland,Basic,12,80.65,Unassigned,2021-01-28
ACC-04653,Jennifer Taylor,Unknown,Residential,Individual,Unknown,Canterbury,Basic,44,39.61,Unassigned,2019-04-09
ACC-04654,Jennifer Anderson,Unknown,Residential,Small Business,Unknown,Canterbury,Basic,13,45.65,Unassigned,2018-12-29
ACC-04655,Mary Johnson,Valley Logistics,Business,Small Business,Trades,Wellington,Basic,15,169.25,Unassigned,2019-06-21
ACC-04656,Robert Rodriguez,Peak Dental,Business,Corporate,Retail,Waikato,Premium,54,281.91,Sarah Chen,2019-09-30
ACC-04657,Joseph Anderson,Apex Engineering,Business,Corporate,Trades,Auckland,Premium,1,0.0,Unassigned,2022-11-18
ACC-04658,James Smith,Unknown,Residential,Individual,Unknown,Otago,Enterprise,44,316.66,Rob Thompson,2021-03-14
ACC-04659,Susan Moore,Highland Medical,Business,Small Business,Retail,Canterbury,Premium,49,281.64,Rob Thompson,2018-05-10
ACC-04660,David Hernandez,Sterling Consulting,Business,Small Business,Healthcare,Waikato,Free,6,0.0,Unassigned,2023-03-05
ACC-04661,Elizabeth Wilson,Kiwi Medical,Business,Small Business,Education,Wellington,Enterprise,53,596.34,Mike Patterson,2021-03-06
ACC-04663,Linda Lopez,Unknown,Residential,Corporate,Unknown,Auckland,Enterprise,5,34.05,Unassigned,2022-10-07
ACC-04664,Jessica Anderson,Unknown,Residential,Corporate,Unknown,Hawke's Bay,Enterprise,37,350.08,Mike Patterson,2019-06-30
ACC-04665,Barbara Wilson,Ridge Systems,Business,Corporate,Trades,Bay of Plenty,Basic,5,78.45,Unassigned,2023-01-31
ACC-04668,Mary Williams,Peak Dental,Business,Small Business,Education,Auckland,Premium,26,280.17,Lisa Hartley,2022-07-19
ACC-04669,Robert Hernandez,Metro Industries,Business,Corporate,Trades,Auckland,Premium,23,211.76,Rob Thompson,2019-03-27
ACC-04670,Susan Brown,Coastal Tech,Business,Corporate,Construction,Wellington,Premium,6,0.0,Unassigned,2023-05-23
ACC-04671,Thomas Anderson,Summit Transport,Business,Corporate,Construction,Waikato,Enterprise,32,375.62,Lisa Hartley,2021-03-16
ACC-04672,Barbara Jones,Coastal Group,Business,Small Business,Healthcare,Auckland,Free,11,0.0,Unassigned,2021-06-21
ACC-04676,Elizabeth Hernandez,Coastal Construction,Business,Small Business,Trades,Auckland,Basic,2,0.0,Unassigned,2019-01-19
ACC-04678,Barbara Miller,Pacific Transport,Business,Individual,Professional Services,Canterbury,Free,1,310.9,Rob Thompson,2023-03-22
ACC-04680,Jessica Moore,Valley Services,Business,Corporate,Construction,Wellington,Premium,44,258.48,Mike Patterson,2020-06-18
ACC-04681,Susan Johnson,Unknown,Residential,Corporate,Unknown,Wellington,Basic,3,34.21,Unassigned,2018-01-20
ACC-04683,Joseph Johnson,Harbour Engineering,Business,Individual,Hospitality,Wellington,Premium,41,551.49,Rob Thompson,2022-06-05
ACC-04685,Elizabeth Jackson,Unknown,Residential,Individual,Unknown,Otago,Basic,32,369.71,Sarah Chen,2021-07-14
ACC-04689,Sarah Davis,Kiwi Construction,Residential,Small Business,Unknown,Canterbury,Enterprise,44,272.68,Lisa Hartley,2021-02-04
ACC-04690,Jennifer Miller,Unknown,Residential,Corporate,Unknown,Wellington,Enterprise,11,330.03,Sarah Chen,2018-02-28
ACC-04691,Susan Johnson,Apex Electrical,Business,Corporate,Property Management,Canterbury,Premium,14,233.39,Lisa Hartley,2022-03-07
ACC-04693,David Anderson,Unknown,Residential,Individual,Unknown,Auckland,Enterprise,25,87.3,Unassigned,2019-08-05
ACC-04694,Michael Garcia,Metro Systems,Business,Corporate,Construction,Manawatu-Whanganui,Premium,57,204.07,Mike Patterson,2019-08-06
ACC-04696,Charles Thomas,Summit Ltd,Business,Corporate,Education,Canterbury,Basic,24,928.09,Mike Patterson,2019-06-27
ACC-04697,Jessica Davis,Northern Consulting,Business,Corporate,Transport & Logistics,Wellington,Free,3,241.5,Lisa Hartley,2022-04-02
ACC-04698,Karen Garcia,Island Transport,Business,Small Business,Retail,Wellington,Basic,9,651.0,Lisa Hartley,2019-06-23
ACC-04699,Robert Jackson,Kiwi Logistics,Business,Small Business,Technology,Canterbury,Free,15,0.0,Unassigned,2021-12-07
ACC-04700,Jennifer Gonzalez,Gateway Dental,Business,Individual,Healthcare,Waikato,Basic,46,221.55,Rob Thompson,2021-02-08
ACC-04701,John Williams,Coastal Legal,Business,Small Business,Hospitality,Otago,Free,31,0.0,Unassigned,2021-08-01
ACC-04704,James Wilson,Frontier Solutions,Business,Small Business,Transport & Logistics,Auckland,Basic,38,50.21,Unassigned,2021-04-04
ACC-04707,David Rodriguez,Unknown,Residential,Individual,Unknown,Wellington,Premium,1,140.7,Unassigned,2020-02-01
ACC-04708,Susan Martin,Pioneer Industries,Business,Corporate,Trades,Southland,Enterprise,28,420.09,Rob Thompson,2020-10-13
ACC-04709,Charles Martinez,Unknown,Residential,Individual,Unknown,Canterbury,Basic,21,370.38,Lisa Hartley,2022-04-06
ACC-04710,Joseph Brown,Central Dental,Business,Corporate,Healthcare,Waikato,Free,1,0.0,Unassigned,2019-01-30
ACC-04711,Barbara Jackson,Unknown,Residential,Individual,Unknown,Canterbury,Premium,36,112.97,Unassigned,2021-05-07
ACC-04713,John Martin,Coastal Group,Business,Corporate,Construction,Auckland,Free,31,0.0,Unassigned,2020-11-02
ACC-04714,Jennifer Williams,Valley Consulting,Business,Individual,Retail,Nelson-Marlborough,Basic,24,0.0,Unassigned,2018-06-09
ACC-04717,John Rodriguez,Coastal Partners,Business,Small Business,Professional Services,Auckland,Free,27,0.0,Unassigned,2021-09-19
ACC-04718,Joseph Martinez,Ridge Solutions,Business,Corporate,Education,Hawke's Bay,Enterprise,1,0.0,Unassigned,2020-12-20
ACC-04719,William Taylor,Valley Electrical,Business,Small Business,Education,Northland,Enterprise,2,719.36,Lisa Hartley,2022-07-09
ACC-04720,James Williams,Frontier Group,Business,Corporate,Healthcare,Canterbury,Premium,6,86.53,Unassigned,2019-08-06
ACC-04723,Thomas Martin,Unknown,Residential,Corporate,Unknown,Waikato,Premium,29,114.94,Unassigned,2020-10-15
ACC-04724,Elizabeth Thomas,Summit Industries,Business,Corporate,Manufacturing,Auckland,Basic,34,56.75,Unassigned,2023-10-28
ACC-04727,Barbara Martin,Valley Engineering,Business,Small Business,Professional Services,Otago,Basic,9,294.22,Rob Thompson,2019-08-06
ACC-04728,Charles Rodriguez,Unknown,Residential,Corporate,Unknown,Otago,Basic,33,56.21,Unassigned,2022-02-19
ACC-04729,Elizabeth Moore,Alpha Dental,Business,Small Business,Professional Services,Canterbury,Enterprise,29,253.41,Sarah Chen,2018-12-23
ACC-04730,Michael Gonzalez,Summit Consulting,Business,Corporate,Healthcare,Wellington,Enterprise,17,821.12,Lisa Hartley,2019-03-30
ACC-04731,Richard Jackson,Northern Legal,Business,Small Business,Healthcare,Canterbury,Basic,49,107.55,Unassigned,2020-12-17
ACC-04732,Jennifer Davis,Unknown,Residential,Individual,Unknown,Canterbury,Basic,12,37.23,Unassigned,2020-05-08
ACC-04733,Robert Davis,Apex Holdings,Business,Corporate,Retail,Wellington,Premium,36,223.09,Rob Thompson,2022-01-21
ACC-04734,Elizabeth Moore,Unknown,Residential,Individual,Unknown,Canterbury,Basic,4,52.02,Unassigned,2021-12-24
ACC-04736,Karen Jackson,Unknown,Residential,Individual,Unknown,Manawatu-Whanganui,Enterprise,10,143.08,Unassigned,2022-05-09
ACC-04737,Joseph Taylor,Harbour Holdings,Business,Small Business,Construction,Wellington,Enterprise,11,684.84,Lisa Hartley,2023-10-18
ACC-04739,Richard Jones,Valley Consulting,Business,Individual,Trades,Auckland,Premium,1,261.85,Rob Thompson,2020-03-28
ACC-04740,Joseph Anderson,Apex Holdings,Business,Corporate,Trades,Wellington,Premium,36,210.54,Rob Thompson,2021-04-01
ACC-04744,Jennifer Thomas,Northern Industries,Business,Small Business,Education,Wellington,Basic,30,565.85,Sarah Chen,2019-07-03
ACC-04745,Michael Gonzalez,Unknown,Residential,Individual,Unknown,Canterbury,Premium,32,153.26,Unassigned,2018-06-14
ACC-04746,James Garcia,Peak Enterprises,Business,Corporate,Manufacturing,Auckland,Enterprise,12,736.74,Rob Thompson,2020-05-18
ACC-04747,Robert Rodriguez,Harbour Consulting,Business,Small Business,Professional Services,Hawke's Bay,Basic,31,86.15,Unassigned,2023-05-09
ACC-04748,Jennifer Moore,Unknown,Residential,Individual,Unknown,Southland,Basic,35,37.11,Unassigned,2020-06-06
ACC-04750,Charles Williams,Unknown,Residential,Individual,Unknown,Otago,Basic,3,56.43,Unassigned,2019-09-08
ACC-04752,Susan Hernandez,Unknown,Residential,Individual,Unknown,Waikato,Premium,4,114.49,Unassigned,2022-02-12
ACC-04753,Jennifer Johnson,Island Plumbing,Business,Corporate,Professional Services,Canterbury,Basic,3,106.83,Unassigned,2021-11-02
ACC-04754,Thomas Brown,Unknown,Residential,Small Business,Unknown,Canterbury,Premium,57,134.38,Unassigned,2019-07-23
ACC-04755,Elizabeth Thomas,Valley Construction,Business,Individual,Construction,Bay of Plenty,Enterprise,4,124.96,Unassigned,2018-05-11
ACC-04756,Linda Jones,Sterling Holdings,Business,Corporate,Construction,Auckland,Free,36,0.0,Unassigned,2019-02-25
ACC-04757,David Martinez,Unknown,Residential,Individual,Unknown,Hawke's Bay,Enterprise,36,449.08,Mike Patterson,2022-06-11
ACC-04758,Mary Wilson,Peak Industries,Business,Corporate,Retail,Canterbury,Premium,16,153.17,Rob Thompson,2020-02-06
ACC-04759,Linda Lopez,Southern Ltd,Business,Small Business,Construction,Wellington,Premium,11,169.34,Mike Patterson,2019-04-27
ACC-04760,Joseph Rodriguez,Valley Ltd,Business,Corporate,Professional Services,Auckland,Free,2,253.39,Rob Thompson,2020-01-09
ACC-04762,Jessica Miller,Valley Medical,Business,Small Business,Professional Services,Waikato,Free,10,0.0,Unassigned,2018-03-10
ACC-04763,John Davis,Gateway Ltd,Business,Corporate,Retail,Auckland,Premium,19,168.65,Unassigned,2021-07-08
ACC-04765,Barbara Moore,Frontier Services,Business,Individual,Technology,Canterbury,Free,37,0.0,Unassigned,2021-11-08
ACC-04766,Jennifer Martin,Peak Enterprises,Business,Corporate,Trades,Canterbury,Enterprise,37,166.86,Unassigned,2019-05-22
ACC-04767,Elizabeth Smith,Unknown,Residential,Individual,Unknown,Auckland,Premium,2,153.45,Unassigned,2022-02-17
ACC-04768,William Thomas,Unknown,Residential,Individual,Unknown,Auckland,Basic,44,47.53,Unassigned,2018-06-01
ACC-04769,Linda Jones,Apex Consulting,Business,Small Business,Retail,Otago,Enterprise,22,481.22,Rob Thompson,2018-12-11
ACC-04770,Joseph Johnson,Alpha Ltd,Business,Corporate,Retail,Bay of Plenty,Premium,36,201.74,Rob Thompson,2018-10-21
ACC-04772,Karen Gonzalez,Unknown,Residential,Individual,Unknown,Auckland,Free,58,0.0,Unassigned,2021-03-09
ACC-04774,Michael Jones,Unknown,Residential,Individual,Unknown,Waikato,Free,32,0.0,Unassigned,2020-10-04
ACC-04776,Barbara Hernandez,Frontier Logistics,Business,Small Business,Hospitality,Manawatu-Whanganui,Basic,2,94.5,Unassigned,2021-03-26
ACC-04778,Linda Brown,Unknown,Residential,Individual,Unknown,Hawke's Bay,Basic,51,40.9,Unassigned,2022-08-11
ACC-04779,James Garcia,Coastal Systems,Business,Small Business,Agriculture,Wellington,Free,10,0.0,Unassigned,2018-04-04
ACC-04783,Karen Martin,Harbour Holdings,Business,Corporate,Healthcare,Hawke's Bay,Basic,13,235.84,Mike Patterson,2018-03-15
ACC-04784,Mary Williams,Highland Group,Business,Corporate,Retail,Canterbury,Basic,5,108.32,Unassigned,2021-03-18
ACC-04786,Karen Gonzalez,Unknown,Residential,Individual,Unknown,Otago,Basic,41,43.94,Unassigned,2020-03-30
ACC-04787,David Martin,Unknown,Residential,Corporate,Unknown,Canterbury,Enterprise,17,43.65,Unassigned,2018-08-26
ACC-04788,Jennifer Thomas,Unknown,Residential,Corporate,Unknown,Canterbury,Premium,22,0.0,Unassigned,2019-10-10
ACC-04792,David Gonzalez,Ridge Medical,Business,Corporate,Trades,Auckland,Enterprise,6,68.48,Unassigned,2022-08-26
ACC-04793,Joseph Lopez,Pioneer Holdings,Business,Corporate,Professional Services,Wellington,Enterprise,52,683.78,Lisa Hartley,2021-03-21
ACC-04794,James Jackson,Unknown,Residential,Corporate,Unknown,Canterbury,Free,5,0.0,Unassigned,2022-11-05
ACC-04795,Charles Moore,Valley Services,Business,Individual,Hospitality,Canterbury,Enterprise,40,654.01,Rob Thompson,2021-10-29
ACC-04798,David Jones,Island Transport,Business,Corporate,Construction,Otago,Enterprise,36,0.0,Unassigned,2021-05-23
ACC-04800,Susan Jackson,Coastal Industries,Business,Small Business,Technology,Otago,Premium,57,197.14,Rob Thompson,2018-01-09
ACC-04801,Richard Miller,Gateway Industries,Business,Small Business,Trades,Waikato,Free,28,0.0,Unassigned,2019-02-03
ACC-04803,Jessica Jackson,Unknown,Residential,Small Business,Unknown,Canterbury,Basic,10,37.65,Unassigned,2023-12-15
ACC-04804,William Davis,Unknown,Residential,Individual,Unknown,Canterbury,Premium,16,148.31,Unassigned,2020-09-14
ACC-04805,Charles Gonzalez,Unknown,Residential,Individual,Unknown,Canterbury,Basic,18,48.78,Unassigned,2021-06-29
ACC-04807,Jennifer Martin,Unknown,Residential,Individual,Unknown,Auckland,Basic,4,38.35,Unassigned,2018-02-11
ACC-04808,James Garcia,Kiwi Logistics,Business,Small Business,Retail,Canterbury,Enterprise,5,881.54,Lisa Hartley,2020-11-07
ACC-04810,John Smith,Gateway Solutions,Business,Corporate,Retail,Wellington,Enterprise,17,437.23,Mike Patterson,2020-04-27
ACC-04812,Charles Lopez,Unknown,Residential,Corporate,Unknown,Otago,Premium,52,102.68,Unassigned,2021-07-28
ACC-04815,Charles Davis,Apex Medical,Business,Small Business,Healthcare,Canterbury,Premium,21,0.0,Unassigned,2018-01-21
ACC-04816,Barbara Smith,Unknown,Residential,Corporate,Unknown,Nelson-Marlborough,Free,1,318.17,Sarah Chen,2019-04-25
ACC-04817,James Smith,Central Ltd,Business,Small Business,Professional Services,Canterbury,Free,34,0.0,Unassigned,2018-09-12
ACC-04818,William Moore,Pacific Dental,Business,Small Business,Retail,Canterbury,Enterprise,30,588.13,Sarah Chen,2022-12-10
ACC-04819,John Martinez,Sterling Logistics,Business,Individual,Manufacturing,Auckland,Enterprise,3,732.45,Lisa Hartley,2019-03-26
ACC-04822,Susan Lopez,Unknown,Residential,Individual,Unknown,Bay of Plenty,Enterprise,51,369.92,Sarah Chen,2020-01-03
ACC-04824,David Williams,Kiwi Legal,Business,Corporate,Healthcare,Canterbury,Basic,3,559.15,Lisa Hartley,2018-04-12
ACC-04825,John Davis,Metro Logistics,Business,Corporate,Healthcare,Canterbury,Premium,4,82.83,Unassigned,2023-03-14
ACC-04826,Linda Williams,Unknown,Residential,Individual,Unknown,Auckland,Free,49,0.0,Unassigned,2021-09-26
ACC-04827,Karen Jones,Unknown,Residential,Individual,Unknown,Otago,Basic,33,37.43,Unassigned,2019-11-03
ACC-04828,Robert Taylor,Northern Logistics,Business,Small Business,Professional Services,Wellington,Basic,20,62.09,Unassigned,2023-12-23
ACC-04830,Susan Garcia,Unknown,Residential,Corporate,Unknown,Otago,Enterprise,8,340.34,Lisa Hartley,2018-09-07
ACC-04831,Joseph Taylor,Unknown,Residential,Small Business,Unknown,Hawke's Bay,Basic,8,125.26,Unassigned,2022-09-10
ACC-04832,David Johnson,Unknown,Residential,Individual,Unknown,Canterbury,Premium,25,117.94,Mike Patterson,2022-11-28
ACC-04833,Thomas Hernandez,Northern Systems,Business,Corporate,Healthcare,Otago,Enterprise,14,436.61,Mike Patterson,2022-01-27
ACC-04834,Charles Davis,Island Enterprises,Business,Small Business,Hospitality,Otago,Basic,20,65.75,Unassigned,2019-02-21
ACC-04835,Linda Davis,Unknown,Residential,Individual,Unknown,Auckland,Enterprise,57,357.62,Sarah Chen,2020-10-11
ACC-04837,John Johnson,Unknown,Residential,Individual,Unknown,Auckland,Free,5,0.0,Unassigned,2022-07-16
ACC-04838,John Martinez,Alpha Solutions,Business,Individual,Retail,Canterbury,Basic,53,87.46,Unassigned,2023-12-12
ACC-04840,Robert Johnson,Northern Electrical,Business,Small Business,Construction,Waikato,Basic,53,76.05,Unassigned,2021-11-09
ACC-04841,Mary Miller,Sterling Electrical,Business,Individual,Hospitality,Auckland,Enterprise,53,0.0,Unassigned,2019-01-15
ACC-04842,Barbara Brown,Northern Holdings,Business,Small Business,Education,Canterbury,Basic,25,262.03,Mike Patterson,2021-05-30
ACC-04844,Elizabeth Miller,Central Ltd,Business,Small Business,Trades,Canterbury,Basic,9,455.76,Rob Thompson,2023-06-20
ACC-04847,Thomas Anderson,Peak Logistics,Business,Individual,Construction,Hawke's Bay,Enterprise,6,288.03,Mike Patterson,2019-05-09
ACC-04849,John Wilson,Valley Medical,Business,Small Business,Manufacturing,Wellington,Enterprise,18,694.62,Lisa Hartley,2021-04-17
ACC-04851,James Hernandez,Alpha Plumbing,Business,Corporate,Trades,Wellington,Basic,7,227.62,Mike Patterson,2021-10-13
ACC-04853,Charles Jackson,Highland Electrical,Business,Individual,Construction,Otago,Basic,11,233.8,Mike Patterson,2020-10-17
ACC-04858,James Hernandez,Valley Tech,Business,Corporate,Transport & Logistics,Wellington,Basic,20,150.26,Sarah Chen,2022-11-26
ACC-04859,Sarah Jackson,Frontier Partners,Business,Corporate,Construction,Canterbury,Free,11,155.94,Sarah Chen,2020-05-23
ACC-04860,Barbara Moore,Central Ltd,Business,Individual,Transport & Logistics,Bay of Plenty,Enterprise,50,103.62,Unassigned,2020-12-31
ACC-04861,Michael Smith,Unknown,Residential,Individual,Unknown,Waikato,Premium,36,118.88,Unassigned,2018-02-12
ACC-04862,James Anderson,Unknown,Residential,Individual,Unknown,Auckland,Premium,3,122.03,Unassigned,2023-09-01
ACC-04863,Michael Anderson,Unknown,Residential,Individual,Unknown,Wellington,Basic,42,0.0,Unassigned,2020-07-26
ACC-04864,Elizabeth Martin,Unknown,Residential,Individual,Unknown,Wellington,Basic,26,49.06,Unassigned,2021-02-17
ACC-04866,Barbara Davis,Harbour Engineering,Business,Corporate,Professional Services,Canterbury,Basic,5,103.93,Lisa Hartley,2022-02-20
ACC-04868,Sarah Davis,Pioneer Ltd,Business,Corporate,Hospitality,Auckland,Free,3,21.38,Unassigned,2022-07-31
ACC-04869,John Taylor,Unknown,Residential,Small Business,Unknown,Canterbury,Premium,31,129.74,Rob Thompson,2022-11-16
ACC-04870,William Rodriguez,Southern Systems,Business,Corporate,Technology,Waikato,Basic,20,458.35,Sarah Chen,2020-10-30
ACC-04873,Jessica Hernandez,Alpha Systems,Business,Corporate,Construction,Bay of Plenty,Free,10,0.0,Unassigned,2021-04-25
ACC-04876,Barbara Taylor,Apex Partners,Business,Corporate,Retail,Otago,Premium,25,316.57,Sarah Chen,2023-07-30
ACC-04877,James Hernandez,Pioneer Services,Business,Small Business,Healthcare,Canterbury,Basic,37,0.0,Unassigned,2023-08-25
ACC-04878,William Jackson,Southern Industries,Business,Individual,Healthcare,Canterbury,Premium,44,173.46,Unassigned,2023-08-01
ACC-04879,Elizabeth Miller,Apex Transport,Business,Individual,Retail,Canterbury,Enterprise,25,660.94,Sarah Chen,2018-01-30
ACC-04880,Linda Rodriguez,Unknown,Residential,Individual,Unknown,Waikato,Basic,53,34.04,Unassigned,2021-01-12
ACC-04881,Jennifer Martin,Alpha Services,Business,Small Business,Trades,Nelson-Marlborough,Free,17,0.0,Unassigned,2019-12-24
ACC-04883,John Anderson,Highland Systems,Business,Corporate,Trades,Canterbury,Basic,35,66.98,Unassigned,2019-09-21
ACC-04884,Susan Jackson,Pacific Industries,Business,Corporate,Manufacturing,Taranaki,Free,41,0.0,Unassigned,2022-05-08
ACC-04886,Barbara Martin,Metro Holdings,Business,Corporate,Construction,Auckland,Basic,31,163.21,Unassigned,2023-02-08
ACC-04887,Linda Davis,Coastal Enterprises,Business,Corporate,Hospitality,Otago,Premium,27,203.37,Rob Thompson,2021-08-06
ACC-04888,Barbara Anderson,Unknown,Residential,Small Business,Unknown,Canterbury,Enterprise,32,349.08,Mike Patterson,2022-05-18
ACC-04889,Michael Wilson,Unknown,Residential,Individual,Unknown,Canterbury,Premium,25,113.74,Unassigned,2019-12-15
ACC-04890,Barbara Rodriguez,Highland Construction,Business,Corporate,Trades,Wellington,Basic,3,0.0,Unassigned,2022-03-06
ACC-04893,David Hernandez,Unknown,Residential,Small Business,Unknown,Waikato,Free,1,0.0,Unassigned,2021-10-17
ACC-04895,Thomas Jackson,Ridge Plumbing,Residential,Individual,Unknown,Canterbury,Premium,16,131.65,Unassigned,2022-10-05
ACC-04896,Linda Gonzalez,Pioneer Enterprises,Business,Corporate,Trades,Canterbury,Free,13,29.63,Unassigned,2019-08-14
ACC-04897,Charles Miller,Summit Transport,Business,Small Business,Healthcare,Canterbury,Basic,5,66.02,Unassigned,2022-09-17
ACC-04900,Barbara Rodriguez,Peak Partners,Business,Individual,Trades,Bay of Plenty,Free,2,0.0,Unassigned,2019-04-04
ACC-04901,Jennifer Johnson,Unknown,Residential,Individual,Unknown,Hawke's Bay,Premium,54,148.24,Unassigned,2021-09-17
ACC-04902,Jennifer Moore,Unknown,Residential,Individual,Unknown,Hawke's Bay,Enterprise,24,432.65,Rob Thompson,2021-01-30
ACC-04903,Elizabeth Garcia,Frontier Tech,Business,Small Business,Education,Auckland,Free,5,0.0,Unassigned,2022-09-15
ACC-04904,Barbara Moore,Highland Medical,Business,Corporate,Agriculture,Auckland,Enterprise,17,461.49,Sarah Chen,2018-11-13
ACC-04905,Charles Anderson,Summit Enterprises,Business,Individual,Manufacturing,Otago,Basic,23,0.0,Unassigned,2022-05-04
ACC-04907,Charles Johnson,Unknown,Residential,Corporate,Unknown,Canterbury,Premium,36,348.53,Lisa Hartley,2023-03-26
ACC-04908,Joseph Taylor,Frontier Engineering,Business,Corporate,Construction,Auckland,Enterprise,11,304.74,Lisa Hartley,2021-11-05
ACC-04909,Charles Jones,Unknown,Residential,Individual,Unknown,Southland,Free,16,364.33,Rob Thompson,2018-09-01
ACC-04911,Jennifer Davis,Alpha Dental,Business,Corporate,Retail,Auckland,Basic,7,501.1,Sarah Chen,2020-03-15
ACC-04913,Richard Taylor,Unknown,Residential,Individual,Unknown,Canterbury,Free,51,0.0,Unassigned,2022-06-09
ACC-04916,Susan Garcia,Island Ltd,Business,Corporate,Transport & Logistics,Otago,Basic,7,746.91,Lisa Hartley,2023-10-10
ACC-04919,James Moore,Unknown,Residential,Individual,Unknown,Canterbury,Premium,21,113.62,Mike Patterson,2019-01-08
ACC-04921,Charles Rodriguez,Peak Holdings,Business,Individual,Transport & Logistics,Bay of Plenty,Free,12,281.14,Rob Thompson,2018-07-24
ACC-04922,Jessica Lopez,Unknown,Residential,Corporate,Unknown,Otago,Basic,33,32.21,Unassigned,2022-06-20
ACC-04924,Mary Johnson,Unknown,Residential,Individual,Unknown,Canterbury,Basic,7,0.0,Unassigned,2023-07-22
ACC-04925,Mary Hernandez,Peak Services,Business,Corporate,Construction,Canterbury,Enterprise,24,456.11,Lisa Hartley,2019-03-19
ACC-04926,Joseph Brown,Coastal Dental,Business,Small Business,Construction,Waikato,Enterprise,29,542.84,Lisa Hartley,2021-09-07
ACC-04927,James Gonzalez,Frontier Systems,Business,Corporate,Manufacturing,Wellington,Basic,15,0.0,Unassigned,2021-11-15
ACC-04930,Elizabeth Anderson,Unknown,Residential,Corporate,Unknown,Canterbury,Free,3,0.0,Unassigned,2019-07-08
ACC-04931,David Martinez,Southern Legal,Business,Corporate,Manufacturing,Bay of Plenty,Free,14,0.0,Unassigned,2021-06-05
ACC-04933,Barbara Wilson,Northern Medical,Business,Corporate,Construction,Waikato,Basic,22,227.28,Mike Patterson,2022-05-31
ACC-04934,John Anderson,Northern Plumbing,Business,Corporate,Hospitality,Otago,Basic,37,78.31,Unassigned,2021-03-22
ACC-04935,Karen Williams,Unknown,Residential,Individual,Unknown,Auckland,Enterprise,10,343.57,Sarah Chen,2022-08-15
ACC-04936,Sarah Jackson,Unknown,Residential,Individual,Unknown,Auckland,Premium,31,143.27,Lisa Hartley,2022-08-16
ACC-04937,Barbara Taylor,Unknown,Residential,Corporate,Unknown,Taranaki,Basic,17,0.0,Unassigned,2018-04-08
ACC-04938,Linda Hernandez,Island Logistics,Business,Corporate,Trades,Auckland,Premium,15,196.18,Unassigned,2021-06-19
ACC-04939,David Martinez,Sterling Legal,Business,Corporate,Trades,Canterbury,Premium,26,235.39,Mike Patterson,2019-02-22
ACC-04940,David Miller,Summit Medical,Business,Corporate,Hospitality,Otago,Premium,15,261.02,Lisa Hartley,2021-03-04
ACC-04941,Robert Miller,Unknown,Residential,Individual,Unknown,Otago,Basic,41,42.9,Unassigned,2020-02-13
ACC-04943,William Smith,Unknown,Residential,Corporate,Unknown,Auckland,Free,21,0.0,Unassigned,2021-10-11
ACC-04944,Jennifer Miller,Unknown,Residential,Individual,Unknown,Wellington,Premium,58,111.36,Unassigned,2019-12-01
ACC-04945,Barbara Martinez,Unknown,Residential,Corporate,Unknown,Auckland,Free,4,0.0,Unassigned,2023-01-06
ACC-04946,Barbara Miller,Northern Partners,Residential,Individual,Unknown,Nelson-Marlborough,Free,7,0.0,Unassigned,2023-10-16
ACC-04947,Richard Smith,Highland Systems,Business,Corporate,Construction,Waikato,Enterprise,19,614.81,Sarah Chen,2018-08-29
ACC-04948,Mary Gonzalez,Unknown,Residential,Individual,Unknown,Wellington,Free,36,0.0,Unassigned,2023-06-16
ACC-04949,Mary Miller,Unknown,Residential,Individual,Unknown,Wellington,Basic,17,458.64,Lisa Hartley,2022-10-18
ACC-04950,Charles Anderson,Kiwi Engineering,Business,Corporate,Retail,Canterbury,Basic,12,850.6,Rob Thompson,2022-05-06
ACC-04952,Linda Jones,Pacific Group,Business,Small Business,Retail,Nelson-Marlborough,Free,34,0.0,Unassigned,2019-01-01
ACC-04954,Susan Johnson,Ridge Solutions,Business,Corporate,Retail,Canterbury,Basic,1,475.0,Mike Patterson,2023-06-15
ACC-04955,Jennifer Moore,Gateway Tech,Business,Corporate,Professional Services,Bay of Plenty,Basic,28,104.3,Unassigned,2020-11-04
ACC-04956,Charles Martinez,Valley Consulting,Business,Small Business,Agriculture,Auckland,Enterprise,16,316.75,Sarah Chen,2020-10-26
ACC-04960,Jessica Brown,Gateway Legal,Business,Corporate,Retail,Canterbury,Basic,16,198.42,Unassigned,2019-10-16
ACC-04961,Elizabeth Garcia,Frontier Transport,Business,Small Business,Trades,Bay of Plenty,Enterprise,40,453.46,Mike Patterson,2019-03-30
ACC-04962,Jessica Davis,Valley Partners,Business,Small Business,Construction,Southland,Basic,13,95.56,Unassigned,2023-08-26
ACC-04964,Barbara Johnson,Coastal Engineering,Business,Small Business,Trades,Canterbury,Enterprise,10,0.0,Unassigned,2023-03-08
ACC-04965,Elizabeth Gonzalez,Summit Group,Business,Corporate,Professional Services,Otago,Free,40,0.0,Unassigned,2022-05-25
ACC-04966,Patricia Taylor,Unknown,Residential,Individual,Unknown,Otago,Basic,52,41.74,Unassigned,2022-07-05
ACC-04967,Robert Brown,Ridge Services,Business,Corporate,Property Management,Bay of Plenty,Free,6,0.0,Unassigned,2023-07-04
ACC-04968,Barbara Thomas,Summit Tech,Business,Individual,Retail,Wellington,Enterprise,7,740.04,Mike Patterson,2018-12-31
ACC-04969,Mary Jackson,Sterling Medical,Business,Individual,Professional Services,Nelson-Marlborough,Basic,4,219.08,Rob Thompson,2020-03-12
ACC-04970,Jessica Jackson,Harbour Partners,Business,Corporate,Construction,Otago,Enterprise,2,14.6,Unassigned,2020-12-03
ACC-04971,James Garcia,Central Dental,Business,Corporate,Hospitality,Bay of Plenty,Basic,6,57.43,Unassigned,2019-02-20
ACC-04972,David Thomas,Unknown,Residential,Small Business,Unknown,Auckland,Premium,23,122.42,Mike Patterson,2018-11-29
ACC-04973,Mary Martin,Unknown,Residential,Individual,Unknown,Hawke's Bay,Basic,35,39.48,Unassigned,2022-06-21
ACC-04974,David Moore,Unknown,Residential,Individual,Unknown,Wellington,Basic,41,34.66,Unassigned,2019-04-23
ACC-04978,Robert Rodriguez,Unknown,Residential,Individual,Unknown,Nelson-Marlborough,Enterprise,31,315.94,Lisa Hartley,2019-12-28
ACC-04980,Linda Moore,Central Systems,Business,Corporate,Agriculture,Canterbury,Basic,32,68.96,Unassigned,2019-08-20
ACC-04981,Barbara Garcia,Kiwi Ltd,Business,Corporate,Construction,Bay of Plenty,Enterprise,10,66.87,Unassigned,2019-07-12
ACC-04983,Elizabeth Taylor,Highland Legal,Business,Individual,Retail,Canterbury,Basic,8,62.85,Unassigned,2018-11-03
ACC-04984,Jessica Rodriguez,Apex Systems,Business,Small Business,Construction,Auckland,Basic,4,71.3,Unassigned,2018-05-12
ACC-04985,Barbara Brown,Summit Legal,Business,Corporate,Education,Canterbury,Basic,40,144.67,Sarah Chen,2018-02-20
ACC-04986,David Rodriguez,Sterling Transport,Business,Corporate,Professional Services,Canterbury,Basic,39,78.31,Unassigned,2018-04-20
ACC-04987,Elizabeth Thomas,Sterling Services,Business,Corporate,Property Management,Hawke's Bay,Premium,2,236.99,Lisa Hartley,2019-07-25
ACC-04989,James Anderson,Peak Logistics,Business,Corporate,Construction,Otago,Basic,21,762.93,Sarah Chen,2019-01-03
ACC-04990,David Brown,Gateway Industries,Business,Individual,Trades,Otago,Basic,36,752.32,Mike Patterson,2018-05-21
ACC-04991,Mary Brown,Northern Logistics,Business,Small Business,Trades,Wellington,Premium,9,366.14,Rob Thompson,2022-09-06
ACC-04992,Elizabeth Williams,Unknown,Residential,Corporate,Unknown,Canterbury,Enterprise,16,274.25,Rob Thompson,2022-03-19
ACC-04994,Linda Martinez,Pioneer Legal,Residential,Corporate,Unknown,Manawatu-Whanganui,Basic,3,329.78,Sarah Chen,2018-10-06
ACC-04995,Elizabeth Miller,Unknown,Residential,Individual,Unknown,Southland,Premium,25,124.05,Unassigned,2021-12-04
ACC-04996,James Hernandez,Unknown,Residential,Corporate,Unknown,Canterbury,Premium,6,144.08,Unassigned,2022-12-04
ACC-04999,Charles Gonzalez,Metro Services,Business,Individual,Transport & Logistics,Nelson-Marlborough,Basic,11,87.38,Unassigned,2021-10-16
ACC-05003,Charles Moore,Gateway Construction,Business,Corporate,Technology,Canterbury,Enterprise,18,707.96,Lisa Hartley,2021-12-31
ACC-05005,David Brown,Unknown,Residential,Small Business,Unknown,Canterbury,Basic,23,0.0,Unassigned,2021-10-06
ACC-05007,John Smith,Unknown,Residential,Individual,Unknown,Auckland,Enterprise,47,310.56,Lisa Hartley,2023-06-27
ACC-05008,Jessica Williams,Unknown,Residential,Individual,Unknown,Auckland,Free,14,102.47,Mike Patterson,2022-08-31
ACC-05010,Jennifer Hernandez,Island Ltd,Business,Small Business,Professional Services,Bay of Plenty,Enterprise,25,671.52,Mike Patterson,2019-05-29
ACC-05012,Barbara Davis,Unknown,Residential,Corporate,Unknown,Canterbury,Basic,41,21.6,Unassigned,2021-09-23
ACC-05013,Karen Lopez,Northern Electrical,Business,Corporate,Education,Canterbury,Enterprise,47,764.99,Sarah Chen,2023-10-30
ACC-05014,Thomas Garcia,Pioneer Partners,Business,Corporate,Construction,Canterbury,Free,13,309.8,Sarah Chen,2020-09-24
ACC-05017,Barbara Thomas,Summit Systems,Business,Corporate,Trades,Bay of Plenty,Basic,49,0.0,Unassigned,2019-12-10
ACC-05018,David Wilson,Unknown,Residential,Corporate,Unknown,Wellington,Basic,31,53.3,Unassigned,2022-02-06
ACC-05019,Charles Moore,Pioneer Group,Business,Corporate,Construction,Manawatu-Whanganui,Free,47,330.43,Rob Thompson,2021-04-01
ACC-05020,James Martin,Harbour Medical,Business,Corporate,Transport & Logistics,Auckland,Enterprise,30,0.0,Unassigned,2021-02-24
ACC-05021,Thomas Jackson,Harbour Legal,Business,Corporate,Construction,Auckland,Enterprise,58,648.54,Rob Thompson,2021-09-21
ACC-05022,Linda Lopez,Peak Ltd,Residential,Corporate,Unknown,Auckland,Basic,22,36.1,Unassigned,2023-06-18
ACC-05023,Joseph Martin,Unknown,Residential,Individual,Unknown,Auckland,Free,43,0.0,Unassigned,2021-01-24
ACC-05024,David Wilson,Highland Plumbing,Business,Corporate,Professional Services,Canterbury,Premium,8,780.64,Rob Thompson,2023-10-19
ACC-05025,Elizabeth Thomas,Kiwi Systems,Business,Corporate,Construction,Bay of Plenty,Basic,3,0.0,Unassigned,2022-11-05
ACC-05026,Charles Gonzalez,Unknown,Residential,Individual,Unknown,Canterbury,Basic,26,57.43,Unassigned,2022-07-06
ACC-05027,David Miller,Unknown,Residential,Individual,Unknown,Auckland,Free,11,0.0,Unassigned,2020-09-11
ACC-05029,Michael Rodriguez,Sterling Dental,Business,Small Business,Hospitality,Canterbury,Free,14,0.0,Unassigned,2021-07-19
ACC-05030,Jennifer Brown,Unknown,Residential,Individual,Unknown,Waikato,Premium,2,156.22,Unassigned,2018-01-22
ACC-05032,John Jones,Unknown,Residential,Corporate,Unknown,Canterbury,Basic,28,49.24,Unassigned,2018-01-28
ACC-05033,Richard Anderson,Unknown,Residential,Small Business,Unknown,Canterbury,Free,56,0.0,Unassigned,2018-10-19
ACC-05034,Patricia Rodriguez,Gateway Industries,Business,Small Business,Manufacturing,Hawke's Bay,Basic,19,96.24,Unassigned,2020-06-04
ACC-05036,Jessica Anderson,Frontier Construction,Business,Corporate,Trades,Auckland,Premium,22,258.9,Rob Thompson,2021-10-30
ACC-05037,Robert Moore,Unknown,Residential,Individual,Unknown,Northland,Enterprise,4,0.0,Unassigned,2023-07-10
ACC-05038,Sarah Thomas,Harbour Electrical,Business,Small Business,Transport & Logistics,Canterbury,Premium,4,191.72,Unassigned,2018-10-15
ACC-05039,Joseph Rodriguez,Highland Legal,Business,Corporate,Manufacturing,Canterbury,Enterprise,54,928.65,Lisa Hartley,2021-09-21
ACC-05040,Elizabeth Hernandez,Unknown,Residential,Small Business,Unknown,Bay of Plenty,Basic,1,144.45,Unassigned,2020-09-14
ACC-05041,Jessica Jones,Central Solutions,Business,Corporate,Healthcare,Northland,Free,6,0.0,Unassigned,2021-03-03
ACC-05042,Michael Brown,Unknown,Residential,Individual,Unknown,Taranaki,Premium,23,132.05,Mike Patterson,2021-02-12
ACC-05044,Jessica Johnson,Central Partners,Business,Individual,Education,Waikato,Free,27,0.0,Unassigned,2023-12-28
ACC-05045,Patricia Gonzalez,Ridge Group,Business,Small Business,Retail,Canterbury,Premium,24,291.14,Sarah Chen,2020-03-23
ACC-05046,Barbara Johnson,Gateway Group,Business,Corporate,Hospitality,Hawke's Bay,Enterprise,11,623.04,Rob Thompson,2022-06-14
ACC-05048,Charles Williams,Sterling Systems,Business,Small Business,Manufacturing,Manawatu-Whanganui,Basic,22,83.35,Unassigned,2023-11-25
ACC-05052,Charles Smith,Coastal Legal,Business,Individual,Retail,Canterbury,Basic,24,748.72,Sarah Chen,2022-11-25
ACC-05053,Mary Davis,Unknown,Residential,Individual,Unknown,Canterbury,Basic,3,362.27,Sarah Chen,2021-07-22
ACC-05054,Patricia Martin,Peak Electrical,Business,Corporate,Education,Auckland,Premium,59,203.94,Sarah Chen,2022-03-14
ACC-05056,David Martin,Unknown,Residential,Corporate,Unknown,Hawke's Bay,Enterprise,14,0.0,Unassigned,2023-04-08
ACC-05058,Susan Williams,Southern Transport,Business,Corporate,Trades,Bay of Plenty,Enterprise,36,719.4,Lisa Hartley,2018-11-30
ACC-05059,Elizabeth Williams,Unknown,Residential,Small Business,Unknown,Auckland,Basic,7,41.03,Unassigned,2020-03-07
ACC-05061,Sarah Jackson,Sterling Electrical,Business,Individual,Hospitality,Northland,Free,1,290.15,Mike Patterson,2019-11-10
ACC-05062,Charles Miller,Alpha Engineering,Business,Corporate,Agriculture,Canterbury,Free,49,77.05,Unassigned,2020-04-26
ACC-05063,Patricia Davis,Unknown,Residential,Corporate,Unknown,Manawatu-Whanganui,Basic,9,114.56,Unassigned,2019-11-06
ACC-05065,Barbara Garcia,Pioneer Industries,Business,Corporate,Hospitality,Canterbury,Premium,18,83.49,Unassigned,2019-04-06
ACC-05067,Michael Smith,Kiwi Legal,Business,Corporate,Transport & Logistics,Canterbury,Basic,37,79.53,Unassigned,2020-07-03
ACC-05068,David Martin,Unknown,Residential,Small Business,Unknown,Wellington,Basic,14,0.0,Unassigned,2023-02-11
ACC-05069,Charles Anderson,Unknown,Residential,Individual,Unknown,Canterbury,Basic,8,0.0,Unassigned,2022-05-07
ACC-05071,Barbara Martin,Ridge Dental,Business,Small Business,Transport & Logistics,Auckland,Basic,2,0.0,Unassigned,2019-03-08
ACC-05073,David Thomas,Highland Enterprises,Business,Corporate,Professional Services,Canterbury,Premium,20,212.17,Mike Patterson,2023-02-08
ACC-05074,Thomas Garcia,Peak Plumbing,Business,Small Business,Education,Canterbury,Enterprise,40,617.47,Lisa Hartley,2023-09-28
ACC-05075,Jessica Lopez,Summit Electrical,Business,Individual,Professional Services,Auckland,Enterprise,7,0.0,Unassigned,2018-06-12
ACC-05076,Patricia Miller,Ridge Partners,Business,Small Business,Hospitality,Auckland,Basic,5,61.02,Unassigned,2019-05-28
ACC-05077,Michael Garcia,Ridge Logistics,Business,Small Business,Construction,Auckland,Enterprise,18,850.38,Mike Patterson,2020-12-25
ACC-05079,Richard Martinez,Unknown,Residential,Small Business,Unknown,Canterbury,Basic,41,50.64,Unassigned,2021-11-06
ACC-05081,Richard Jones,Pioneer Systems,Business,Corporate,Hospitality,Bay of Plenty,Free,54,0.0,Unassigned,2023-12-12
ACC-05083,Barbara Martin,Unknown,Residential,Corporate,Unknown,Wellington,Premium,2,141.95,Unassigned,2022-03-01
ACC-05084,James Davis,Alpha Electrical,Business,Corporate,Trades,Northland,Enterprise,33,514.68,Sarah Chen,2019-08-28
ACC-05086,Patricia Garcia,Valley Medical,Business,Small Business,Trades,Canterbury,Premium,50,198.86,Unassigned,2019-01-22
ACC-05087,Robert Taylor,Frontier Solutions,Business,Small Business,Transport & Logistics,Otago,Premium,49,305.87,Rob Thompson,2022-11-23
ACC-05090,Jennifer Miller,Apex Dental,Business,Small Business,Professional Services,Bay of Plenty,Enterprise,19,723.18,Lisa Hartley,2021-04-15
ACC-05093,Elizabeth Anderson,Harbour Solutions,Business,Individual,Trades,Canterbury,Basic,31,117.38,Unassigned,2023-07-08
ACC-05095,Charles Brown,Northern Solutions,Business,Small Business,Trades,Northland,Free,22,0.0,Unassigned,2023-11-15
ACC-05096,Jessica Rodriguez,Northern Consulting,Business,Small Business,Agriculture,Hawke's Bay,Enterprise,15,529.99,Sarah Chen,2019-06-03
ACC-05097,Elizabeth Rodriguez,Ridge Construction,Business,Small Business,Professional Services,Waikato,Free,16,0.0,Unassigned,2020-05-19
ACC-05099,James Hernandez,Sterling Services,Business,Corporate,Manufacturing,Auckland,Free,26,0.0,Unassigned,2022-10-18
ACC-05100,Mary Smith,Highland Holdings,Business,Corporate,Professional Services,Auckland,Enterprise,28,331.3,Rob Thompson,2021-10-25
ACC-05101,Joseph Thomas,Central Transport,Business,Corporate,Retail,Canterbury,Free,8,0.0,Unassigned,2023-06-12
ACC-05102,William Rodriguez,Unknown,Residential,Individual,Unknown,Canterbury,Premium,16,132.27,Rob Thompson,2021-08-03
ACC-05104,James Rodriguez,Unknown,Residential,Individual,Unknown,Auckland,Basic,22,47.36,Unassigned,2022-05-27
ACC-05105,Barbara Jones,Central Plumbing,Business,Corporate,Property Management,Auckland,Basic,1,103.29,Unassigned,2022-10-05
ACC-05108,John Davis,Peak Logistics,Business,Corporate,Healthcare,Wellington,Free,44,0.0,Unassigned,2019-07-05
ACC-05109,David Smith,Kiwi Enterprises,Business,Small Business,Hospitality,Manawatu-Whanganui,Enterprise,1,707.69,Sarah Chen,2023-08-24
ACC-05110,Charles Johnson,Unknown,Residential,Small Business,Unknown,Canterbury,Free,54,32.01,Unassigned,2021-12-27
ACC-05111,Linda Jones,Unknown,Residential,Individual,Unknown,Auckland,Basic,6,159.6,Lisa Hartley,2022-07-01
ACC-05112,David Garcia,Unknown,Residential,Small Business,Unknown,Canterbury,Premium,13,337.08,Mike Patterson,2020-01-08
ACC-05113,William Moore,Unknown,Residential,Individual,Unknown,Auckland,Enterprise,24,330.27,Sarah Chen,2023-02-21
ACC-05114,Karen Martin,Unknown,Residential,Small Business,Unknown,Hawke's Bay,Free,15,0.0,Unassigned,2022-08-10
ACC-05116,Charles Gonzalez,Island Systems,Business,Corporate,Transport & Logistics,Auckland,Basic,38,71.28,Unassigned,2022-06-25
ACC-05117,Mary Thomas,Ridge Enterprises,Business,Corporate,Trades,Nelson-Marlborough,Free,20,0.0,Unassigned,2021-03-25
ACC-05118,David Williams,Summit Services,Business,Corporate,Trades,Canterbury,Basic,5,189.72,Unassigned,2021-09-02
ACC-05119,Robert Taylor,Unknown,Residential,Individual,Unknown,Canterbury,Enterprise,51,279.46,Sarah Chen,2021-04-11
ACC-05120,Patricia Martinez,Kiwi Services,Business,Corporate,Construction,Hawke's Bay,Free,24,0.0,Unassigned,2023-06-21
ACC-05121,Jennifer Davis,Harbour Services,Business,Corporate,Professional Services,Canterbury,Premium,20,316.7,Mike Patterson,2023-02-15
ACC-05122,David Thomas,Gateway Enterprises,Business,Individual,Hospitality,Canterbury,Basic,1,153.21,Unassigned,2022-04-09
ACC-05124,Thomas Rodriguez,Unknown,Residential,Individual,Unknown,Canterbury,Premium,12,134.49,Unassigned,2023-03-23
ACC-05125,David Lopez,Central Plumbing,Business,Corporate,Trades,Manawatu-Whanganui,Free,8,12.94,Unassigned,2018-01-03
ACC-05126,Susan Jackson,Pioneer Tech,Business,Small Business,Professional Services,Canterbury,Enterprise,11,789.07,Rob Thompson,2020-12-28
ACC-05127,Elizabeth Miller,Ridge Group,Business,Corporate,Professional Services,Otago,Enterprise,32,464.16,Mike Patterson,2020-06-30
ACC-05128,Mary Taylor,Coastal Partners,Business,Corporate,Professional Services,Canterbury,Premium,38,233.19,Rob Thompson,2021-05-16
ACC-05129,Richard Davis,Alpha Consulting,Business,Corporate,Trades,Waikato,Free,31,0.0,Unassigned,2018-09-06
ACC-05130,Elizabeth Hernandez,Southern Partners,Business,Individual,Trades,Waikato,Basic,5,0.0,Unassigned,2019-12-14
ACC-05131,Robert Thomas,Unknown,Residential,Individual,Unknown,Canterbury,Enterprise,19,344.89,Sarah Chen,2022-06-06
ACC-05135,Barbara Jackson,Northern Group,Business,Corporate,Professional Services,Canterbury,Enterprise,14,505.61,Sarah Chen,2019-08-23
ACC-05137,Jennifer Miller,Summit Ltd,Business,Corporate,Construction,Canterbury,Free,34,0.0,Unassigned,2023-09-27
ACC-05139,Elizabeth Martin,Kiwi Services,Business,Corporate,Transport & Logistics,Southland,Basic,4,0.0,Unassigned,2023-03-17
ACC-05140,Elizabeth Thomas,Unknown,Residential,Individual,Unknown,Wellington,Premium,9,0.0,Unassigned,2022-06-30
ACC-05141,James Hernandez,Unknown,Residential,Individual,Unknown,Auckland,Free,36,0.0,Unassigned,2020-08-13
ACC-05142,Robert Thomas,Northern Group,Business,Small Business,Healthcare,Waikato,Premium,50,190.3,Unassigned,2021-02-27
ACC-05143,Elizabeth Davis,Alpha Industries,Business,Small Business,Construction,Canterbury,Free,32,0.0,Unassigned,2023-03-12
ACC-05144,David Smith,Unknown,Residential,Corporate,Unknown,Auckland,Basic,5,0.0,Unassigned,2020-01-29
ACC-05146,John Davis,Kiwi Medical,Business,Individual,Transport & Logistics,Wellington,Enterprise,15,61.53,Unassigned,2021-10-03
ACC-05147,Joseph Taylor,Southern Industries,Business,Small Business,Hospitality,Auckland,Free,9,0.0,Unassigned,2019-01-25
ACC-05148,Charles Gonzalez,Alpha Dental,Business,Corporate,Manufacturing,Canterbury,Basic,1,48.21,Unassigned,2020-11-26
ACC-05149,Charles Gonzalez,Northern Holdings,Business,Individual,Trades,Auckland,Basic,47,69.65,Unassigned,2022-04-21
ACC-05153,Jennifer Jackson,Unknown,Residential,Corporate,Unknown,Otago,Basic,55,46.47,Unassigned,2022-06-10
ACC-05154,John Jackson,Unknown,Residential,Individual,Unknown,Auckland,Free,5,0.0,Unassigned,2020-04-01
ACC-05155,John Wilson,Highland Medical,Business,Small Business,Construction,Auckland,Basic,1,113.94,Unassigned,2019-06-25
ACC-05156,Sarah Brown,Central Engineering,Business,Individual,Professional Services,Canterbury,Basic,29,77.19,Unassigned,2023-01-12
ACC-05158,Karen Thomas,Highland Legal,Business,Corporate,Education,Bay of Plenty,Basic,34,450.21,Sarah Chen,2019-11-24
ACC-05161,Barbara Miller,Unknown,Residential,Corporate,Unknown,Canterbury,Enterprise,1,379.0,Sarah Chen,2021-06-13
ACC-05164,Thomas Williams,Unknown,Residential,Individual,Unknown,Auckland,Premium,20,104.59,Unassigned,2022-03-17
ACC-05166,Robert Jackson,Harbour Systems,Business,Corporate,Transport & Logistics,Auckland,Free,32,0.0,Unassigned,2019-01-21
ACC-05167,Linda Davis,Alpha Medical,Business,Corporate,Trades,Auckland,Free,13,0.0,Unassigned,2020-01-11
ACC-05169,Linda Thomas,Ridge Legal,Business,Corporate,Retail,Canterbury,Enterprise,56,520.9,Mike Patterson,2023-05-04
ACC-05170,David Thomas,Frontier Dental,Business,Individual,Professional Services,Northland,Enterprise,9,610.57,Rob Thompson,2022-11-01
ACC-05171,Robert Martinez,Coastal Group,Business,Small Business,Trades,Wellington,Premium,36,266.76,Rob Thompson,2020-09-01
ACC-05172,Sarah Taylor,Metro Tech,Business,Small Business,Professional Services,Manawatu-Whanganui,Enterprise,21,514.95,Mike Patterson,2020-06-23
ACC-05176,Jennifer Thomas,Harbour Logistics,Business,Corporate,Education,Auckland,Enterprise,33,566.93,Sarah Chen,2022-08-20
ACC-05177,Elizabeth Rodriguez,Valley Transport,Business,Corporate,Healthcare,Wellington,Basic,1,94.98,Unassigned,2019-02-19
ACC-05178,William Taylor,Harbour Industries,Business,Small Business,Trades,Auckland,Enterprise,9,486.01,Sarah Chen,2019-06-20
ACC-05179,William Smith,Metro Medical,Business,Corporate,Construction,Canterbury,Free,13,0.0,Unassigned,2022-01-12
ACC-05180,Patricia Anderson,Unknown,Residential,Individual,Unknown,Waikato,Basic,51,320.78,Rob Thompson,2019-10-29
ACC-05181,Jennifer Williams,Southern Holdings,Business,Corporate,Professional Services,Waikato,Basic,55,95.21,Unassigned,2021-05-18
ACC-05182,Linda Jackson,Unknown,Residential,Corporate,Unknown,Wellington,Free,44,0.0,Unassigned,2019-07-15
ACC-05184,Charles Jones,Valley Plumbing,Business,Corporate,Agriculture,Auckland,Enterprise,25,265.57,Lisa Hartley,2022-11-17
ACC-05185,Barbara Thomas,Peak Holdings,Business,Individual,Construction,Canterbury,Basic,1,93.77,Unassigned,2021-05-12
ACC-05186,Michael Martin,Unknown,Residential,Corporate,Unknown,Canterbury,Basic,7,46.44,Unassigned,2020-12-23
ACC-05187,Joseph Jones,Valley Group,Business,Small Business,Construction,Canterbury,Enterprise,31,18.84,Unassigned,2018-03-23
ACC-05189,Barbara Moore,Unknown,Residential,Individual,Unknown,Auckland,Free,15,0.0,Unassigned,2019-02-26
ACC-05191,James Hernandez,Frontier Group,Business,Individual,Retail,Canterbury,Premium,13,251.59,Rob Thompson,2018-01-18
ACC-05192,Charles Gonzalez,Unknown,Residential,Corporate,Unknown,Waikato,Basic,14,56.08,Unassigned,2018-07-30
ACC-05193,Joseph Miller,Harbour Electrical,Business,Small Business,Construction,Manawatu-Whanganui,Basic,51,60.81,Unassigned,2019-03-30
ACC-05194,Michael Davis,Unknown,Residential,Small Business,Unknown,Wellington,Enterprise,3,430.35,Mike Patterson,2023-03-01
ACC-05195,John Jackson,Unknown,Residential,Individual,Unknown,Auckland,Enterprise,12,379.11,Mike Patterson,2021-01-16
ACC-05196,Jessica Wilson,Metro Group,Business,Corporate,Education,Northland,Enterprise,2,653.42,Mike Patterson,2020-01-03
ACC-05197,Barbara Brown,Summit Logistics,Business,Corporate,Trades,Otago,Basic,1,271.75,Rob Thompson,2021-05-24
ACC-05198,Sarah Jones,Northern Services,Business,Corporate,Healthcare,Auckland,Basic,40,110.55,Unassigned,2019-11-12
ACC-05199,David Williams,Kiwi Logistics,Business,Corporate,Hospitality,Bay of Plenty,Enterprise,38,0.0,Unassigned,2020-04-16
ACC-05200,Robert Williams,Unknown,Residential,Individual,Unknown,Northland,Premium,33,115.19,Lisa Hartley,2022-08-05
ACC-05202,Charles Hernandez,Southern Logistics,Business,Corporate,Construction,Auckland,Basic,4,0.0,Unassigned,2018-04-08
ACC-05204,David Williams,Summit Industries,Business,Small Business,Manufacturing,Wellington,Premium,8,183.1,Unassigned,2019-02-09
ACC-05205,Jessica Jones,Southern Enterprises,Business,Corporate,Agriculture,Auckland,Basic,4,612.97,Lisa Hartley,2020-04-24
ACC-05207,James Wilson,Harbour Logistics,Residential,Corporate,Unknown,Auckland,Free,28,0.0,Unassigned,2023-05-04
ACC-05209,Elizabeth Brown,Unknown,Residential,Individual,Unknown,Bay of Plenty,Enterprise,20,55.96,Unassigned,2023-10-24
ACC-05211,Charles Thomas,Unknown,Residential,Individual,Unknown,Hawke's Bay,Basic,42,0.0,Unassigned,2019-12-11
ACC-05213,Elizabeth Jackson,Unknown,Residential,Individual,Unknown,Auckland,Free,13,0.0,Unassigned,2018-05-22
ACC-05214,David Johnson,Southern Logistics,Business,Small Business,Construction,Auckland,Enterprise,59,766.01,Mike Patterson,2019-09-16
ACC-05215,Patricia Rodriguez,Unknown,Residential,Small Business,Unknown,Canterbury,Basic,27,40.42,Unassigned,2019-08-20
ACC-05216,David Davis,Highland Legal,Business,Small Business,Education,Taranaki,Enterprise,25,0.0,Unassigned,2022-02-02
ACC-05217,Barbara Johnson,Unknown,Residential,Corporate,Unknown,Otago,Enterprise,12,0.0,Unassigned,2020-09-21
ACC-05218,Charles Smith,Unknown,Residential,Corporate,Unknown,Waikato,Basic,39,312.9,Rob Thompson,2021-10-31
ACC-05219,Jessica Williams,Coastal Systems,Business,Corporate,Retail,Auckland,Enterprise,21,619.59,Rob Thompson,2023-04-18
ACC-05220,Michael Jackson,Southern Solutions,Business,Corporate,Transport & Logistics,Wellington,Basic,15,58.74,Unassigned,2023-12-08
ACC-05221,Charles Taylor,Unknown,Residential,Individual,Unknown,Otago,Basic,39,55.82,Unassigned,2019-07-27
ACC-05223,William Moore,Unknown,Residential,Small Business,Unknown,Bay of Plenty,Free,58,0.0,Unassigned,2021-11-20
ACC-05224,James Johnson,Unknown,Residential,Individual,Unknown,Canterbury,Enterprise,4,133.62,Unassigned,2020-10-08
ACC-05225,Michael Brown,Southern Transport,Business,Small Business,Healthcare,Auckland,Basic,45,69.04,Unassigned,2021-03-14
ACC-05226,Richard Taylor,Frontier Medical,Business,Individual,Trades,Otago,Basic,39,79.32,Unassigned,2022-05-08
ACC-05228,James Miller,Pioneer Holdings,Business,Individual,Professional Services,Canterbury,Enterprise,2,737.22,Sarah Chen,2018-03-18
ACC-05230,Karen Jackson,Gateway Transport,Business,Small Business,Trades,Waikato,Basic,7,95.71,Unassigned,2018-11-30
ACC-05231,Mary Jackson,Unknown,Residential,Individual,Unknown,Canterbury,Enterprise,52,375.07,Lisa Hartley,2019-04-18
ACC-05232,Michael Jones,Coastal Transport,Business,Small Business,Professional Services,Otago,Premium,2,305.45,Lisa Hartley,2023-02-14
ACC-05233,Thomas Williams,Southern Legal,Business,Corporate,Professional Services,Auckland,Premium,32,237.74,Lisa Hartley,2019-11-15
ACC-05235,William Garcia,Unknown,Residential,Individual,Unknown,Auckland,Premium,29,155.52,Unassigned,2019-11-07
ACC-05237,Linda Williams,Unknown,Residential,Individual,Unknown,Canterbury,Free,26,0.0,Unassigned,2020-07-04
ACC-05241,David Miller,Metro Services,Business,Individual,Construction,Waikato,Enterprise,8,0.0,Unassigned,2023-07-23
ACC-05243,Thomas Jones,Apex Partners,Business,Small Business,Healthcare,Otago,Free,47,0.0,Unassigned,2018-02-08
ACC-05244,Barbara Jackson,Northern Industries,Business,Corporate,Professional Services,Canterbury,Basic,2,612.88,Sarah Chen,2018-12-18
ACC-05246,Sarah Taylor,Summit Plumbing,Business,Corporate,Trades,Canterbury,Premium,35,185.73,Unassigned,2019-10-20
ACC-05247,Barbara Davis,Pioneer Services,Business,Individual,Transport & Logistics,Wellington,Premium,5,864.29,Mike Patterson,2020-02-05
ACC-05248,Patricia Martin,Valley Services,Business,Corporate,Agriculture,Canterbury,Enterprise,4,553.63,Rob Thompson,2020-09-17
ACC-05249,Patricia Davis,Pioneer Electrical,Business,Corporate,Professional Services,Canterbury,Premium,41,326.6,Sarah Chen,2023-10-01
ACC-05251,David Lopez,Coastal Dental,Business,Corporate,Healthcare,Otago,Enterprise,52,520.65,Mike Patterson,2018-05-02
ACC-05252,Barbara Brown,Ridge Services,Business,Corporate,Professional Services,Wellington,Free,52,0.0,Unassigned,2022-03-10
ACC-05253,James Garcia,Valley Enterprises,Business,Corporate,Professional Services,Hawke's Bay,Basic,8,70.64,Unassigned,2022-12-02
ACC-05255,Charles Brown,Unknown,Residential,Small Business,Unknown,Canterbury,Free,4,123.08,Unassigned,2021-11-01
ACC-05256,James Moore,Unknown,Residential,Individual,Unknown,Auckland,Premium,10,149.8,Unassigned,2020-06-20
ACC-05257,Linda Hernandez,Summit Consulting,Business,Corporate,Education,Canterbury,Basic,54,92.8,Unassigned,2019-10-13
ACC-05258,Elizabeth Davis,Northern Ltd,Business,Corporate,Construction,Auckland,Enterprise,19,681.9,Rob Thompson,2022-10-08
ACC-05259,Richard Williams,Unknown,Residential,Individual,Unknown,Otago,Free,45,0.0,Unassigned,2022-03-17
ACC-05260,Barbara Garcia,Unknown,Residential,Corporate,Unknown,Auckland,Free,1,0.0,Unassigned,2022-06-05
ACC-05261,Jennifer Thomas,Metro Logistics,Business,Small Business,Retail,Waikato,Enterprise,4,660.9,Sarah Chen,2020-09-11
ACC-05262,Charles Davis,Pioneer Engineering,Business,Corporate,Professional Services,Bay of Plenty,Basic,23,208.8,Mike Patterson,2023-07-05
ACC-05265,Charles Smith,Valley Construction,Business,Individual,Healthcare,Wellington,Basic,1,196.97,Mike Patterson,2023-05-14
ACC-05266,John Martin,Metro Electrical,Business,Small Business,Professional Services,Canterbury,Enterprise,31,180.65,Mike Patterson,2022-08-22
ACC-05267,Patricia Rodriguez,Unknown,Residential,Individual,Unknown,Canterbury,Enterprise,20,307.83,Mike Patterson,2020-11-27
ACC-05269,Barbara Brown,Central Medical,Business,Small Business,Trades,Canterbury,Basic,2,68.48,Unassigned,2022-09-23
ACC-05270,Jessica Garcia,Alpha Legal,Business,Corporate,Healthcare,Waikato,Enterprise,27,749.57,Lisa Hartley,2019-09-19
ACC-05272,David Jones,Pioneer Services,Business,Small Business,Construction,Auckland,Free,17,15.34,Unassigned,2023-03-08
ACC-05274,Barbara Rodriguez,Unknown,Residential,Individual,Unknown,Nelson-Marlborough,Enterprise,9,322.76,Lisa Hartley,2020-06-27
ACC-05279,Barbara Garcia,Unknown,Residential,Individual,Unknown,Auckland,Enterprise,33,37.05,Unassigned,2022-10-31
ACC-05280,Elizabeth Martinez,Summit Enterprises,Business,Corporate,Construction,Otago,Enterprise,10,488.53,Sarah Chen,2019-05-16
ACC-05281,Mary Garcia,Southern Dental,Business,Individual,Healthcare,Canterbury,Free,10,70.62,Unassigned,2018-03-05
ACC-05284,Elizabeth Martin,Unknown,Residential,Corporate,Unknown,Canterbury,Enterprise,23,348.33,Lisa Hartley,2018-11-11
ACC-05285,Mary Thomas,Unknown,Residential,Corporate,Unknown,Canterbury,Enterprise,45,391.01,Lisa Hartley,2022-12-27
ACC-05286,Joseph Thomas,Unknown,Residential,Individual,Unknown,Hawke's Bay,Premium,57,122.32,Unassigned,2022-12-31
ACC-05287,Barbara Williams,Sterling Systems,Business,Individual,Professional Services,Canterbury,Free,10,632.02,Mike Patterson,2021-07-15
ACC-05288,Elizabeth Hernandez,Pioneer Partners,Business,Small Business,Agriculture,Waikato,Free,2,0.0,Unassigned,2021-05-02
ACC-05289,Jennifer Hernandez,Gateway Industries,Business,Small Business,Manufacturing,Canterbury,Free,13,0.0,Unassigned,2021-09-20
ACC-05290,David Miller,Alpha Ltd,Business,Individual,Construction,Nelson-Marlborough,Free,7,797.55,Mike Patterson,2023-12-01
ACC-05291,Michael Smith,Coastal Legal,Business,Small Business,Retail,Auckland,Basic,36,65.73,Unassigned,2023-09-04
ACC-05292,James Garcia,Gateway Services,Business,Small Business,Trades,Otago,Basic,34,97.8,Unassigned,2021-09-05
ACC-05295,Charles Williams,Unknown,Residential,Corporate,Unknown,Manawatu-Whanganui,Premium,3,148.7,Unassigned,2019-12-17
ACC-05296,Joseph Lopez,Harbour Ltd,Business,Corporate,Retail,Waikato,Free,12,19.04,Unassigned,2021-04-28
ACC-05297,Joseph Anderson,Sterling Industries,Business,Individual,Education,Canterbury,Enterprise,11,578.21,Sarah Chen,2022-02-04
ACC-05298,Barbara Gonzalez,Unknown,Residential,Individual,Unknown,Canterbury,Enterprise,14,349.11,Mike Patterson,2021-12-18
ACC-05301,Sarah Wilson,Unknown,Residential,Small Business,Unknown,Northland,Free,2,146.21,Sarah Chen,2022-03-14
ACC-05302,John Smith,Unknown,Residential,Individual,Unknown,Canterbury,Free,41,22.12,Unassigned,2020-01-17
ACC-05303,Barbara Thomas,Highland Industries,Business,Corporate,Construction,Auckland,Basic,9,90.43,Unassigned,2023-07-15
ACC-05304,David Rodriguez,Gateway Logistics,Business,Corporate,Construction,Auckland,Enterprise,19,777.13,Mike Patterson,2018-06-16
ACC-05305,Barbara Miller,Pacific Logistics,Business,Corporate,Professional Services,Auckland,Enterprise,20,674.82,Mike Patterson,2022-12-23
ACC-05306,Charles Brown,Peak Consulting,Business,Corporate,Agriculture,Canterbury,Basic,31,668.09,Mike Patterson,2021-06-01
ACC-05309,Charles Brown,Unknown,Residential,Individual,Unknown,Taranaki,Free,6,0.0,Unassigned,2018-01-07
ACC-05310,Jessica Miller,Gateway Partners,Business,Corporate,Healthcare,Bay of Plenty,Basic,6,0.0,Unassigned,2023-02-12
ACC-05311,Karen Garcia,Peak Engineering,Business,Corporate,Retail,Wellington,Free,14,215.91,Sarah Chen,2018-01-01
ACC-05312,Barbara Jackson,Pacific Enterprises,Business,Corporate,Trades,Auckland,Basic,48,91.04,Unassigned,2020-03-07
ACC-05313,Susan Jackson,Unknown,Residential,Individual,Unknown,Otago,Basic,8,36.8,Unassigned,2019-05-13
ACC-05314,David Martin,Central Plumbing,Business,Corporate,Hospitality,Canterbury,Enterprise,14,88.26,Unassigned,2023-01-18
ACC-05316,Charles Garcia,Unknown,Residential,Individual,Unknown,Taranaki,Enterprise,8,395.08,Lisa Hartley,2023-05-21
ACC-05318,James Moore,Peak Construction,Business,Corporate,Property Management,Bay of Plenty,Premium,4,161.46,Unassigned,2020-11-01
ACC-05319,Richard Johnson,Unknown,Residential,Individual,Unknown,Canterbury,Enterprise,27,253.37,Rob Thompson,2022-01-14
ACC-05320,Charles Brown,Unknown,Residential,Individual,Unknown,Wellington,Premium,40,130.87,Unassigned,2018-05-26
ACC-05321,Michael Jones,Unknown,Residential,Corporate,Unknown,Auckland,Enterprise,11,385.65,Sarah Chen,2023-02-06
ACC-05324,Patricia Martinez,Southern Engineering,Business,Individual,Manufacturing,Waikato,Basic,13,71.8,Unassigned,2021-02-14
ACC-05325,Robert Martinez,Unknown,Residential,Small Business,Unknown,Canterbury,Premium,58,133.47,Rob Thompson,2018-03-08
ACC-05326,Joseph Garcia,Coastal Holdings,Business,Individual,Retail,Auckland,Enterprise,3,522.8,Mike Patterson,2023-05-14
ACC-05328,Elizabeth Moore,Unknown,Residential,Corporate,Unknown,Auckland,Free,29,0.0,Unassigned,2019-10-27
ACC-05329,Susan Miller,Unknown,Residential,Individual,Unknown,Waikato,Basic,39,44.67,Unassigned,2022-05-15
ACC-05330,David Wilson,Pacific Tech,Business,Individual,Professional Services,Auckland,Basic,29,101.58,Unassigned,2022-12-04
ACC-05331,Jessica Rodriguez,Pacific Tech,Business,Individual,Transport & Logistics,Canterbury,Enterprise,42,468.93,Sarah Chen,2018-10-27
ACC-05332,Charles Jackson,Unknown,Residential,Individual,Unknown,Wellington,Free,12,0.0,Unassigned,2019-07-31
ACC-05335,Michael Thomas,Metro Electrical,Business,Corporate,Construction,Auckland,Basic,51,468.22,Sarah Chen,2022-09-24
ACC-05336,Barbara Martinez,Highland Construction,Business,Corporate,Construction,Hawke's Bay,Basic,6,0.0,Unassigned,2019-10-22
ACC-05337,Barbara Garcia,Ridge Logistics,Business,Corporate,Manufacturing,Hawke's Bay,Basic,19,102.24,Unassigned,2020-04-15
ACC-05338,William Moore,Unknown,Residential,Individual,Unknown,Waikato,Basic,35,55.89,Unassigned,2020-06-09
ACC-05339,Barbara Gonzalez,Peak Transport,Business,Corporate,Construction,Waikato,Premium,8,219.37,Rob Thompson,2023-05-15
ACC-05342,Michael Lopez,Harbour Transport,Business,Corporate,Hospitality,Auckland,Enterprise,8,93.75,Unassigned,2022-07-14
ACC-05345,Jessica Thomas,Unknown,Residential,Corporate,Unknown,Canterbury,Premium,17,143.63,Lisa Hartley,2023-02-17
ACC-05346,Joseph Taylor,Valley Transport,Business,Small Business,Manufacturing,Auckland,Basic,27,64.7,Unassigned,2022-02-27
ACC-05349,Jennifer Taylor,Coastal Services,Business,Small Business,Professional Services,Wellington,Basic,22,72.7,Unassigned,2023-11-09
ACC-05350,Joseph Smith,Unknown,Residential,Small Business,Unknown,Wellington,Premium,9,111.6,Unassigned,2022-07-04
ACC-05351,David Williams,Northern Services,Business,Small Business,Trades,Bay of Plenty,Free,3,0.0,Unassigned,2019-11-02
ACC-05352,Barbara Martin,Highland Services,Business,Corporate,Construction,Otago,Free,8,83.46,Unassigned,2018-08-09
ACC-05353,Karen Wilson,Harbour Enterprises,Business,Corporate,Trades,Otago,Enterprise,32,385.91,Sarah Chen,2023-08-17
ACC-05354,Richard Miller,Pioneer Systems,Business,Individual,Trades,Canterbury,Basic,11,103.11,Mike Patterson,2022-10-01
ACC-05357,Jessica Martin,Northern Partners,Business,Corporate,Hospitality,Auckland,Basic,22,212.94,Lisa Hartley,2022-11-14
ACC-05358,Elizabeth Anderson,Gateway Tech,Business,Small Business,Transport & Logistics,Bay of Plenty,Basic,54,86.27,Unassigned,2018-07-23
ACC-05359,Elizabeth Martinez,Island Medical,Business,Corporate,Trades,Canterbury,Enterprise,5,63.08,Unassigned,2019-03-01
ACC-05361,Linda Martinez,Ridge Engineering,Business,Corporate,Healthcare,Auckland,Free,45,0.0,Unassigned,2019-03-21
ACC-05364,Michael Johnson,Apex Transport,Business,Corporate,Construction,Bay of Plenty,Premium,33,237.39,Sarah Chen,2023-09-28
ACC-05365,Jennifer Davis,Highland Consulting,Business,Corporate,Trades,Waikato,Basic,22,91.38,Unassigned,2019-05-01
ACC-05366,Charles Brown,Coastal Tech,Business,Individual,Trades,Canterbury,Premium,26,0.0,Unassigned,2023-11-06
ACC-05367,Richard Rodriguez,Highland Legal,Business,Corporate,Construction,Canterbury,Basic,3,115.52,Unassigned,2019-01-01
ACC-05369,Jennifer Brown,Alpha Plumbing,Residential,Individual,Unknown,Waikato,Basic,36,37.37,Unassigned,2018-09-14
ACC-05371,Karen Jackson,Unknown,Residential,Individual,Unknown,Wellington,Basic,24,388.12,Rob Thompson,2020-09-16
ACC-05373,Charles Anderson,Unknown,Residential,Individual,Unknown,Waikato,Basic,15,49.44,Unassigned,2022-11-11
ACC-05374,Joseph Thomas,Unknown,Residential,Corporate,Unknown,Auckland,Free,5,88.21,Unassigned,2019-11-08
ACC-05376,Joseph Jackson,Unknown,Residential,Individual,Unknown,Waikato,Premium,10,0.0,Unassigned,2022-12-25
ACC-05378,Linda Gonzalez,Unknown,Residential,Individual,Unknown,Hawke's Bay,Free,58,0.0,Unassigned,2020-10-21
ACC-05379,Linda Garcia,Northern Construction,Business,Individual,Healthcare,Auckland,Basic,2,81.91,Unassigned,2019-06-18
ACC-05380,Thomas Martin,Gateway Plumbing,Business,Corporate,Trades,Northland,Premium,25,250.47,Sarah Chen,2023-09-06
ACC-05381,James Davis,Summit Industries,Business,Small Business,Construction,Auckland,Premium,19,0.0,Unassigned,2021-10-14
ACC-05382,Sarah Garcia,Unknown,Residential,Individual,Unknown,Hawke's Bay,Premium,52,128.39,Unassigned,2023-04-24
ACC-05383,Sarah Anderson,Unknown,Residential,Individual,Unknown,Canterbury,Enterprise,54,378.21,Mike Patterson,2018-11-14
ACC-05384,Thomas Gonzalez,Pioneer Group,Business,Corporate,Construction,Northland,Premium,24,337.59,Lisa Hartley,2023-03-10
ACC-05386,Charles Jones,Unknown,Residential,Corporate,Unknown,Waikato,Basic,19,40.31,Unassigned,2019-08-26
ACC-05388,David Garcia,Valley Dental,Business,Corporate,Professional Services,Auckland,Premium,1,184.93,Unassigned,2020-02-24
ACC-05390,Jennifer Gonzalez,Highland Ltd,Business,Corporate,Retail,Waikato,Enterprise,19,65.03,Unassigned,2023-12-17
ACC-05392,John Miller,Island Group,Business,Corporate,Healthcare,Auckland,Basic,48,70.42,Unassigned,2021-07-14
ACC-05393,Jennifer Lopez,Highland Industries,Business,Corporate,Education,Auckland,Basic,9,0.0,Unassigned,2022-06-10
ACC-05394,Thomas Jones,Coastal Solutions,Business,Corporate,Professional Services,Canterbury,Basic,53,108.67,Unassigned,2023-06-24
ACC-05395,James Wilson,Pioneer Tech,Business,Corporate,Construction,Bay of Plenty,Basic,32,104.98,Unassigned,2019-07-01
ACC-05396,Charles Wilson,Summit Logistics,Business,Small Business,Professional Services,Wellington,Premium,6,325.39,Lisa Hartley,2021-12-15
ACC-05398,Barbara Gonzalez,Pioneer Consulting,Business,Small Business,Professional Services,Otago,Enterprise,25,0.0,Unassigned,2018-09-25
ACC-05400,James Rodriguez,Unknown,Residential,Corporate,Unknown,Auckland,Free,18,51.75,Unassigned,2022-07-01
ACC-05401,John Johnson,Northern Holdings,Business,Corporate,Transport & Logistics,Bay of Plenty,Premium,2,159.53,Unassigned,2018-10-13
ACC-05402,James Moore,Coastal Consulting,Business,Individual,Education,Canterbury,Enterprise,30,148.97,Unassigned,2020-08-18
ACC-05403,David Jackson,Ridge Dental,Business,Corporate,Trades,Wellington,Free,45,882.51,Rob Thompson,2019-12-11
ACC-05404,Jessica Hernandez,Pacific Construction,Business,Corporate,Professional Services,Canterbury,Free,16,0.0,Unassigned,2022-01-09
ACC-05406,Linda Smith,Unknown,Residential,Corporate,Unknown,Canterbury,Enterprise,49,438.06,Rob Thompson,2021-05-06
ACC-05407,Patricia Smith,Unknown,Residential,Small Business,Unknown,Wellington,Enterprise,60,328.81,Sarah Chen,2019-02-11
ACC-05408,James Anderson,Harbour Electrical,Business,Corporate,Construction,Waikato,Basic,2,102.59,Unassigned,2023-07-06
ACC-05409,David Lopez,Metro Services,Business,Corporate,Professional Services,Auckland,Free,14,173.19,Rob Thompson,2019-05-23
ACC-05411,Michael Wilson,Unknown,Residential,Small Business,Unknown,Canterbury,Free,5,0.0,Unassigned,2021-01-03
ACC-05413,Jessica Smith,Apex Consulting,Business,Corporate,Education,Waikato,Enterprise,37,655.63,Rob Thompson,2020-05-27
ACC-05414,Robert Lopez,Peak Industries,Business,Small Business,Healthcare,Manawatu-Whanganui,Basic,27,84.39,Unassigned,2019-03-11
ACC-05415,Jessica Miller,Unknown,Residential,Individual,Unknown,Canterbury,Basic,40,33.03,Unassigned,2020-01-06
ACC-05416,William Miller,Ridge Solutions,Business,Small Business,Healthcare,Otago,Premium,8,299.5,Mike Patterson,2018-03-12
ACC-05419,Barbara Johnson,Highland Construction,Business,Individual,Construction,Canterbury,Basic,23,92.6,Unassigned,2019-07-10
ACC-05421,Karen Martinez,Northern Consulting,Business,Corporate,Trades,Auckland,Basic,57,60.37,Unassigned,2023-06-04
ACC-05423,Barbara Moore,Unknown,Residential,Corporate,Unknown,Auckland,Basic,36,444.05,Sarah Chen,2018-07-31
ACC-05427,Karen Brown,Central Group,Business,Individual,Manufacturing,Bay of Plenty,Basic,26,820.73,Rob Thompson,2020-02-18
ACC-05429,David Miller,Pioneer Solutions,Business,Corporate,Retail,Auckland,Free,41,0.0,Unassigned,2019-06-08
ACC-05430,Linda Martinez,Frontier Enterprises,Business,Corporate,Professional Services,Canterbury,Basic,16,0.0,Unassigned,2018-10-10
ACC-05431,Jessica Rodriguez,Unknown,Residential,Individual,Unknown,Canterbury,Enterprise,7,270.21,Sarah Chen,2020-08-06
ACC-05432,Karen Miller,Unknown,Residential,Individual,Unknown,Canterbury,Enterprise,22,411.96,Sarah Chen,2020-05-27
ACC-05433,Elizabeth Jones,Unknown,Residential,Individual,Unknown,Nelson-Marlborough,Premium,4,124.37,Unassigned,2019-06-26
ACC-05434,Elizabeth Anderson,Alpha Engineering,Business,Small Business,Trades,Auckland,Free,50,0.0,Unassigned,2019-11-08
ACC-05436,David Gonzalez,Coastal Group,Business,Corporate,Healthcare,Bay of Plenty,Basic,52,179.54,Sarah Chen,2018-02-18
ACC-05438,Joseph Anderson,Island Logistics,Business,Small Business,Education,Canterbury,Basic,4,119.25,Lisa Hartley,2018-03-07
ACC-05440,Richard Martin,Southern Ltd,Business,Small Business,Construction,Bay of Plenty,Basic,1,205.37,Mike Patterson,2018-07-04
ACC-05441,John Thomas,Peak Partners,Business,Small Business,Education,Auckland,Enterprise,58,604.73,Rob Thompson,2019-10-26
ACC-05444,Barbara Miller,Kiwi Plumbing,Business,Corporate,Construction,Southland,Enterprise,43,846.16,Rob Thompson,2022-05-10
ACC-05448,Michael Wilson,Ridge Dental,Business,Corporate,Construction,Canterbury,Free,30,233.53,Mike Patterson,2020-08-03
ACC-05452,Linda Wilson,Pacific Ltd,Business,Small Business,Manufacturing,Canterbury,Basic,14,90.75,Unassigned,2022-05-18
ACC-05453,Elizabeth Miller,Metro Transport,Business,Corporate,Retail,Auckland,Basic,54,77.95,Unassigned,2022-07-01
ACC-05454,James Martinez,Pacific Consulting,Business,Corporate,Trades,Manawatu-Whanganui,Enterprise,7,0.0,Unassigned,2020-08-30
ACC-05455,Barbara Garcia,Frontier Consulting,Business,Corporate,Education,Otago,Free,30,0.0,Unassigned,2022-06-05
ACC-05458,Mary Wilson,Pacific Partners,Business,Small Business,Transport & Logistics,Otago,Free,9,0.0,Unassigned,2020-01-30
ACC-05459,Jennifer Brown,Unknown,Residential,Individual,Unknown,Taranaki,Free,1,96.49,Unassigned,2018-08-30
ACC-05460,Mary Davis,Unknown,Residential,Corporate,Unknown,Southland,Enterprise,26,372.14,Mike Patterson,2019-11-26
ACC-05461,Charles Davis,Frontier Consulting,Business,Small Business,Construction,Otago,Basic,3,66.07,Unassigned,2022-12-27
ACC-05464,Jessica Jones,Alpha Holdings,Business,Small Business,Construction,Waikato,Enterprise,34,619.02,Sarah Chen,2020-08-13
ACC-05465,James Lopez,Unknown,Residential,Individual,Unknown,Auckland,Enterprise,48,298.67,Mike Patterson,2020-03-25
ACC-05466,James Williams,Gateway Systems,Business,Corporate,Trades,Bay of Plenty,Enterprise,30,726.2,Lisa Hartley,2021-09-03
ACC-05467,Joseph Hernandez,Pioneer Tech,Business,Small Business,Trades,Canterbury,Enterprise,2,651.41,Sarah Chen,2020-06-29
ACC-05468,Jennifer Lopez,Ridge Construction,Business,Corporate,Trades,Otago,Basic,30,343.19,Mike Patterson,2020-05-21
ACC-05469,Jennifer Jones,Unknown,Residential,Individual,Unknown,Waikato,Free,1,98.12,Unassigned,2019-06-15
ACC-05471,Richard Brown,Alpha Dental,Residential,Individual,Unknown,Auckland,Basic,16,34.31,Unassigned,2023-07-23
ACC-05474,Charles Williams,Peak Solutions,Business,Corporate,Trades,Canterbury,Basic,20,96.48,Unassigned,2018-05-06
ACC-05476,James Moore,Unknown,Residential,Individual,Unknown,Bay of Plenty,Premium,2,114.36,Unassigned,2021-05-20
ACC-05478,James Taylor,Sterling Solutions,Business,Corporate,Healthcare,Wellington,Enterprise,24,761.54,Lisa Hartley,2022-05-14
ACC-05479,Barbara Garcia,Valley Legal,Business,Small Business,Trades,Taranaki,Free,15,0.0,Unassigned,2023-12-24
ACC-05480,David Martin,Unknown,Residential,Individual,Unknown,Wellington,Free,56,0.0,Unassigned,2020-07-15
ACC-05481,James Jones,Pioneer Services,Business,Corporate,Hospitality,Otago,Free,21,312.56,Mike Patterson,2018-09-24
ACC-05482,Jennifer Johnson,Unknown,Residential,Corporate,Unknown,Waikato,Basic,14,362.64,Mike Patterson,2023-05-06
ACC-05483,Elizabeth Lopez,Island Dental,Business,Corporate,Agriculture,Hawke's Bay,Enterprise,4,218.42,Rob Thompson,2018-12-24
ACC-05484,Robert Jackson,Unknown,Residential,Individual,Unknown,Wellington,Basic,58,51.98,Unassigned,2021-09-14
ACC-05485,David Johnson,Unknown,Residential,Corporate,Unknown,Canterbury,Premium,20,120.23,Unassigned,2022-09-17
ACC-05486,John Anderson,Valley Consulting,Business,Corporate,Professional Services,Canterbury,Enterprise,1,558.59,Lisa Hartley,2019-12-08
ACC-05489,Mary Wilson,Unknown,Residential,Corporate,Unknown,Waikato,Enterprise,21,388.31,Lisa Hartley,2021-07-12
ACC-05490,Charles Martinez,Gateway Tech,Business,Individual,Hospitality,Canterbury,Basic,3,299.2,Mike Patterson,2021-04-14
ACC-05493,Karen Gonzalez,Unknown,Residential,Corporate,Unknown,Wellington,Basic,29,136.99,Unassigned,2022-06-03
ACC-05498,Charles Wilson,Gateway Group,Business,Small Business,Professional Services,Auckland,Basic,5,102.49,Unassigned,2021-01-26
ACC-05499,Thomas Rodriguez,Sterling Industries,Business,Small Business,Trades,Wellington,Premium,18,276.24,Mike Patterson,2019-12-29
ACC-05504,Karen Thomas,Pacific Partners,Business,Corporate,Education,Auckland,Premium,49,282.94,Mike Patterson,2019-04-22
ACC-05506,James Johnson,Pacific Solutions,Business,Individual,Transport & Logistics,Canterbury,Premium,44,230.29,Lisa Hartley,2022-09-22
ACC-05508,Karen Martinez,Alpha Systems,Business,Small Business,Manufacturing,Canterbury,Basic,30,52.19,Unassigned,2019-05-10
ACC-05510,Jessica Martinez,Southern Holdings,Business,Small Business,Professional Services,Taranaki,Enterprise,60,744.01,Rob Thompson,2018-08-30
ACC-05512,William Smith,Unknown,Residential,Corporate,Unknown,Wellington,Basic,41,110.09,Unassigned,2019-10-19
ACC-05513,John Brown,Unknown,Residential,Corporate,Unknown,Hawke's Bay,Enterprise,1,0.0,Unassigned,2019-07-01
ACC-05514,Charles Smith,Unknown,Residential,Individual,Unknown,Waikato,Enterprise,10,0.0,Unassigned,2022-07-23
ACC-05516,James Davis,Metro Partners,Business,Individual,Retail,Canterbury,Basic,7,0.0,Unassigned,2018-06-30
ACC-05517,Charles Miller,Unknown,Residential,Corporate,Unknown,Wellington,Premium,1,0.0,Unassigned,2021-08-29
ACC-05518,Jessica Taylor,Unknown,Residential,Corporate,Unknown,Wellington,Basic,4,0.0,Unassigned,2021-12-26
ACC-05520,Robert Lopez,Harbour Consulting,Business,Corporate,Professional Services,Auckland,Enterprise,57,518.99,Mike Patterson,2022-10-09
ACC-05521,David Brown,Northern Group,Business,Corporate,Technology,Canterbury,Basic,1,108.12,Unassigned,2021-12-25
ACC-05522,Mary Johnson,Sterling Partners,Business,Small Business,Construction,Otago,Free,36,0.0,Unassigned,2019-09-13
ACC-05523,Jennifer Wilson,Unknown,Residential,Individual,Unknown,Wellington,Premium,2,93.37,Unassigned,2020-06-27
ACC-05524,Elizabeth Martinez,Gateway Engineering,Business,Small Business,Hospitality,Canterbury,Premium,5,170.76,Sarah Chen,2023-10-01
ACC-05528,Thomas Johnson,Ridge Consulting,Business,Small Business,Property Management,Otago,Basic,26,106.14,Unassigned,2019-02-02
ACC-05529,Linda Anderson,Metro Consulting,Business,Corporate,Trades,Otago,Premium,8,305.73,Mike Patterson,2020-07-14
ACC-05530,Robert Jackson,Unknown,Residential,Individual,Unknown,Hawke's Bay,Enterprise,6,311.23,Sarah Chen,2021-12-05
ACC-05533,Jennifer Martin,Kiwi Medical,Business,Small Business,Trades,Northland,Free,4,312.01,Sarah Chen,2018-09-12
ACC-05534,Michael Anderson,Pioneer Partners,Business,Individual,Healthcare,Otago,Premium,14,265.31,Rob Thompson,2019-04-14
ACC-05535,Jennifer Garcia,Unknown,Residential,Corporate,Unknown,Hawke's Bay,Premium,32,103.8,Unassigned,2021-03-18
ACC-05537,Karen Anderson,Highland Partners,Business,Individual,Construction,Canterbury,Enterprise,54,575.92,Sarah Chen,2022-10-15
ACC-05538,Charles Hernandez,Island Dental,Business,Corporate,Construction,Canterbury,Enterprise,25,459.97,Sarah Chen,2019-08-18
ACC-05540,Barbara Miller,Harbour Medical,Business,Individual,Technology,Canterbury,Basic,9,337.33,Lisa Hartley,2021-10-06
ACC-05542,Thomas Taylor,Unknown,Residential,Individual,Unknown,Otago,Basic,26,56.12,Unassigned,2020-07-27
ACC-05543,Charles Moore,Unknown,Residential,Individual,Unknown,Canterbury,Basic,5,305.95,Mike Patterson,2022-09-28
ACC-05544,James Moore,Unknown,Residential,Individual,Unknown,Canterbury,Free,47,105.31,Unassigned,2022-08-05
ACC-05545,Robert Taylor,Northern Plumbing,Business,Corporate,Hospitality,Otago,Enterprise,6,219.68,Rob Thompson,2018-01-25
ACC-05546,Joseph Jones,Pacific Industries,Business,Corporate,Transport & Logistics,Auckland,Free,13,159.39,Unassigned,2019-09-27
ACC-05547,Karen Moore,Unknown,Residential,Individual,Unknown,Wellington,Basic,27,53.31,Unassigned,2021-11-10
ACC-05550,James Taylor,Highland Legal,Business,Small Business,Manufacturing,Bay of Plenty,Basic,15,93.71,Unassigned,2020-04-11
ACC-05551,John Martin,Unknown,Residential,Individual,Unknown,Waikato,Enterprise,54,248.53,Rob Thompson,2022-10-11
ACC-05553,Sarah Jackson,Northern Legal,Business,Small Business,Professional Services,Canterbury,Free,12,182.7,Sarah Chen,2023-02-05
ACC-05554,David Lopez,Frontier Engineering,Business,Small Business,Trades,Canterbury,Premium,35,222.55,Mike Patterson,2023-05-07
ACC-05555,Elizabeth Williams,Frontier Medical,Business,Individual,Trades,Waikato,Free,4,0.0,Unassigned,2018-10-28
ACC-05556,Jessica Jones,Unknown,Residential,Individual,Unknown,Waikato,Premium,17,114.2,Unassigned,2019-03-26
ACC-05560,David Brown,Central Industries,Business,Corporate,Property Management,Canterbury,Basic,11,172.93,Unassigned,2019-09-07
ACC-05562,William Brown,Pacific Enterprises,Business,Small Business,Construction,Wellington,Enterprise,23,75.08,Unassigned,2023-09-03
ACC-05563,Susan Johnson,Unknown,Residential,Individual,Unknown,Auckland,Enterprise,40,315.88,Lisa Hartley,2020-11-16
ACC-05564,Joseph Martinez,Ridge Group,Business,Small Business,Manufacturing,Wellington,Enterprise,38,412.13,Mike Patterson,2021-06-17
ACC-05565,Barbara Lopez,Unknown,Residential,Corporate,Unknown,Wellington,Premium,7,112.94,Unassigned,2022-12-14
ACC-05568,Elizabeth Hernandez,Pioneer Construction,Business,Corporate,Manufacturing,Canterbury,Free,55,0.0,Unassigned,2020-05-17
ACC-05569,Jennifer Jones,Unknown,Residential,Individual,Unknown,Hawke's Bay,Free,17,22.92,Unassigned,2021-11-22
ACC-05570,Michael Wilson,Peak Medical,Business,Small Business,Trades,Hawke's Bay,Basic,3,202.33,Mike Patterson,2022-07-09
ACC-05571,Charles Wilson,Apex Dental,Business,Individual,Healthcare,Canterbury,Enterprise,12,496.73,Sarah Chen,2020-07-09
ACC-05572,Mary Jackson,Central Partners,Business,Corporate,Trades,Otago,Basic,9,676.87,Sarah Chen,2023-04-07
ACC-05573,Elizabeth Davis,Unknown,Residential,Corporate,Unknown,Canterbury,Enterprise,24,248.53,Sarah Chen,2020-09-25
ACC-05574,Joseph Taylor,Valley Tech,Business,Corporate,Construction,Otago,Enterprise,3,0.0,Unassigned,2019-11-10
ACC-05575,Linda Wilson,Island Group,Business,Corporate,Trades,Auckland,Free,17,0.0,Unassigned,2023-10-12
ACC-05577,William Thomas,Unknown,Residential,Individual,Unknown,Canterbury,Enterprise,4,410.66,Rob Thompson,2023-01-05
ACC-05578,Sarah Smith,Unknown,Residential,Corporate,Unknown,Auckland,Basic,40,131.76,Sarah Chen,2019-02-23
ACC-05579,David Anderson,Coastal Tech,Business,Small Business,Technology,Southland,Free,8,0.0,Unassigned,2018-05-26
ACC-05580,Robert Smith,Unknown,Residential,Individual,Unknown,Bay of Plenty,Free,51,0.0,Unassigned,2021-01-26
ACC-05582,Elizabeth Lopez,Highland Partners,Business,Corporate,Technology,Canterbury,Premium,9,143.1,Rob Thompson,2021-11-19
ACC-05583,David Davis,Unknown,Residential,Small Business,Unknown,Auckland,Basic,7,37.57,Unassigned,2018-10-16
ACC-05584,Richard Hernandez,Pioneer Consulting,Business,Small Business,Trades,Otago,Basic,55,97.17,Unassigned,2023-10-26
ACC-05585,John Gonzalez,Southern Services,Business,Small Business,Trades,Canterbury,Free,33,0.0,Unassigned,2022-07-14
ACC-05587,Joseph Rodriguez,Northern Industries,Business,Corporate,Hospitality,Otago,Enterprise,18,304.42,Lisa Hartley,2019-05-28
ACC-05588,Charles Brown,Unknown,Residential,Individual,Unknown,Canterbury,Enterprise,14,281.78,Lisa Hartley,2019-09-01
ACC-05589,Charles Garcia,Valley Holdings,Business,Corporate,Hospitality,Canterbury,Enterprise,6,78.67,Unassigned,2022-03-09
ACC-05592,Barbara Hernandez,Frontier Holdings,Business,Corporate,Healthcare,Manawatu-Whanganui,Free,7,289.58,Sarah Chen,2022-12-05
ACC-05594,John Garcia,Alpha Logistics,Business,Corporate,Trades,Auckland,Enterprise,49,0.0,Unassigned,2021-02-22
ACC-05596,Charles Jackson,Pioneer Group,Business,Corporate,Transport & Logistics,Wellington,Basic,2,0.0,Unassigned,2021-05-30
ACC-05598,Jessica Thomas,Unknown,Residential,Corporate,Unknown,Manawatu-Whanganui,Enterprise,20,128.16,Lisa Hartley,2020-03-24
ACC-05599,Linda Taylor,Kiwi Partners,Business,Small Business,Professional Services,Canterbury,Basic,26,78.25,Unassigned,2018-12-25
ACC-05600,David Martinez,Metro Electrical,Business,Small Business,Property Management,Wellington,Basic,14,96.12,Unassigned,2020-05-04
ACC-05601,James Davis,Unknown,Residential,Corporate,Unknown,Waikato,Basic,49,0.0,Unassigned,2019-04-21
ACC-05603,Linda Taylor,Metro Construction,Business,Small Business,Professional Services,Canterbury,Premium,51,236.07,Lisa Hartley,2022-02-11
ACC-05604,Jennifer Gonzalez,Unknown,Residential,Small Business,Unknown,Nelson-Marlborough,Basic,12,0.0,Unassigned,2022-06-21
ACC-05606,Barbara Williams,Highland Electrical,Business,Corporate,Construction,Northland,Free,48,0.0,Unassigned,2023-01-17
ACC-05607,Charles Wilson,Unknown,Residential,Individual,Unknown,Otago,Premium,28,129.72,Unassigned,2021-09-15
ACC-05608,Jennifer Thomas,Harbour Engineering,Business,Small Business,Transport & Logistics,Wellington,Free,3,0.0,Unassigned,2018-01-31
ACC-05609,Patricia Lopez,Metro Transport,Business,Small Business,Construction,Wellington,Basic,42,65.15,Unassigned,2021-12-20
ACC-05610,Mary Taylor,Pioneer Electrical,Business,Small Business,Retail,Auckland,Free,28,0.0,Unassigned,2022-04-14
ACC-05612,Elizabeth Garcia,Frontier Tech,Business,Corporate,Agriculture,Southland,Premium,44,262.25,Sarah Chen,2023-04-22
ACC-05613,Jennifer Hernandez,Unknown,Residential,Small Business,Unknown,Otago,Free,2,0.0,Unassigned,2023-12-09
ACC-05616,David Smith,Alpha Medical,Business,Corporate,Hospitality,Wellington,Premium,14,181.31,Unassigned,2023-05-05
ACC-05617,Barbara Jones,Summit Tech,Business,Corporate,Healthcare,Bay of Plenty,Basic,42,0.0,Unassigned,2022-02-19
ACC-05619,Charles Gonzalez,Frontier Construction,Business,Small Business,Manufacturing,Auckland,Premium,42,324.56,Sarah Chen,2020-11-30
ACC-05622,Mary Gonzalez,Unknown,Residential,Corporate,Unknown,Canterbury,Basic,2,0.0,Unassigned,2018-06-05
ACC-05623,Elizabeth Gonzalez,Kiwi Transport,Business,Small Business,Education,Otago,Enterprise,9,167.74,Unassigned,2023-11-17
ACC-05624,John Davis,Peak Construction,Business,Individual,Professional Services,Wellington,Basic,55,765.38,Rob Thompson,2019-11-29
ACC-05626,Karen Smith,Unknown,Residential,Individual,Unknown,Canterbury,Enterprise,2,352.59,Rob Thompson,2018-08-07
ACC-05629,Charles Brown,Pioneer Dental,Business,Corporate,Healthcare,Canterbury,Free,54,146.02,Unassigned,2019-07-15
ACC-05632,David Hernandez,Pioneer Enterprises,Business,Corporate,Transport & Logistics,Waikato,Basic,8,94.67,Unassigned,2023-01-31
ACC-05633,Thomas Rodriguez,Unknown,Residential,Individual,Unknown,Auckland,Premium,44,112.75,Sarah Chen,2019-07-28
ACC-05634,Barbara Williams,Unknown,Residential,Small Business,Unknown,Auckland,Basic,7,43.61,Unassigned,2023-01-06
ACC-05635,Karen Brown,Metro Logistics,Business,Small Business,Construction,Canterbury,Enterprise,36,720.01,Lisa Hartley,2021-08-19
ACC-05637,Elizabeth Davis,Peak Construction,Business,Corporate,Construction,Manawatu-Whanganui,Enterprise,5,372.87,Rob Thompson,2020-10-04
ACC-05638,Patricia Thomas,Apex Medical,Business,Corporate,Construction,Canterbury,Premium,45,185.94,Mike Patterson,2018-11-04
ACC-05641,Elizabeth Martin,Sterling Solutions,Business,Small Business,Professional Services,Auckland,Enterprise,47,578.79,Lisa Hartley,2018-07-03
ACC-05642,Elizabeth Thomas,Ridge Group,Business,Corporate,Healthcare,Waikato,Free,10,0.0,Unassigned,2023-02-24
ACC-05643,David Jackson,Valley Consulting,Business,Small Business,Hospitality,Wellington,Premium,13,138.62,Unassigned,2018-02-21
ACC-05645,Joseph Martin,Unknown,Residential,Corporate,Unknown,Waikato,Basic,33,58.47,Unassigned,2023-11-12
ACC-05647,Jessica Thomas,Sterling Holdings,Business,Corporate,Professional Services,Canterbury,Premium,24,170.4,Unassigned,2020-08-12
ACC-05648,James Davis,Coastal Enterprises,Business,Corporate,Professional Services,Wellington,Basic,25,130.33,Sarah Chen,2023-08-03
ACC-05649,Charles Anderson,Unknown,Residential,Small Business,Unknown,Manawatu-Whanganui,Enterprise,15,344.52,Mike Patterson,2019-05-20
ACC-05651,Charles Jackson,Island Logistics,Business,Corporate,Professional Services,Auckland,Enterprise,32,565.87,Sarah Chen,2021-09-08
ACC-05652,Elizabeth Taylor,Harbour Solutions,Business,Corporate,Healthcare,Bay of Plenty,Basic,33,61.92,Unassigned,2023-04-10
ACC-05654,William Wilson,Unknown,Residential,Individual,Unknown,Auckland,Basic,38,39.52,Unassigned,2020-06-18
ACC-05655,Jennifer Jackson,Pacific Transport,Business,Corporate,Transport & Logistics,Auckland,Basic,1,78.84,Unassigned,2020-04-10
ACC-05656,Robert Smith,Unknown,Residential,Individual,Unknown,Manawatu-Whanganui,Premium,48,100.17,Unassigned,2021-05-02
ACC-05657,Barbara Taylor,Unknown,Residential,Small Business,Unknown,Otago,Free,32,0.0,Unassigned,2021-11-21
ACC-05658,James Davis,Island Holdings,Business,Small Business,Education,Waikato,Basic,1,664.28,Mike Patterson,2019-02-22
ACC-05659,Linda Smith,Northern Plumbing,Business,Corporate,Healthcare,Wellington,Premium,11,66.18,Unassigned,2020-04-07
ACC-05660,Jessica Smith,Unknown,Residential,Individual,Unknown,Auckland,Basic,31,39.81,Unassigned,2023-12-03
ACC-05661,Thomas Miller,Gateway Holdings,Business,Small Business,Professional Services,Wellington,Basic,4,107.49,Sarah Chen,2018-11-06
ACC-05662,Joseph Rodriguez,Unknown,Residential,Individual,Unknown,Auckland,Premium,54,162.38,Unassigned,2019-10-17
ACC-05663,Karen Rodriguez,Harbour Transport,Business,Corporate,Healthcare,Waikato,Premium,10,253.24,Rob Thompson,2022-05-21
ACC-05664,Elizabeth Jackson,Unknown,Residential,Individual,Unknown,Wellington,Premium,35,125.51,Unassigned,2018-07-21
ACC-05665,Jessica Thomas,Unknown,Residential,Corporate,Unknown,Canterbury,Basic,46,32.08,Unassigned,2023-05-18
ACC-05666,James Moore,Coastal Partners,Business,Corporate,Retail,Auckland,Premium,31,248.79,Mike Patterson,2018-06-18
ACC-05668,David Rodriguez,Central Engineering,Business,Small Business,Construction,Canterbury,Free,10,0.0,Unassigned,2020-01-11
ACC-05670,Jennifer Moore,Unknown,Residential,Small Business,Unknown,Canterbury,Enterprise,38,429.71,Rob Thompson,2022-07-05
ACC-05671,David Wilson,Alpha Logistics,Business,Corporate,Healthcare,Waikato,Free,9,0.0,Unassigned,2021-05-21
ACC-05673,Elizabeth Anderson,Pioneer Consulting,Business,Small Business,Trades,Waikato,Basic,1,69.65,Unassigned,2018-12-14
ACC-05675,Charles Hernandez,Sterling Medical,Business,Corporate,Manufacturing,Waikato,Premium,2,171.59,Sarah Chen,2021-09-18
ACC-05677,Patricia Jones,Southern Plumbing,Business,Individual,Construction,Bay of Plenty,Enterprise,6,0.0,Unassigned,2019-05-05
ACC-05679,David Davis,Unknown,Residential,Individual,Unknown,Otago,Basic,36,44.22,Unassigned,2021-12-30
ACC-05680,James Davis,Kiwi Transport,Business,Corporate,Agriculture,Wellington,Free,25,0.0,Unassigned,2018-07-14
ACC-05681,Sarah Rodriguez,Southern Legal,Business,Corporate,Healthcare,Northland,Free,4,0.0,Unassigned,2021-04-10
ACC-05683,Elizabeth Davis,Sterling Logistics,Business,Corporate,Trades,Auckland,Basic,6,772.78,Lisa Hartley,2022-06-30
ACC-05686,Michael Jones,Peak Services,Business,Small Business,Property Management,Wellington,Enterprise,3,483.59,Rob Thompson,2019-11-02
ACC-05687,Charles Moore,Highland Engineering,Business,Corporate,Transport & Logistics,Manawatu-Whanganui,Enterprise,4,663.99,Rob Thompson,2022-08-28
ACC-05688,Michael Anderson,Pioneer Holdings,Business,Small Business,Construction,Hawke's Bay,Basic,17,96.2,Unassigned,2023-12-27
ACC-05689,Jessica Williams,Unknown,Residential,Corporate,Unknown,Wellington,Basic,52,37.83,Unassigned,2023-05-26
ACC-05690,Charles Jackson,Unknown,Residential,Individual,Unknown,Waikato,Basic,11,45.98,Unassigned,2022-05-22
ACC-05691,John Gonzalez,Gateway Ltd,Business,Corporate,Education,Wellington,Basic,37,94.64,Unassigned,2019-08-11
ACC-05693,Jennifer Johnson,Unknown,Residential,Individual,Unknown,Hawke's Bay,Free,8,0.0,Unassigned,2020-03-31
ACC-05695,Charles Lopez,Harbour Consulting,Business,Corporate,Technology,Southland,Enterprise,7,754.67,Mike Patterson,2018-08-23
ACC-05696,Robert Anderson,Alpha Partners,Business,Small Business,Retail,Auckland,Free,49,0.0,Unassigned,2018-11-10
ACC-05697,Sarah Johnson,Kiwi Ltd,Business,Small Business,Retail,Wellington,Basic,26,68.1,Unassigned,2018-12-21
ACC-05698,Richard Jones,Unknown,Residential,Individual,Unknown,Auckland,Enterprise,30,411.14,Lisa Hartley,2023-09-25
ACC-05699,Sarah Thomas,Summit Engineering,Business,Individual,Trades,Otago,Enterprise,52,208.98,Sarah Chen,2018-02-15
ACC-05701,Barbara Jackson,Unknown,Residential,Individual,Unknown,Canterbury,Enterprise,27,14.41,Unassigned,2019-09-09
ACC-05703,Jennifer Taylor,Pioneer Electrical,Business,Corporate,Professional Services,Bay of Plenty,Enterprise,52,603.73,Sarah Chen,2020-04-03
ACC-05704,Jennifer Jackson,Island Solutions,Business,Corporate,Professional Services,Waikato,Enterprise,15,471.35,Mike Patterson,2022-09-04
ACC-05705,Elizabeth Hernandez,Alpha Ltd,Business,Corporate,Construction,Wellington,Basic,2,89.29,Unassigned,2019-12-19
ACC-05706,Sarah Anderson,Alpha Legal,Business,Corporate,Retail,Canterbury,Enterprise,21,661.98,Mike Patterson,2019-01-28
ACC-05707,Jessica Moore,Southern Dental,Business,Corporate,Manufacturing,Wellington,Basic,10,116.07,Unassigned,2018-02-26
ACC-05709,Jennifer Jackson,Unknown,Residential,Individual,Unknown,Wellington,Free,6,142.66,Unassigned,2020-04-21
ACC-05710,John Martin,Ridge Solutions,Business,Corporate,Education,Waikato,Enterprise,6,587.3,Mike Patterson,2022-04-23
ACC-05711,Barbara Anderson,Harbour Engineering,Business,Corporate,Construction,Nelson-Marlborough,Free,17,0.0,Unassigned,2022-10-06
ACC-05712,Karen Davis,Unknown,Residential,Small Business,Unknown,Otago,Free,4,107.44,Unassigned,2019-02-04
ACC-05714,Sarah Martin,Valley Medical,Business,Small Business,Agriculture,Manawatu-Whanganui,Basic,58,336.34,Lisa Hartley,2022-08-28
ACC-05715,Thomas Jones,Central Consulting,Business,Corporate,Healthcare,Canterbury,Premium,21,218.21,Mike Patterson,2020-04-29
ACC-05716,John Taylor,Unknown,Residential,Individual,Unknown,Auckland,Free,4,134.93,Unassigned,2020-12-13
ACC-05717,Jessica Lopez,Unknown,Residential,Individual,Unknown,Bay of Plenty,Enterprise,1,404.61,Sarah Chen,2023-09-27
ACC-05718,Jessica Smith,Gateway Enterprises,Business,Corporate,Manufacturing,Canterbury,Basic,18,70.04,Unassigned,2018-04-16
ACC-05719,Robert Williams,Unknown,Residential,Individual,Unknown,Waikato,Free,46,23.94,Unassigned,2018-12-07
ACC-05721,Karen Johnson,Gateway Medical,Business,Corporate,Property Management,Canterbury,Free,30,0.0,Unassigned,2020-12-02
ACC-05722,John Hernandez,Southern Industries,Business,Small Business,Manufacturing,Wellington,Free,60,0.0,Unassigned,2022-05-09
ACC-05723,Karen Brown,Peak Tech,Business,Corporate,Trades,Waikato,Free,4,0.0,Unassigned,2023-04-08
ACC-05724,Linda Smith,Harbour Engineering,Business,Small Business,Trades,Bay of Plenty,Basic,15,78.6,Unassigned,2020-11-23
ACC-05725,Richard Lopez,Unknown,Residential,Individual,Unknown,Canterbury,Basic,14,42.11,Unassigned,2023-04-30
ACC-05726,Richard Moore,Southern Systems,Business,Corporate,Construction,Canterbury,Premium,10,0.0,Unassigned,2021-09-30
ACC-05729,David Martin,Valley Legal,Business,Corporate,Trades,Otago,Free,12,187.99,Lisa Hartley,2018-11-25
ACC-05730,Jennifer Garcia,Apex Medical,Business,Corporate,Construction,Wellington,Enterprise,8,225.5,Sarah Chen,2021-04-05
ACC-05731,Mary Garcia,Highland Engineering,Business,Corporate,Property Management,Canterbury,Enterprise,10,838.8,Sarah Chen,2020-05-02
ACC-05732,Thomas Davis,Peak Partners,Business,Corporate,Professional Services,Canterbury,Premium,47,305.07,Rob Thompson,2021-01-04
ACC-05733,Jessica Martinez,Ridge Group,Business,Corporate,Construction,Waikato,Premium,47,170.16,Unassigned,2023-01-12
ACC-05734,Susan Thomas,Unknown,Residential,Individual,Unknown,Canterbury,Basic,8,0.0,Unassigned,2019-05-06
ACC-05735,Barbara Thomas,Unknown,Residential,Corporate,Unknown,Wellington,Basic,11,143.9,Unassigned,2018-05-04
ACC-05737,Elizabeth Johnson,Unknown,Residential,Small Business,Unknown,Wellington,Enterprise,31,332.76,Sarah Chen,2018-12-12
ACC-05740,James Smith,Unknown,Residential,Corporate,Unknown,Waikato,Basic,6,46.4,Unassigned,2020-05-12
ACC-05741,Elizabeth Martinez,Unknown,Residential,Individual,Unknown,Wellington,Basic,7,47.73,Unassigned,2023-05-23
ACC-05742,James Brown,Central Enterprises,Business,Corporate,Trades,Bay of Plenty,Enterprise,30,275.42,Mike Patterson,2023-11-10
ACC-05743,Elizabeth Davis,Unknown,Residential,Small Business,Unknown,Southland,Enterprise,4,138.6,Unassigned,2019-09-21
ACC-05744,William Anderson,Kiwi Holdings,Business,Corporate,Hospitality,Auckland,Enterprise,17,0.0,Unassigned,2019-09-15
ACC-05746,Charles Moore,Highland Holdings,Business,Corporate,Professional Services,Auckland,Basic,8,0.0,Unassigned,2018-12-26
ACC-05747,Richard Rodriguez,Apex Legal,Business,Small Business,Trades,Hawke's Bay,Premium,46,181.1,Unassigned,2022-09-09
ACC-05748,Barbara Thomas,Metro Group,Business,Small Business,Construction,Wellington,Free,5,772.76,Rob Thompson,2018-03-11
ACC-05749,David Miller,Unknown,Residential,Individual,Unknown,Northland,Premium,22,0.0,Unassigned,2022-07-30
ACC-05750,Elizabeth Martin,Unknown,Residential,Individual,Unknown,Canterbury,Free,8,0.0,Unassigned,2021-11-05
ACC-05752,Barbara Garcia,Unknown,Residential,Small Business,Unknown,Wellington,Free,4,339.89,Sarah Chen,2022-10-14
ACC-05754,David Rodriguez,Frontier Logistics,Business,Small Business,Construction,Auckland,Enterprise,39,0.0,Unassigned,2021-05-12
ACC-05755,Jennifer Hernandez,Unknown,Residential,Individual,Unknown,Bay of Plenty,Premium,14,408.14,Lisa Hartley,2018-12-28
ACC-05756,Thomas Lopez,Unknown,Residential,Individual,Unknown,Hawke's Bay,Premium,14,137.01,Sarah Chen,2019-10-30
ACC-05757,Barbara Johnson,Unknown,Residential,Individual,Unknown,Canterbury,Free,54,0.0,Unassigned,2022-12-26
ACC-05760,Barbara Jones,Kiwi Industries,Business,Individual,Construction,Otago,Basic,18,907.93,Sarah Chen,2022-01-17
ACC-05761,John Smith,Southern Group,Business,Corporate,Trades,Waikato,Free,30,237.21,Mike Patterson,2019-02-27
ACC-05762,Barbara Davis,Unknown,Residential,Small Business,Unknown,Bay of Plenty,Basic,54,17.19,Unassigned,2018-12-26
ACC-05763,David Miller,Highland Solutions,Business,Corporate,Trades,Canterbury,Free,34,0.0,Unassigned,2023-12-11
ACC-05765,Barbara Williams,Unknown,Residential,Small Business,Unknown,Canterbury,Basic,13,0.0,Unassigned,2021-10-24
ACC-05766,Jessica Rodriguez,Central Legal,Business,Small Business,Professional Services,Auckland,Premium,14,192.82,Unassigned,2022-09-11
ACC-05767,David Jones,Pioneer Enterprises,Business,Small Business,Trades,Auckland,Enterprise,59,474.48,Lisa Hartley,2020-07-06
ACC-05769,Patricia Wilson,Ridge Systems,Business,Corporate,Construction,Canterbury,Free,31,0.0,Unassigned,2019-11-28
ACC-05770,David Gonzalez,Summit Tech,Business,Small Business,Trades,Canterbury,Premium,7,264.9,Lisa Hartley,2022-11-12
ACC-05772,James Smith,Kiwi Enterprises,Business,Corporate,Education,Wellington,Basic,12,56.53,Unassigned,2023-06-15
ACC-05773,Joseph Martin,Unknown,Residential,Corporate,Unknown,Canterbury,Enterprise,25,129.39,Unassigned,2019-06-24
ACC-05777,Michael Williams,Central Logistics,Business,Individual,Hospitality,Otago,Enterprise,4,411.89,Lisa Hartley,2023-02-23
ACC-05778,Mary Martin,Peak Partners,Business,Small Business,Trades,Hawke's Bay,Enterprise,26,724.48,Rob Thompson,2023-10-12
ACC-05779,John Thomas,Unknown,Residential,Corporate,Unknown,Canterbury,Free,10,0.0,Unassigned,2023-09-08
ACC-05782,Jennifer Thomas,Gateway Engineering,Business,Corporate,Retail,Wellington,Free,27,0.0,Unassigned,2020-04-07
ACC-05783,Richard Garcia,Unknown,Residential,Corporate,Unknown,Wellington,Premium,38,129.86,Mike Patterson,2023-05-20
ACC-05786,Charles Rodriguez,Unknown,Residential,Small Business,Unknown,Southland,Basic,17,413.55,Lisa Hartley,2019-06-19
ACC-05787,John Moore,Unknown,Residential,Individual,Unknown,Canterbury,Enterprise,54,362.79,Rob Thompson,2021-07-27
ACC-05788,David Taylor,Gateway Holdings,Business,Corporate,Construction,Canterbury,Basic,8,388.55,Rob Thompson,2019-05-27
ACC-05789,James Martin,Kiwi Tech,Business,Corporate,Construction,Auckland,Basic,58,647.19,Mike Patterson,2018-04-07
ACC-05793,Jennifer Lopez,Unknown,Residential,Corporate,Unknown,Auckland,Basic,36,37.26,Unassigned,2021-07-24
ACC-05794,Barbara Thomas,Metro Tech,Business,Small Business,Professional Services,Otago,Free,3,171.04,Unassigned,2021-07-24
ACC-05795,Michael Rodriguez,Ridge Industries,Business,Corporate,Construction,Auckland,Basic,60,77.67,Unassigned,2020-10-04
ACC-05796,Jennifer Hernandez,Highland Plumbing,Business,Corporate,Professional Services,Auckland,Premium,11,297.77,Lisa Hartley,2022-03-23
ACC-05797,David Davis,Southern Engineering,Business,Corporate,Retail,Canterbury,Premium,13,204.66,Sarah Chen,2020-09-13
ACC-05798,James Martinez,Peak Ltd,Business,Small Business,Healthcare,Wellington,Basic,23,76.88,Unassigned,2021-01-29
ACC-05799,William Hernandez,Coastal Dental,Business,Small Business,Retail,Southland,Basic,6,82.63,Unassigned,2022-11-12
ACC-05801,Karen Moore,Unknown,Residential,Small Business,Unknown,Auckland,Basic,6,0.0,Unassigned,2022-02-11
ACC-05802,Barbara Moore,Apex Legal,Business,Small Business,Agriculture,Waikato,Free,57,0.0,Unassigned,2018-12-07
ACC-05804,Barbara Johnson,Northern Transport,Business,Corporate,Trades,Otago,Basic,58,198.98,Unassigned,2022-10-12
ACC-05806,James Gonzalez,Northern Construction,Business,Corporate,Hospitality,Bay of Plenty,Premium,51,307.58,Rob Thompson,2021-11-17
ACC-05807,Joseph Anderson,Coastal Systems,Business,Corporate,Healthcare,Wellington,Enterprise,32,864.47,Rob Thompson,2023-08-19
ACC-05808,Susan Davis,Northern Holdings,Business,Small Business,Retail,Canterbury,Basic,10,188.2,Unassigned,2020-05-29
ACC-05810,James Wilson,Frontier Plumbing,Business,Corporate,Professional Services,Canterbury,Free,8,0.0,Unassigned,2020-03-09
ACC-05811,David Moore,Metro Consulting,Business,Small Business,Construction,Auckland,Basic,30,97.85,Unassigned,2022-11-25
ACC-05812,Sarah Jones,Sterling Consulting,Business,Individual,Retail,Canterbury,Basic,35,0.0,Unassigned,2021-11-17
ACC-05813,John Davis,Southern Electrical,Business,Corporate,Hospitality,Auckland,Basic,14,797.38,Rob Thompson,2021-09-22
ACC-05814,Jessica Williams,Highland Enterprises,Business,Corporate,Transport & Logistics,Manawatu-Whanganui,Free,10,0.0,Unassigned,2018-04-01
ACC-05815,Robert Smith,Unknown,Residential,Individual,Unknown,Wellington,Free,53,0.0,Unassigned,2019-08-08
ACC-05819,Barbara Williams,Unknown,Residential,Corporate,Unknown,Canterbury,Basic,54,117.62,Mike Patterson,2019-10-07
ACC-05820,David Wilson,Pacific Services,Business,Small Business,Professional Services,Auckland,Enterprise,11,0.0,Unassigned,2019-07-15
ACC-05821,Jennifer Taylor,Central Transport,Business,Individual,Hospitality,Waikato,Enterprise,7,0.0,Unassigned,2022-07-29
ACC-05822,John Williams,Metro Services,Business,Corporate,Construction,Wellington,Enterprise,23,875.59,Mike Patterson,2018-12-05
ACC-05823,Sarah Brown,Highland Electrical,Business,Corporate,Professional Services,Canterbury,Enterprise,9,237.37,Lisa Hartley,2022-03-07
ACC-05824,James Lopez,Unknown,Residential,Individual,Unknown,Otago,Enterprise,37,408.11,Lisa Hartley,2023-01-05
ACC-05825,Richard Lopez,Metro Enterprises,Business,Individual,Trades,Hawke's Bay,Free,46,0.0,Unassigned,2018-04-09
ACC-05827,Michael Anderson,Harbour Transport,Business,Individual,Healthcare,Wellington,Premium,34,226.06,Sarah Chen,2018-09-03
ACC-05828,Sarah Moore,Coastal Transport,Business,Small Business,Hospitality,Otago,Free,21,0.0,Unassigned,2021-08-13
ACC-05829,James Anderson,Unknown,Residential,Small Business,Unknown,Auckland,Enterprise,7,389.52,Lisa Hartley,2022-07-07
ACC-05830,Barbara Johnson,Harbour Engineering,Business,Corporate,Retail,Canterbury,Enterprise,34,857.82,Sarah Chen,2019-12-02
ACC-05831,Jessica Williams,Unknown,Residential,Individual,Unknown,Auckland,Basic,19,42.32,Unassigned,2023-05-26
ACC-05833,James Anderson,Kiwi Medical,Business,Small Business,Education,Auckland,Premium,5,194.35,Unassigned,2022-09-20
ACC-05835,Charles Lopez,Frontier Consulting,Business,Corporate,Trades,Auckland,Basic,26,59.5,Unassigned,2019-02-27
ACC-05836,David Davis,Unknown,Residential,Corporate,Unknown,Auckland,Basic,17,448.93,Sarah Chen,2021-02-05
ACC-05837,Charles Moore,Sterling Partners,Business,Corporate,Healthcare,Otago,Basic,16,60.08,Unassigned,2023-07-28
ACC-05840,James Miller,Valley Plumbing,Business,Corporate,Healthcare,Manawatu-Whanganui,Premium,10,234.27,Rob Thompson,2019-12-09
ACC-05841,John Rodriguez,Kiwi Holdings,Business,Small Business,Professional Services,Auckland,Enterprise,25,547.95,Rob Thompson,2023-02-03
ACC-05842,David Jones,Unknown,Residential,Corporate,Unknown,Manawatu-Whanganui,Free,19,0.0,Unassigned,2020-09-15
ACC-05843,Mary Jones,Unknown,Residential,Individual,Unknown,Bay of Plenty,Premium,36,156.44,Unassigned,2020-08-07
ACC-05844,Richard Jones,Alpha Legal,Business,Corporate,Manufacturing,Canterbury,Premium,52,263.66,Rob Thompson,2023-09-27
ACC-05845,Linda Taylor,Metro Construction,Business,Corporate,Professional Services,Canterbury,Free,22,0.0,Unassigned,2019-10-15
ACC-05846,Robert Johnson,Valley Engineering,Business,Corporate,Trades,Canterbury,Basic,3,113.0,Unassigned,2020-06-03
ACC-05847,Jessica Thomas,Southern Electrical,Business,Small Business,Technology,Auckland,Premium,13,139.84,Unassigned,2021-01-09
ACC-05848,Karen Jackson,Unknown,Residential,Individual,Unknown,Waikato,Basic,20,402.88,Lisa Hartley,2023-12-05
ACC-05850,James Moore,Unknown,Residential,Small Business,Unknown,Southland,Enterprise,12,0.0,Unassigned,2020-04-25
ACC-05852,Barbara Jackson,Valley Services,Business,Small Business,Hospitality,Otago,Premium,59,518.45,Rob Thompson,2023-02-15
ACC-05853,David Brown,Unknown,Residential,Individual,Unknown,Manawatu-Whanganui,Premium,11,361.84,Rob Thompson,2021-09-14
ACC-05854,Barbara Johnson,Highland Group,Business,Corporate,Trades,Auckland,Enterprise,33,625.8,Rob Thompson,2018-09-09
ACC-05856,Richard Garcia,Ridge Dental,Residential,Individual,Unknown,Auckland,Enterprise,10,0.0,Unassigned,2019-12-03
ACC-05858,Charles Lopez,Unknown,Residential,Individual,Unknown,Hawke's Bay,Basic,33,42.45,Unassigned,2020-12-26
ACC-05860,Elizabeth Garcia,Unknown,Residential,Individual,Unknown,Canterbury,Free,48,0.0,Unassigned,2018-08-13
ACC-05862,Joseph Hernandez,Unknown,Residential,Individual,Unknown,Bay of Plenty,Free,16,0.0,Unassigned,2022-11-04
ACC-05864,John Thomas,Gateway Partners,Business,Corporate,Professional Services,Canterbury,Free,4,277.11,Mike Patterson,2021-01-30
ACC-05865,Charles Johnson,Sterling Group,Business,Individual,Property Management,Canterbury,Free,17,0.0,Unassigned,2022-08-29
ACC-05867,John Miller,Central Construction,Business,Small Business,Property Management,Auckland,Free,57,0.0,Unassigned,2021-03-18
ACC-05869,Elizabeth Anderson,Central Medical,Business,Corporate,Hospitality,Otago,Premium,6,0.0,Unassigned,2020-04-10
ACC-05870,Susan Williams,Coastal Partners,Business,Small Business,Healthcare,Canterbury,Basic,40,60.19,Unassigned,2020-12-26
ACC-05871,Charles Hernandez,Central Logistics,Business,Corporate,Manufacturing,Manawatu-Whanganui,Enterprise,23,454.41,Mike Patterson,2020-07-17
ACC-05873,Karen Thomas,Summit Engineering,Business,Small Business,Healthcare,Nelson-Marlborough,Basic,32,88.55,Unassigned,2018-01-15
ACC-05874,Jennifer Anderson,Ridge Ltd,Business,Corporate,Education,Canterbury,Free,2,0.0,Unassigned,2019-11-27
ACC-05875,Barbara Lopez,Unknown,Residential,Individual,Unknown,Bay of Plenty,Premium,41,113.14,Unassigned,2019-08-28
ACC-05877,Charles Miller,Peak Plumbing,Business,Corporate,Retail,Manawatu-Whanganui,Premium,26,170.07,Unassigned,2022-04-12
ACC-05878,Mary Garcia,Apex Services,Business,Corporate,Healthcare,Waikato,Basic,51,88.15,Unassigned,2018-04-05
ACC-05879,John Miller,Unknown,Residential,Individual,Unknown,Auckland,Premium,38,98.5,Unassigned,2020-12-07
ACC-05880,Barbara Smith,Coastal Plumbing,Business,Small Business,Construction,Canterbury,Premium,58,263.3,Rob Thompson,2020-06-11
ACC-05881,James Wilson,Unknown,Residential,Individual,Unknown,Waikato,Premium,37,123.18,Lisa Hartley,2018-11-07
ACC-05882,Patricia Williams,Unknown,Residential,Individual,Unknown,Canterbury,Basic,48,42.04,Unassigned,2020-10-31
ACC-05884,Thomas Thomas,Gateway Group,Business,Small Business,Professional Services,Wellington,Enterprise,46,0.0,Unassigned,2022-12-23
ACC-05885,Richard Miller,Kiwi Medical,Business,Corporate,Manufacturing,Otago,Premium,24,150.24,Unassigned,2021-05-08
ACC-05886,David Davis,Northern Transport,Business,Individual,Professional Services,Waikato,Premium,9,141.81,Mike Patterson,2021-07-16
ACC-05887,Karen Garcia,Gateway Consulting,Business,Small Business,Trades,Canterbury,Basic,8,72.32,Unassigned,2023-10-03
ACC-05888,Barbara Jackson,Pacific Services,Business,Individual,Construction,Wellington,Basic,30,181.28,Unassigned,2022-09-09
ACC-05889,David Lopez,Island Medical,Business,Corporate,Healthcare,Auckland,Basic,8,52.02,Unassigned,2022-05-23
ACC-05890,James Taylor,Harbour Engineering,Residential,Small Business,Unknown,Auckland,Free,40,141.8,Sarah Chen,2019-03-28
ACC-05891,Charles Gonzalez,Peak Dental,Business,Corporate,Construction,Waikato,Basic,27,0.0,Unassigned,2019-02-18
ACC-05896,Barbara Thomas,Coastal Holdings,Business,Corporate,Construction,Canterbury,Enterprise,11,377.5,Sarah Chen,2020-04-17
ACC-05897,David Garcia,Island Holdings,Business,Small Business,Professional Services,Auckland,Free,1,0.0,Unassigned,2019-12-22
ACC-05899,David Martinez,Summit Engineering,Business,Corporate,Retail,Bay of Plenty,Basic,1,189.29,Unassigned,2018-07-24
ACC-05900,Robert Jones,Unknown,Residential,Individual,Unknown,Canterbury,Free,42,0.0,Unassigned,2018-11-28
ACC-05901,John Jones,Unknown,Residential,Corporate,Unknown,Canterbury,Free,27,0.0,Unassigned,2020-08-16
ACC-05905,William Moore,Apex Construction,Business,Corporate,Construction,Canterbury,Enterprise,25,636.28,Rob Thompson,2021-02-25
ACC-05907,Thomas Jones,Harbour Enterprises,Business,Small Business,Construction,Canterbury,Free,33,0.0,Unassigned,2021-09-06
ACC-05908,Elizabeth Jones,Unknown,Residential,Individual,Unknown,Canterbury,Premium,32,119.0,Lisa Hartley,2018-06-27
ACC-05911,Barbara Taylor,Metro Dental,Business,Small Business,Healthcare,Waikato,Basic,36,94.37,Unassigned,2020-03-21
ACC-05912,Charles Rodriguez,Apex Plumbing,Business,Corporate,Property Management,Waikato,Premium,1,111.14,Unassigned,2019-04-29
ACC-05913,Sarah Martinez,Pacific Construction,Business,Corporate,Healthcare,Wellington,Free,3,0.0,Unassigned,2022-03-10
ACC-05916,Michael Williams,Unknown,Residential,Individual,Unknown,Manawatu-Whanganui,Free,53,0.0,Unassigned,2020-07-25
ACC-05917,John Martin,Unknown,Residential,Individual,Unknown,Waikato,Free,29,387.92,Sarah Chen,2018-01-03
ACC-05919,Jessica Miller,Unknown,Residential,Individual,Unknown,Auckland,Free,40,0.0,Unassigned,2021-09-02
ACC-05920,David Martinez,Unknown,Residential,Individual,Unknown,Auckland,Enterprise,32,429.29,Lisa Hartley,2020-04-28
ACC-05921,Joseph Martinez,Unknown,Residential,Individual,Unknown,Auckland,Premium,49,156.11,Sarah Chen,2023-10-01
ACC-05922,William Gonzalez,Unknown,Residential,Small Business,Unknown,Otago,Basic,12,38.61,Unassigned,2022-12-17
ACC-05924,Barbara Moore,Unknown,Residential,Individual,Unknown,Taranaki,Enterprise,48,0.0,Unassigned,2022-11-20
ACC-05925,James Hernandez,Highland Consulting,Business,Corporate,Professional Services,Waikato,Enterprise,44,879.06,Lisa Hartley,2023-12-17
ACC-05926,Jessica Johnson,Gateway Dental,Business,Corporate,Hospitality,Auckland,Basic,23,93.89,Unassigned,2019-06-16
ACC-05927,Charles Martin,Summit Services,Business,Small Business,Agriculture,Canterbury,Enterprise,6,750.83,Lisa Hartley,2019-03-17
ACC-05928,Jennifer Martin,Unknown,Residential,Individual,Unknown,Waikato,Basic,21,99.32,Unassigned,2020-06-08
ACC-05929,Karen Jackson,Kiwi Electrical,Business,Corporate,Construction,Wellington,Premium,42,261.45,Mike Patterson,2020-08-28
ACC-05930,Jennifer Jones,Pacific Enterprises,Business,Individual,Professional Services,Wellington,Basic,4,515.9,Lisa Hartley,2019-10-27
ACC-05933,Barbara Davis,Highland Legal,Business,Small Business,Professional Services,Bay of Plenty,Premium,37,298.03,Rob Thompson,2023-07-22
ACC-05934,David Moore,Northern Construction,Business,Individual,Construction,Auckland,Basic,7,0.0,Unassigned,2020-09-26
ACC-05935,Jennifer Williams,Sterling Plumbing,Business,Small Business,Construction,Wellington,Free,20,0.0,Unassigned,2018-10-11
ACC-05936,Linda Brown,Coastal Electrical,Business,Corporate,Construction,Auckland,Basic,8,23.83,Unassigned,2020-04-13
ACC-05937,David Rodriguez,Unknown,Residential,Individual,Unknown,Canterbury,Enterprise,2,113.85,Unassigned,2019-01-06
ACC-05942,Jennifer Gonzalez,Valley Consulting,Business,Individual,Retail,Southland,Basic,18,77.88,Unassigned,2023-10-21
ACC-05944,Barbara Martinez,Harbour Consulting,Business,Corporate,Construction,Canterbury,Basic,1,581.93,Lisa Hartley,2021-03-07
ACC-05945,William Garcia,Unknown,Residential,Corporate,Unknown,Canterbury,Premium,1,0.0,Unassigned,2019-01-27
ACC-05946,Richard Williams,Apex Solutions,Business,Small Business,Property Management,Canterbury,Basic,53,95.87,Unassigned,2019-12-31
ACC-05949,Linda Williams,Northern Plumbing,Business,Small Business,Trades,Auckland,Free,4,0.0,Unassigned,2021-12-26
ACC-05950,John Garcia,Pacific Enterprises,Business,Small Business,Trades,Canterbury,Basic,6,75.87,Unassigned,2019-04-14
ACC-05953,Robert Brown,Unknown,Residential,Individual,Unknown,Bay of Plenty,Basic,6,0.0,Unassigned,2019-10-16
ACC-05956,Karen Jones,Highland Plumbing,Business,Individual,Construction,Canterbury,Free,17,0.0,Unassigned,2022-10-25
ACC-05959,Barbara Garcia,Sterling Construction,Business,Corporate,Retail,Canterbury,Basic,13,616.65,Rob Thompson,2018-06-13
ACC-05960,Jennifer Martin,Unknown,Residential,Corporate,Unknown,Auckland,Free,44,0.0,Unassigned,2018-11-19
ACC-05961,John Smith,Frontier Solutions,Business,Corporate,Professional Services,Auckland,Basic,6,53.62,Unassigned,2022-08-14
ACC-05962,Charles Brown,Sterling Services,Business,Individual,Construction,Waikato,Enterprise,12,0.0,Unassigned,2021-11-18
ACC-05963,Mary Jackson,Unknown,Residential,Individual,Unknown,Canterbury,Basic,60,55.41,Unassigned,2020-02-11
ACC-05964,Elizabeth Williams,Sterling Services,Business,Individual,Retail,Auckland,Basic,34,0.0,Unassigned,2020-09-26
ACC-05965,James Moore,Northern Logistics,Business,Small Business,Hospitality,Bay of Plenty,Free,31,0.0,Unassigned,2021-01-22
ACC-05966,Thomas Davis,Coastal Services,Business,Corporate,Trades,Auckland,Enterprise,3,823.76,Lisa Hartley,2023-06-11
ACC-05967,John Miller,Pioneer Legal,Business,Corporate,Professional Services,Waikato,Premium,22,773.55,Rob Thompson,2022-01-03
ACC-05968,Robert Hernandez,Kiwi Tech,Business,Small Business,Professional Services,Auckland,Premium,54,191.58,Sarah Chen,2018-10-14
ACC-05969,Charles Johnson,Harbour Group,Business,Corporate,Manufacturing,Canterbury,Enterprise,4,594.07,Rob Thompson,2020-08-29
ACC-05970,Charles Williams,Unknown,Residential,Small Business,Unknown,Canterbury,Enterprise,40,0.0,Unassigned,2020-09-07
ACC-05971,David Lopez,Unknown,Residential,Individual,Unknown,Waikato,Basic,2,315.25,Mike Patterson,2019-10-04
ACC-05972,Karen Taylor,Alpha Logistics,Business,Corporate,Healthcare,Auckland,Basic,8,77.18,Unassigned,2020-02-19
ACC-05973,Karen Moore,Ridge Industries,Business,Individual,Hospitality,Hawke's Bay,Enterprise,10,250.29,Rob Thompson,2020-04-08
ACC-05974,Elizabeth Brown,Pioneer Logistics,Business,Small Business,Trades,Auckland,Basic,23,62.81,Unassigned,2020-10-19
ACC-05975,John Jones,Gateway Logistics,Business,Corporate,Transport & Logistics,Wellington,Free,44,24.71,Unassigned,2020-06-07
ACC-05976,Charles Moore,Unknown,Residential,Small Business,Unknown,Auckland,Premium,21,0.0,Unassigned,2019-09-08
ACC-05978,Sarah Thomas,Unknown,Residential,Individual,Unknown,Bay of Plenty,Enterprise,1,253.34,Lisa Hartley,2023-11-07
ACC-05979,Linda Martin,Unknown,Residential,Individual,Unknown,Auckland,Free,11,0.0,Unassigned,2018-11-20
ACC-05980,Barbara Wilson,Island Group,Business,Corporate,Retail,Waikato,Premium,2,156.83,Unassigned,2023-06-24
ACC-05981,Sarah Williams,Frontier Systems,Business,Individual,Trades,Waikato,Basic,26,55.56,Unassigned,2019-02-04
ACC-05983,William Wilson,Unknown,Residential,Individual,Unknown,Bay of Plenty,Premium,4,426.54,Sarah Chen,2022-12-01
ACC-05988,Barbara Smith,Unknown,Residential,Individual,Unknown,Manawatu-Whanganui,Free,8,384.82,Lisa Hartley,2022-09-03
ACC-05989,Richard Martinez,Valley Solutions,Business,Corporate,Retail,Canterbury,Basic,16,54.55,Unassigned,2018-07-14
ACC-05990,Elizabeth Brown,Peak Ltd,Business,Small Business,Trades,Taranaki,Free,4,16.8,Unassigned,2023-10-11
ACC-05993,William Brown,Northern Transport,Business,Small Business,Property Management,Southland,Premium,12,199.67,Unassigned,2020-06-12
ACC-05994,Elizabeth Garcia,Unknown,Residential,Individual,Unknown,Canterbury,Free,58,0.0,Unassigned,2023-07-03
ACC-05996,Sarah Gonzalez,Unknown,Residential,Corporate,Unknown,Canterbury,Basic,42,0.0,Unassigned,2022-12-29
ACC-05997,Charles Brown,Unknown,Residential,Individual,Unknown,Hawke's Bay,Free,54,0.0,Unassigned,2020-08-13
ACC-05998,Barbara Miller,Ridge Services,Business,Corporate,Professional Services,Canterbury,Free,11,0.0,Unassigned,2023-07-25
ACC-05999,Barbara Taylor,Northern Transport,Business,Corporate,Manufacturing,Canterbury,Enterprise,17,848.93,Mike Patterson,2020-04-19
ACC-06001,Jennifer Rodriguez,Peak Holdings,Business,Corporate,Professional Services,Wellington,Basic,15,101.55,Unassigned,2019-09-25
ACC-06003,James Moore,Gateway Medical,Business,Small Business,Professional Services,Bay of Plenty,Basic,56,268.5,Lisa Hartley,2018-08-12
ACC-06004,Joseph Johnson,Valley Medical,Business,Small Business,Retail,Manawatu-Whanganui,Free,45,0.0,Unassigned,2021-09-25
ACC-06006,Jennifer Taylor,Unknown,Residential,Small Business,Unknown,Auckland,Enterprise,50,157.72,Unassigned,2018-07-28
ACC-06007,Patricia Miller,Unknown,Residential,Small Business,Unknown,Nelson-Marlborough,Enterprise,18,0.0,Unassigned,2019-12-27
ACC-06008,Thomas Jackson,Ridge Holdings,Business,Small Business,Education,Waikato,Premium,51,178.08,Unassigned,2019-04-28
ACC-06011,Barbara Williams,Gateway Logistics,Business,Corporate,Professional Services,Waikato,Free,3,74.64,Unassigned,2023-10-17
ACC-06012,Jennifer Hernandez,Unknown,Residential,Individual,Unknown,Otago,Premium,20,113.82,Unassigned,2018-05-06
ACC-06013,Michael Martinez,Unknown,Residential,Corporate,Unknown,Canterbury,Free,2,296.32,Mike Patterson,2018-08-04
ACC-06014,Charles Martin,Gateway Construction,Business,Corporate,Transport & Logistics,Wellington,Free,1,0.0,Unassigned,2023-04-16
ACC-06015,Elizabeth Brown,Southern Transport,Business,Corporate,Professional Services,Canterbury,Free,38,0.0,Unassigned,2021-10-06
ACC-06016,James Williams,Ridge Systems,Business,Corporate,Construction,Manawatu-Whanganui,Basic,11,83.49,Unassigned,2018-08-22
ACC-06017,Barbara Thomas,Harbour Legal,Business,Individual,Construction,Waikato,Basic,30,238.45,Rob Thompson,2018-06-09
ACC-06018,James Brown,Valley Ltd,Business,Corporate,Construction,Canterbury,Free,8,0.0,Unassigned,2019-11-29
ACC-06019,Karen Lopez,Coastal Systems,Business,Corporate,Professional Services,Wellington,Enterprise,56,515.65,Mike Patterson,2021-03-24
ACC-06022,Barbara Hernandez,Ridge Consulting,Business,Corporate,Hospitality,Wellington,Enterprise,7,196.47,Unassigned,2018-02-05
ACC-06023,Charles Rodriguez,Unknown,Residential,Corporate,Unknown,Otago,Basic,14,38.98,Unassigned,2022-01-23
ACC-06027,Jessica Johnson,Gateway Transport,Business,Individual,Construction,Canterbury,Enterprise,13,0.0,Unassigned,2023-04-14
ACC-06029,James Thomas,Unknown,Residential,Individual,Unknown,Canterbury,Basic,29,36.56,Unassigned,2022-03-21
ACC-06030,Karen Moore,Metro Ltd,Business,Small Business,Healthcare,Auckland,Basic,10,98.55,Unassigned,2021-03-12
ACC-06031,Jennifer Moore,Ridge Group,Business,Corporate,Construction,Manawatu-Whanganui,Enterprise,13,693.29,Mike Patterson,2020-01-29
ACC-06032,Jennifer Johnson,Pioneer Legal,Business,Corporate,Trades,Wellington,Enterprise,10,758.96,Mike Patterson,2019-07-18
ACC-06033,Charles Martin,Southern Legal,Residential,Small Business,Unknown,Otago,Enterprise,16,328.02,Rob Thompson,2021-08-08
ACC-06034,Richard Rodriguez,Unknown,Residential,Individual,Unknown,Canterbury,Premium,49,125.1,Unassigned,2023-06-29
ACC-06035,Michael Martinez,Apex Transport,Business,Corporate,Professional Services,Bay of Plenty,Basic,7,71.97,Unassigned,2023-01-06
ACC-06036,Joseph Miller,Pioneer Services,Business,Corporate,Healthcare,Bay of Plenty,Free,28,0.0,Unassigned,2021-08-30
ACC-06037,Jessica Hernandez,Unknown,Residential,Corporate,Unknown,Taranaki,Free,21,0.0,Unassigned,2023-05-25
ACC-06038,Barbara Garcia,Unknown,Residential,Individual,Unknown,Otago,Enterprise,20,0.0,Unassigned,2023-08-25
ACC-06039,Robert Wilson,Peak Construction,Business,Small Business,Construction,Otago,Enterprise,2,623.81,Rob Thompson,2019-07-11
ACC-06040,Charles Anderson,Highland Construction,Business,Corporate,Construction,Canterbury,Basic,8,92.48,Unassigned,2018-12-20
ACC-06043,Karen Moore,Summit Tech,Business,Corporate,Healthcare,Hawke's Bay,Basic,15,112.53,Unassigned,2023-12-20
ACC-06044,Sarah Gonzalez,Summit Industries,Business,Corporate,Healthcare,Auckland,Basic,22,115.7,Unassigned,2018-07-13
ACC-06045,Karen Miller,Unknown,Residential,Individual,Unknown,Canterbury,Premium,32,40.98,Unassigned,2018-03-06
ACC-06046,Jessica Anderson,Highland Holdings,Business,Corporate,Retail,Canterbury,Premium,4,860.76,Lisa Hartley,2021-09-06
ACC-06048,Robert Martinez,Unknown,Residential,Individual,Unknown,Southland,Free,5,0.0,Unassigned,2020-06-24
ACC-06049,Charles Thomas,Pacific Group,Business,Small Business,Trades,Auckland,Basic,5,0.0,Unassigned,2023-02-12
ACC-06050,Richard Martin,Peak Dental,Business,Corporate,Professional Services,Auckland,Enterprise,15,759.45,Sarah Chen,2020-02-06
ACC-06052,Barbara Gonzalez,Summit Holdings,Business,Small Business,Property Management,Canterbury,Basic,29,178.51,Unassigned,2021-01-04
ACC-06054,Jessica Anderson,Alpha Transport,Business,Small Business,Construction,Auckland,Premium,53,271.45,Rob Thompson,2023-10-24
ACC-06055,Charles Moore,Unknown,Residential,Corporate,Unknown,Canterbury,Premium,20,395.36,Mike Patterson,2021-06-09
ACC-06058,David Davis,Unknown,Residential,Corporate,Unknown,Auckland,Enterprise,3,118.79,Sarah Chen,2018-07-29
ACC-06059,Elizabeth Smith,Southern Group,Business,Individual,Education,Northland,Basic,17,266.95,Rob Thompson,2023-11-05
ACC-06060,Elizabeth Hernandez,Unknown,Residential,Individual,Unknown,Bay of Plenty,Free,7,0.0,Unassigned,2019-09-11
ACC-06065,Patricia Garcia,Unknown,Residential,Individual,Unknown,Canterbury,Free,52,0.0,Unassigned,2018-08-05
ACC-06066,Elizabeth Smith,Pioneer Logistics,Business,Small Business,Construction,Canterbury,Basic,1,116.93,Unassigned,2023-08-19
ACC-06070,Sarah Brown,Unknown,Residential,Individual,Unknown,Auckland,Enterprise,49,279.79,Mike Patterson,2021-01-27
ACC-06071,Charles Davis,Unknown,Residential,Corporate,Unknown,Northland,Basic,20,58.54,Unassigned,2022-04-15
ACC-06072,Mary Jones,Harbour Logistics,Business,Corporate,Retail,Canterbury,Enterprise,6,945.66,Sarah Chen,2020-05-20
ACC-06075,Thomas Taylor,Ridge Group,Business,Corporate,Trades,Hawke's Bay,Free,53,0.0,Unassigned,2021-01-28
ACC-06077,Jessica Martinez,Metro Transport,Business,Corporate,Professional Services,Auckland,Free,22,0.0,Unassigned,2020-07-18
ACC-06078,John Taylor,Northern Engineering,Business,Small Business,Retail,Waikato,Basic,3,55.09,Unassigned,2023-05-13
ACC-06079,Jessica Anderson,Pacific Logistics,Residential,Individual,Unknown,Manawatu-Whanganui,Enterprise,46,259.8,Lisa Hartley,2021-10-17
ACC-06080,John Jones,Harbour Industries,Business,Small Business,Construction,Auckland,Free,60,0.0,Unassigned,2023-04-15
ACC-06081,William Martinez,Northern Electrical,Business,Corporate,Hospitality,Canterbury,Premium,28,152.83,Unassigned,2022-10-03
ACC-06082,Elizabeth Smith,Unknown,Residential,Corporate,Unknown,Auckland,Premium,4,160.4,Mike Patterson,2020-03-20
ACC-06085,Charles Martinez,Valley Services,Business,Corporate,Hospitality,Wellington,Free,11,0.0,Unassigned,2022-05-21
ACC-06086,Joseph Miller,Unknown,Residential,Corporate,Unknown,Auckland,Basic,5,357.13,Rob Thompson,2020-07-02
ACC-06087,Susan Wilson,Ridge Legal,Business,Small Business,Trades,Wellington,Free,14,0.0,Unassigned,2022-07-12
ACC-06089,John Rodriguez,Alpha Enterprises,Business,Individual,Construction,Canterbury,Basic,6,75.0,Unassigned,2018-05-21
ACC-06090,Robert Lopez,Unknown,Residential,Individual,Unknown,Auckland,Free,41,0.0,Unassigned,2018-11-09
ACC-06091,Barbara Moore,Pacific Logistics,Business,Corporate,Professional Services,Auckland,Enterprise,16,0.0,Unassigned,2019-11-21
ACC-06092,William Miller,Kiwi Construction,Business,Small Business,Trades,Wellington,Free,11,0.0,Unassigned,2018-05-16
ACC-06094,Sarah Taylor,Coastal Holdings,Business,Small Business,Retail,Waikato,Enterprise,9,740.53,Mike Patterson,2019-12-12
ACC-06098,David Smith,Unknown,Residential,Corporate,Unknown,Wellington,Free,1,51.22,Unassigned,2022-10-16
ACC-06100,James Brown,Coastal Partners,Business,Small Business,Trades,Manawatu-Whanganui,Free,22,337.46,Rob Thompson,2023-11-22
ACC-06102,Patricia Smith,Unknown,Residential,Individual,Unknown,Canterbury,Basic,5,0.0,Unassigned,2022-01-07
ACC-06103,Elizabeth Hernandez,Pacific Systems,Business,Small Business,Construction,Wellington,Basic,32,102.0,Unassigned,2023-11-08
ACC-06104,David Smith,Harbour Ltd,Business,Corporate,Professional Services,Auckland,Free,10,0.0,Unassigned,2021-09-07
ACC-06105,Thomas Davis,Metro Construction,Business,Corporate,Professional Services,Canterbury,Free,7,505.93,Sarah Chen,2021-03-19
ACC-06106,Susan Williams,Gateway Ltd,Business,Corporate,Education,Southland,Enterprise,39,246.79,Mike Patterson,2021-08-31
ACC-06107,Jennifer Lopez,Metro Dental,Business,Corporate,Healthcare,Otago,Basic,18,99.61,Unassigned,2019-02-10
ACC-06108,Karen Taylor,Apex Consulting,Business,Small Business,Manufacturing,Canterbury,Premium,59,270.61,Lisa Hartley,2020-01-28
ACC-06109,Jessica Brown,Harbour Solutions,Business,Corporate,Retail,Canterbury,Enterprise,4,486.18,Sarah Chen,2020-05-15
ACC-06110,Barbara Anderson,Pacific Legal,Business,Corporate,Professional Services,Auckland,Free,57,64.41,Unassigned,2022-03-18
ACC-06111,Elizabeth Taylor,Apex Dental,Business,Individual,Manufacturing,Hawke's Bay,Free,50,763.26,Sarah Chen,2020-07-19
ACC-06113,Charles Gonzalez,Island Systems,Business,Corporate,Manufacturing,Hawke's Bay,Basic,1,123.91,Unassigned,2021-10-01
ACC-06114,Jessica Davis,Harbour Transport,Business,Individual,Retail,Hawke's Bay,Enterprise,45,656.64,Mike Patterson,2022-08-27
ACC-06118,Barbara Hernandez,Gateway Partners,Business,Individual,Education,Otago,Basic,43,0.0,Unassigned,2022-10-31
ACC-06120,Jessica Martinez,Pacific Plumbing,Business,Small Business,Hospitality,Auckland,Premium,9,272.02,Lisa Hartley,2022-09-11
ACC-06121,Linda Wilson,Frontier Plumbing,Business,Small Business,Construction,Bay of Plenty,Enterprise,34,699.02,Mike Patterson,2019-03-06
ACC-06124,Michael Taylor,Island Transport,Business,Individual,Professional Services,Wellington,Basic,34,710.09,Mike Patterson,2022-11-08
ACC-06125,Barbara Anderson,Pioneer Transport,Business,Individual,Retail,Canterbury,Basic,14,94.13,Unassigned,2019-06-06
ACC-06126,Mary Martin,Peak Logistics,Business,Individual,Transport & Logistics,Auckland,Free,22,0.0,Unassigned,2021-02-25
ACC-06127,Elizabeth Martin,Central Tech,Business,Corporate,Construction,Otago,Premium,3,268.92,Sarah Chen,2023-12-20
ACC-06131,Robert Hernandez,Unknown,Residential,Small Business,Unknown,Canterbury,Free,3,0.0,Unassigned,2023-09-12
ACC-06132,Linda Martin,Island Solutions,Business,Corporate,Hospitality,Auckland,Basic,45,104.86,Unassigned,2018-11-17
ACC-06133,Linda Johnson,Unknown,Residential,Individual,Unknown,Wellington,Enterprise,28,330.92,Sarah Chen,2020-04-21
ACC-06135,Charles Gonzalez,Unknown,Residential,Small Business,Unknown,Canterbury,Basic,53,44.26,Unassigned,2020-08-26
ACC-06137,Jennifer Taylor,Ridge Industries,Business,Corporate,Manufacturing,Canterbury,Enterprise,4,706.76,Sarah Chen,2023-11-17
ACC-06138,Patricia Moore,Ridge Logistics,Business,Corporate,Construction,Auckland,Basic,21,574.13,Mike Patterson,2018-11-04
ACC-06140,Charles Taylor,Southern Industries,Business,Corporate,Retail,Canterbury,Free,43,0.0,Unassigned,2018-08-01
ACC-06142,William Brown,Southern Dental,Business,Corporate,Healthcare,Canterbury,Free,20,0.0,Unassigned,2018-03-16
ACC-06143,William Thomas,Unknown,Residential,Individual,Unknown,Taranaki,Enterprise,17,266.85,Sarah Chen,2019-08-25
ACC-06144,Jennifer Johnson,Sterling Enterprises,Business,Corporate,Trades,Canterbury,Enterprise,21,0.0,Unassigned,2020-01-09
ACC-06145,John Johnson,Unknown,Residential,Individual,Unknown,Northland,Basic,29,342.23,Sarah Chen,2021-04-07
ACC-06147,Mary Rodriguez,Pacific Engineering,Business,Small Business,Retail,Otago,Basic,37,83.77,Unassigned,2023-07-13
ACC-06149,Charles Rodriguez,Island Engineering,Business,Corporate,Construction,Canterbury,Basic,29,61.95,Unassigned,2018-11-28
ACC-06150,Barbara Miller,Unknown,Residential,Corporate,Unknown,Canterbury,Enterprise,28,0.0,Unassigned,2018-08-20
ACC-06152,Karen Martin,Pacific Consulting,Business,Individual,Property Management,Auckland,Basic,5,88.28,Unassigned,2022-10-21
ACC-06153,David Anderson,Metro Plumbing,Business,Corporate,Agriculture,Auckland,Enterprise,18,0.0,Unassigned,2022-05-05
ACC-06155,Joseph Brown,Pioneer Engineering,Business,Small Business,Professional Services,Otago,Basic,15,57.48,Unassigned,2019-12-25
ACC-06157,Jennifer Gonzalez,Highland Transport,Business,Small Business,Trades,Hawke's Bay,Free,5,0.0,Unassigned,2018-03-01
ACC-06158,Jessica Lopez,Unknown,Residential,Small Business,Unknown,Auckland,Basic,57,47.65,Unassigned,2022-08-14
ACC-06160,Elizabeth Rodriguez,Gateway Electrical,Business,Corporate,Construction,Otago,Enterprise,18,762.01,Mike Patterson,2019-05-16
ACC-06161,John Lopez,Unknown,Residential,Individual,Unknown,Auckland,Basic,1,436.31,Rob Thompson,2022-04-21
ACC-06162,John Smith,Highland Services,Business,Corporate,Manufacturing,Auckland,Basic,14,73.36,Unassigned,2018-11-17
ACC-06164,James Anderson,Unknown,Residential,Small Business,Unknown,Otago,Premium,30,115.95,Unassigned,2019-06-09
ACC-06165,William Jackson,Island Dental,Business,Corporate,Construction,Wellington,Premium,23,238.02,Lisa Hartley,2023-09-18
ACC-06166,Jennifer Moore,Unknown,Residential,Individual,Unknown,Wellington,Basic,28,56.23,Unassigned,2022-04-29
ACC-06167,John Lopez,Ridge Ltd,Business,Small Business,Hospitality,Waikato,Free,2,0.0,Unassigned,2020-11-12
ACC-06168,Michael Davis,Unknown,Residential,Small Business,Unknown,Waikato,Enterprise,4,128.59,Mike Patterson,2019-11-14
ACC-06169,Elizabeth Taylor,Northern Engineering,Business,Corporate,Property Management,Canterbury,Basic,26,109.84,Unassigned,2020-09-01
ACC-06171,John Lopez,Unknown,Residential,Individual,Unknown,Canterbury,Enterprise,44,407.69,Mike Patterson,2021-05-25
ACC-06172,David Davis,Unknown,Residential,Corporate,Unknown,Wellington,Free,23,104.75,Unassigned,2020-11-06
ACC-06173,Jennifer Martin,Unknown,Residential,Individual,Unknown,Manawatu-Whanganui,Basic,58,42.91,Unassigned,2022-06-24
ACC-06174,John Garcia,Southern Logistics,Business,Individual,Professional Services,Taranaki,Enterprise,8,0.0,Unassigned,2021-05-05
ACC-06175,David Smith,Sterling Consulting,Business,Corporate,Professional Services,Wellington,Basic,27,117.38,Unassigned,2023-07-20
ACC-06177,Charles Lopez,Southern Group,Business,Corporate,Education,Hawke's Bay,Premium,43,213.17,Sarah Chen,2023-02-05
ACC-06178,Susan Jones,Unknown,Residential,Individual,Unknown,Auckland,Basic,44,42.7,Unassigned,2023-12-22
ACC-06182,William Hernandez,Unknown,Residential,Individual,Unknown,Canterbury,Free,22,0.0,Unassigned,2020-02-08
ACC-06183,Sarah Anderson,Unknown,Residential,Small Business,Unknown,Auckland,Free,22,0.0,Unassigned,2020-01-05
ACC-06184,John Miller,Harbour Partners,Business,Small Business,Professional Services,Canterbury,Basic,36,100.52,Unassigned,2018-07-20
ACC-06186,Barbara Williams,Unknown,Residential,Corporate,Unknown,Manawatu-Whanganui,Premium,10,116.2,Unassigned,2019-06-16
ACC-06187,Mary Jackson,Ridge Tech,Business,Corporate,Construction,Canterbury,Basic,13,264.41,Mike Patterson,2023-12-02
ACC-06188,Jennifer Johnson,Alpha Engineering,Business,Corporate,Manufacturing,Waikato,Enterprise,50,900.73,Rob Thompson,2020-08-14
ACC-06190,David Martinez,Peak Holdings,Business,Corporate,Manufacturing,Otago,Enterprise,11,204.07,Sarah Chen,2019-11-28
ACC-06191,Charles Miller,Highland Industries,Business,Corporate,Healthcare,Auckland,Free,18,0.0,Unassigned,2023-05-06
ACC-06192,Charles Gonzalez,Island Electrical,Business,Corporate,Professional Services,Canterbury,Basic,44,71.49,Unassigned,2020-10-07
ACC-06193,Charles Thomas,Harbour Enterprises,Business,Corporate,Education,Auckland,Basic,2,709.2,Sarah Chen,2019-11-22
ACC-06194,Charles Hernandez,Unknown,Residential,Small Business,Unknown,Waikato,Enterprise,25,106.97,Unassigned,2021-09-16
ACC-06195,David Rodriguez,Metro Group,Business,Individual,Construction,Canterbury,Basic,13,94.75,Unassigned,2020-02-08
ACC-06196,Barbara Jackson,Unknown,Residential,Individual,Unknown,Canterbury,Free,12,0.0,Unassigned,2023-11-24
ACC-06199,Michael Taylor,Unknown,Residential,Individual,Unknown,Otago,Free,25,0.0,Unassigned,2018-07-02
ACC-06200,Sarah Smith,Coastal Legal,Business,Corporate,Property Management,Waikato,Premium,29,292.65,Lisa Hartley,2018-11-03
ACC-06201,Michael Lopez,Pacific Solutions,Business,Corporate,Healthcare,Waikato,Free,3,0.0,Unassigned,2021-06-26
ACC-06203,Barbara Brown,Valley Industries,Business,Corporate,Retail,Otago,Free,17,539.9,Mike Patterson,2023-05-24
ACC-06205,William Garcia,Island Ltd,Business,Corporate,Education,Waikato,Basic,57,83.43,Unassigned,2020-03-06
ACC-06206,Charles Anderson,Alpha Tech,Business,Small Business,Agriculture,Auckland,Free,8,265.53,Rob Thompson,2023-10-30
ACC-06208,Patricia Smith,Apex Solutions,Business,Small Business,Professional Services,Northland,Premium,18,264.35,Sarah Chen,2023-10-10
ACC-06209,Charles Smith,Unknown,Residential,Corporate,Unknown,Southland,Enterprise,42,283.12,Rob Thompson,2018-05-26
ACC-06211,Elizabeth Garcia,Unknown,Residential,Individual,Unknown,Hawke's Bay,Basic,17,37.04,Unassigned,2020-01-07
ACC-06213,John Jones,Highland Plumbing,Business,Small Business,Education,Waikato,Free,6,0.0,Unassigned,2018-08-30
ACC-06215,Charles Brown,Metro Medical,Business,Corporate,Construction,Canterbury,Premium,14,263.05,Lisa Hartley,2019-04-16
ACC-06216,John Moore,Unknown,Residential,Individual,Unknown,Canterbury,Basic,41,49.58,Unassigned,2022-12-15
ACC-06217,Susan Thomas,Harbour Tech,Business,Corporate,Healthcare,Canterbury,Premium,23,201.4,Lisa Hartley,2019-11-04
ACC-06218,John Thomas,Gateway Plumbing,Business,Individual,Hospitality,Canterbury,Enterprise,14,533.44,Sarah Chen,2019-01-09
ACC-06219,David Williams,Pacific Holdings,Business,Small Business,Education,Waikato,Basic,23,90.48,Unassigned,2019-05-02
ACC-06221,Elizabeth Gonzalez,Unknown,Residential,Corporate,Unknown,Canterbury,Free,18,0.0,Unassigned,2022-03-10
ACC-06222,Linda Moore,Frontier Industries,Business,Corporate,Professional Services,Canterbury,Premium,34,270.99,Mike Patterson,2018-06-24
ACC-06225,Elizabeth Williams,Pioneer Logistics,Business,Corporate,Construction,Auckland,Enterprise,36,510.04,Mike Patterson,2020-10-26
ACC-06226,Jessica Martin,Northern Dental,Business,Corporate,Trades,Northland,Basic,47,59.62,Unassigned,2023-02-01
ACC-06228,David Lopez,Apex Transport,Business,Individual,Trades,Auckland,Basic,59,10.96,Unassigned,2019-08-29
ACC-06229,Thomas Anderson,Metro Tech,Business,Corporate,Retail,Manawatu-Whanganui,Enterprise,2,512.16,Sarah Chen,2018-11-01
ACC-06231,Elizabeth Jackson,Gateway Partners,Business,Small Business,Manufacturing,Auckland,Enterprise,15,878.05,Sarah Chen,2023-10-19
ACC-06232,Karen Taylor,Unknown,Residential,Individual,Unknown,Canterbury,Basic,2,0.0,Unassigned,2020-07-15
ACC-06234,Richard Martinez,Unknown,Residential,Individual,Unknown,Otago,Free,42,0.0,Unassigned,2019-03-19
ACC-06235,Barbara Anderson,Kiwi Partners,Business,Corporate,Healthcare,Canterbury,Free,14,0.0,Unassigned,2023-03-20
ACC-06236,James Johnson,Ridge Ltd,Business,Corporate,Education,Manawatu-Whanganui,Premium,29,292.46,Mike Patterson,2022-04-07
ACC-06238,Elizabeth Moore,Unknown,Residential,Small Business,Unknown,Canterbury,Free,8,0.0,Unassigned,2018-11-14
ACC-06239,Elizabeth Miller,Unknown,Residential,Small Business,Unknown,Otago,Enterprise,10,349.4,Sarah Chen,2020-12-26
ACC-06240,Jennifer Martin,Unknown,Residential,Small Business,Unknown,Waikato,Basic,60,43.37,Unassigned,2018-07-18
ACC-06241,Barbara Martin,Peak Industries,Business,Corporate,Manufacturing,Canterbury,Free,3,179.97,Unassigned,2019-02-19
ACC-06243,Joseph Anderson,Alpha Legal,Business,Small Business,Technology,Wellington,Enterprise,44,537.51,Rob Thompson,2018-09-01
ACC-06244,David Taylor,Unknown,Residential,Corporate,Unknown,Waikato,Enterprise,31,362.71,Lisa Hartley,2021-05-27
ACC-06245,Mary Martin,Pacific Construction,Business,Small Business,Retail,Southland,Basic,57,0.0,Unassigned,2022-11-15
ACC-06248,Joseph Martin,Sterling Systems,Business,Corporate,Trades,Waikato,Free,9,0.0,Unassigned,2020-12-21
ACC-06249,David Garcia,Unknown,Residential,Corporate,Unknown,Waikato,Enterprise,1,348.01,Rob Thompson,2022-03-03
ACC-06250,John Thomas,Sterling Transport,Business,Corporate,Hospitality,Auckland,Premium,25,234.65,Rob Thompson,2021-04-09
ACC-06251,Jennifer Martinez,Island Medical,Business,Corporate,Hospitality,Canterbury,Basic,34,94.07,Unassigned,2023-07-13
ACC-06252,Michael Hernandez,Highland Legal,Business,Corporate,Professional Services,Canterbury,Basic,48,113.5,Mike Patterson,2018-03-01
ACC-06254,John Miller,Metro Partners,Business,Corporate,Retail,Auckland,Enterprise,28,174.48,Unassigned,2020-08-04
ACC-06256,Mary Garcia,Pacific Ltd,Business,Corporate,Retail,Hawke's Bay,Free,45,0.0,Unassigned,2020-10-28
ACC-06257,Charles Hernandez,Sterling Partners,Business,Individual,Construction,Otago,Basic,8,190.0,Unassigned,2023-04-05
ACC-06258,Jennifer Rodriguez,Unknown,Residential,Corporate,Unknown,Auckland,Basic,22,44.37,Unassigned,2023-11-17
ACC-06259,David Davis,Gateway Transport,Business,Corporate,Transport & Logistics,Otago,Free,35,0.0,Unassigned,2021-08-07
ACC-06260,Jessica Gonzalez,Alpha Consulting,Business,Corporate,Trades,Wellington,Free,54,0.0,Unassigned,2022-06-06
ACC-06261,Joseph Jackson,Gateway Engineering,Business,Small Business,Construction,Otago,Free,18,0.0,Unassigned,2023-10-09
ACC-06262,Barbara Gonzalez,Northern Systems,Business,Corporate,Hospitality,Waikato,Basic,8,701.54,Lisa Hartley,2020-08-21
ACC-06263,James Garcia,Unknown,Residential,Individual,Unknown,Nelson-Marlborough,Enterprise,54,288.11,Mike Patterson,2023-06-07
ACC-06264,Susan Taylor,Northern Ltd,Business,Corporate,Trades,Wellington,Basic,33,516.43,Mike Patterson,2022-04-24
ACC-06265,Jessica Brown,Unknown,Residential,Small Business,Unknown,Wellington,Free,5,0.0,Unassigned,2019-01-31
ACC-06267,Robert Johnson,Unknown,Residential,Individual,Unknown,Bay of Plenty,Premium,56,44.97,Unassigned,2020-02-04
ACC-06270,Charles Miller,Summit Medical,Business,Individual,Retail,Wellington,Free,28,0.0,Unassigned,2020-06-17
ACC-06272,Charles Taylor,Unknown,Residential,Small Business,Unknown,Auckland,Basic,11,39.14,Unassigned,2020-01-12
ACC-06274,Elizabeth Hernandez,Unknown,Residential,Corporate,Unknown,Taranaki,Basic,8,42.72,Unassigned,2023-03-17
ACC-06275,Jessica Johnson,Apex Industries,Business,Corporate,Professional Services,Bay of Plenty,Basic,51,536.27,Mike Patterson,2018-03-24
ACC-06276,Jessica Wilson,Gateway Construction,Business,Corporate,Transport & Logistics,Canterbury,Premium,4,97.4,Unassigned,2019-01-07
ACC-06278,Charles Jackson,Pacific Plumbing,Business,Corporate,Trades,Hawke's Bay,Basic,23,68.18,Unassigned,2019-12-09
ACC-06279,John Davis,Ridge Legal,Business,Corporate,Manufacturing,Otago,Basic,44,65.58,Unassigned,2023-07-12
ACC-06282,Jessica Miller,Unknown,Residential,Individual,Unknown,Auckland,Enterprise,12,343.72,Mike Patterson,2019-05-30
ACC-06283,John Rodriguez,Ridge Holdings,Business,Corporate,Healthcare,Auckland,Basic,39,75.52,Unassigned,2020-03-09
ACC-06284,Joseph Garcia,Unknown,Residential,Individual,Unknown,Bay of Plenty,Premium,5,0.0,Unassigned,2018-09-13
ACC-06286,Barbara Williams,Summit Plumbing,Business,Corporate,Construction,Auckland,Premium,47,249.37,Rob Thompson,2019-02-16
ACC-06287,David Moore,Unknown,Residential,Corporate,Unknown,Waikato,Premium,9,36.63,Unassigned,2021-11-28
ACC-06288,David Williams,Ridge Medical,Business,Corporate,Manufacturing,Auckland,Enterprise,26,789.01,Mike Patterson,2019-10-14
ACC-06289,Barbara Williams,Alpha Legal,Business,Individual,Professional Services,Waikato,Enterprise,11,844.02,Mike Patterson,2023-11-21
ACC-06291,Michael Garcia,Pioneer Tech,Business,Corporate,Technology,Auckland,Basic,5,81.06,Unassigned,2020-08-23
ACC-06293,Richard Moore,Unknown,Residential,Corporate,Unknown,Auckland,Free,7,47.56,Unassigned,2021-07-02
ACC-06295,Elizabeth Davis,Unknown,Residential,Individual,Unknown,Wellington,Premium,12,130.45,Unassigned,2019-01-16
ACC-06296,Charles Jackson,Apex Logistics,Business,Small Business,Healthcare,Bay of Plenty,Enterprise,1,316.44,Rob Thompson,2020-04-06
ACC-06297,Patricia Brown,Gateway Services,Business,Corporate,Trades,Taranaki,Enterprise,9,766.58,Sarah Chen,2022-07-13
ACC-06298,Joseph Jones,Frontier Tech,Business,Corporate,Hospitality,Auckland,Basic,31,71.88,Unassigned,2020-08-15
ACC-06299,Jennifer Miller,Peak Enterprises,Business,Corporate,Construction,Otago,Premium,7,154.6,Unassigned,2018-04-25
ACC-06300,Joseph Moore,Unknown,Residential,Corporate,Unknown,Waikato,Enterprise,24,256.6,Mike Patterson,2020-08-28
ACC-06301,Charles Williams,Unknown,Residential,Individual,Unknown,Canterbury,Basic,5,337.89,Lisa Hartley,2020-04-16
ACC-06302,Charles Taylor,Island Partners,Business,Corporate,Agriculture,Canterbury,Enterprise,36,775.59,Rob Thompson,2022-11-09
ACC-06304,Joseph Jackson,Highland Logistics,Business,Corporate,Agriculture,Auckland,Enterprise,38,524.41,Mike Patterson,2020-07-22
ACC-06306,John Martin,Gateway Construction,Business,Corporate,Technology,Canterbury,Enterprise,33,667.85,Mike Patterson,2020-03-02
ACC-06307,Joseph Johnson,Alpha Consulting,Business,Small Business,Construction,Wellington,Basic,26,407.04,Rob Thompson,2021-02-23
ACC-06309,John Wilson,Pioneer Enterprises,Business,Corporate,Trades,Canterbury,Free,26,0.0,Unassigned,2023-08-22
ACC-06310,Charles Jones,Sterling Medical,Business,Small Business,Trades,Waikato,Premium,5,282.56,Rob Thompson,2021-12-25
ACC-06311,Karen Hernandez,Northern Enterprises,Business,Corporate,Retail,Auckland,Enterprise,31,660.69,Mike Patterson,2019-06-08
ACC-06313,James Moore,Unknown,Residential,Individual,Unknown,Canterbury,Enterprise,3,316.52,Rob Thompson,2022-10-22
ACC-06315,John Thomas,Unknown,Residential,Individual,Unknown,Canterbury,Enterprise,21,380.17,Mike Patterson,2020-07-12
ACC-06316,Elizabeth Miller,Northern Transport,Business,Small Business,Manufacturing,Auckland,Premium,37,687.92,Rob Thompson,2022-05-08
ACC-06318,Charles Rodriguez,Pacific Tech,Business,Individual,Transport & Logistics,Wellington,Basic,12,68.64,Unassigned,2023-01-04
ACC-06319,Richard Hernandez,Highland Construction,Business,Corporate,Trades,Canterbury,Basic,31,86.92,Unassigned,2018-06-14
ACC-06321,James Martinez,Harbour Engineering,Business,Corporate,Construction,Auckland,Basic,27,482.47,Lisa Hartley,2022-04-08
ACC-06322,Mary Taylor,Alpha Dental,Business,Individual,Hospitality,Waikato,Basic,60,87.25,Unassigned,2019-04-16
ACC-06327,David Rodriguez,Unknown,Residential,Corporate,Unknown,Auckland,Enterprise,9,0.0,Unassigned,2021-09-28
ACC-06328,Charles Martin,Unknown,Residential,Individual,Unknown,Canterbury,Enterprise,21,343.22,Lisa Hartley,2018-05-13
ACC-06329,David Jones,Unknown,Residential,Small Business,Unknown,Canterbury,Free,14,0.0,Unassigned,2023-06-19
ACC-06332,Barbara Smith,Pioneer Consulting,Business,Corporate,Education,Manawatu-Whanganui,Free,8,0.0,Unassigned,2023-05-28
ACC-06334,Joseph Garcia,Unknown,Residential,Individual,Unknown,Canterbury,Basic,12,55.26,Unassigned,2020-06-20
ACC-06336,Mary Williams,Unknown,Residential,Individual,Unknown,Canterbury,Free,53,0.0,Unassigned,2018-01-09
ACC-06338,Patricia Martinez,Unknown,Residential,Small Business,Unknown,Auckland,Free,52,0.0,Unassigned,2020-01-28
ACC-06339,John Garcia,Summit Group,Business,Corporate,Healthcare,Auckland,Enterprise,16,194.35,Unassigned,2019-08-29
ACC-06342,James Thomas,Valley Logistics,Business,Corporate,Retail,Waikato,Free,5,328.79,Lisa Hartley,2018-09-15
ACC-06343,David Wilson,Summit Tech,Business,Corporate,Trades,Otago,Basic,49,87.2,Unassigned,2022-11-27
ACC-06344,David Garcia,Coastal Engineering,Business,Corporate,Hospitality,Wellington,Basic,8,244.66,Sarah Chen,2020-10-02
ACC-06345,Robert Moore,Valley Tech,Business,Corporate,Retail,Bay of Plenty,Enterprise,2,486.42,Sarah Chen,2019-05-20
ACC-06347,Richard Miller,Unknown,Residential,Individual,Unknown,Otago,Enterprise,45,390.49,Mike Patterson,2023-07-07
ACC-06348,David Thomas,Frontier Transport,Business,Individual,Retail,Canterbury,Premium,22,98.46,Unassigned,2020-06-23
ACC-06349,Susan Miller,Pacific Dental,Business,Corporate,Hospitality,Auckland,Premium,21,248.2,Rob Thompson,2021-10-07
ACC-06350,Joseph Williams,Unknown,Residential,Individual,Unknown,Auckland,Free,48,0.0,Unassigned,2020-05-02
ACC-06354,Richard Davis,Unknown,Residential,Corporate,Unknown,Canterbury,Enterprise,26,0.0,Unassigned,2018-06-18
ACC-06355,Charles Hernandez,Island Logistics,Business,Small Business,Retail,Auckland,Enterprise,60,314.6,Mike Patterson,2022-03-14
ACC-06356,Patricia Hernandez,Unknown,Residential,Individual,Unknown,Otago,Basic,6,165.68,Unassigned,2022-02-05
ACC-06357,John Martin,Sterling Partners,Business,Corporate,Construction,Otago,Enterprise,5,777.74,Mike Patterson,2019-06-29
ACC-06358,Michael Lopez,Peak Plumbing,Business,Corporate,Healthcare,Wellington,Enterprise,42,846.9,Rob Thompson,2021-09-10
ACC-06359,Barbara Martin,Unknown,Residential,Corporate,Unknown,Canterbury,Basic,4,0.0,Unassigned,2018-04-14
ACC-06360,Joseph Davis,Unknown,Residential,Individual,Unknown,Auckland,Enterprise,1,353.42,Mike Patterson,2021-07-20
ACC-06363,Barbara Moore,Metro Plumbing,Business,Small Business,Construction,Canterbury,Basic,9,77.72,Unassigned,2022-10-03
ACC-06364,James Moore,Frontier Plumbing,Business,Corporate,Trades,Wellington,Free,13,0.0,Unassigned,2020-08-04
ACC-06366,Barbara Garcia,Central Legal,Business,Corporate,Education,Otago,Basic,16,838.09,Rob Thompson,2019-05-17
ACC-06368,Joseph Gonzalez,Unknown,Residential,Individual,Unknown,Canterbury,Free,11,117.06,Unassigned,2022-07-18
ACC-06369,Linda Martinez,Unknown,Residential,Individual,Unknown,Canterbury,Free,9,0.0,Unassigned,2018-08-07
ACC-06370,Karen Anderson,Unknown,Residential,Individual,Unknown,Auckland,Enterprise,22,435.55,Sarah Chen,2023-07-06
ACC-06371,Sarah Martin,Northern Services,Business,Corporate,Trades,Wellington,Enterprise,4,390.34,Mike Patterson,2018-08-25
ACC-06373,Joseph Williams,Unknown,Residential,Corporate,Unknown,Otago,Basic,4,426.92,Rob Thompson,2018-04-21
ACC-06374,David Jones,Sterling Medical,Business,Corporate,Education,Hawke's Bay,Premium,3,705.62,Lisa Hartley,2022-05-31
ACC-06375,Barbara Garcia,Unknown,Residential,Individual,Unknown,Canterbury,Free,49,156.18,Unassigned,2021-06-25
ACC-06376,William Jackson,Gateway Electrical,Business,Corporate,Construction,Otago,Enterprise,55,838.72,Lisa Hartley,2022-04-28
ACC-06377,Mary Lopez,Unknown,Residential,Corporate,Unknown,Auckland,Basic,16,298.03,Lisa Hartley,2020-12-31
ACC-06378,Jennifer Johnson,Unknown,Residential,Small Business,Unknown,Canterbury,Basic,13,105.68,Unassigned,2019-04-06
ACC-06379,David Taylor,Northern Systems,Business,Individual,Professional Services,Manawatu-Whanganui,Premium,17,314.0,Sarah Chen,2020-07-21
ACC-06380,Jessica Davis,Unknown,Residential,Individual,Unknown,Wellington,Basic,9,388.2,Sarah Chen,2023-01-14
ACC-06381,Jessica Lopez,Unknown,Residential,Small Business,Unknown,Wellington,Free,1,0.0,Unassigned,2022-12-18
ACC-06382,Elizabeth Lopez,Ridge Plumbing,Business,Small Business,Agriculture,Hawke's Bay,Premium,44,156.35,Lisa Hartley,2022-01-30
ACC-06383,Linda Brown,Sterling Tech,Business,Small Business,Trades,Auckland,Free,49,0.0,Unassigned,2022-01-01
ACC-06384,Joseph Moore,Summit Systems,Business,Corporate,Trades,Waikato,Premium,13,289.0,Rob Thompson,2020-03-02
ACC-06386,Robert Martin,Ridge Legal,Business,Corporate,Education,Otago,Enterprise,4,661.44,Lisa Hartley,2018-09-09
ACC-06387,John Davis,Northern Logistics,Business,Corporate,Professional Services,Auckland,Basic,3,49.63,Unassigned,2022-04-25
ACC-06388,Jennifer Wilson,Central Enterprises,Business,Individual,Retail,Auckland,Basic,22,92.54,Unassigned,2021-04-03
ACC-06389,Thomas Jones,Valley Tech,Business,Corporate,Property Management,Northland,Free,34,0.0,Unassigned,2023-04-01
ACC-06390,Patricia Jones,Central Partners,Business,Small Business,Hospitality,Auckland,Basic,10,537.19,Mike Patterson,2022-02-05
ACC-06393,Michael Martin,Unknown,Residential,Corporate,Unknown,Otago,Enterprise,37,45.01,Unassigned,2020-11-05
ACC-06394,James Hernandez,Unknown,Residential,Corporate,Unknown,Waikato,Enterprise,7,109.17,Unassigned,2021-09-17
ACC-06395,Jessica Martinez,Unknown,Residential,Corporate,Unknown,Hawke's Bay,Basic,16,361.5,Rob Thompson,2022-01-20
ACC-06396,Thomas Martinez,Unknown,Residential,Individual,Unknown,Canterbury,Free,1,0.0,Unassigned,2020-03-28
ACC-06397,Michael Moore,Pacific Construction,Business,Small Business,Trades,Wellington,Enterprise,9,779.66,Rob Thompson,2022-12-13
ACC-06398,Jennifer Rodriguez,Alpha Dental,Business,Corporate,Healthcare,Bay of Plenty,Free,4,0.0,Unassigned,2020-04-30
ACC-06400,Barbara Jackson,Gateway Dental,Business,Small Business,Construction,Waikato,Enterprise,6,912.97,Lisa Hartley,2018-07-10
ACC-06401,Thomas Smith,Unknown,Residential,Individual,Unknown,Wellington,Basic,20,40.63,Unassigned,2018-07-11
ACC-06402,Barbara Hernandez,Unknown,Residential,Corporate,Unknown,Auckland,Basic,2,42.41,Unassigned,2023-04-19
ACC-06403,Elizabeth Garcia,Gateway Tech,Business,Corporate,Professional Services,Wellington,Basic,3,81.86,Unassigned,2023-06-17
ACC-06404,Barbara Davis,Pioneer Engineering,Business,Small Business,Hospitality,Waikato,Premium,12,548.13,Sarah Chen,2023-06-16
ACC-06406,Barbara Wilson,Central Solutions,Business,Individual,Healthcare,Canterbury,Premium,8,90.41,Unassigned,2023-02-11
ACC-06410,James Brown,Gateway Enterprises,Business,Corporate,Healthcare,Auckland,Free,24,0.0,Unassigned,2018-10-13
ACC-06413,Patricia Johnson,Coastal Construction,Business,Corporate,Professional Services,Southland,Basic,5,0.0,Unassigned,2023-04-22
ACC-06414,Charles Anderson,Summit Solutions,Business,Corporate,Retail,Auckland,Basic,5,86.82,Unassigned,2022-08-03
ACC-06416,Patricia Rodriguez,Pacific Enterprises,Business,Small Business,Retail,Wellington,Basic,27,90.15,Unassigned,2018-08-27
ACC-06418,Charles Gonzalez,Highland Ltd,Business,Individual,Healthcare,Auckland,Free,2,227.12,Rob Thompson,2023-01-20
ACC-06419,Mary Lopez,Unknown,Residential,Individual,Unknown,Waikato,Free,54,0.0,Unassigned,2020-03-15
ACC-06420,John Martin,Central Systems,Business,Small Business,Construction,Wellington,Free,9,261.34,Lisa Hartley,2018-05-16
ACC-06421,Barbara Moore,Unknown,Residential,Individual,Unknown,Canterbury,Enterprise,13,40.82,Unassigned,2023-07-06
ACC-06424,Sarah Lopez,Peak Enterprises,Business,Corporate,Professional Services,Wellington,Premium,18,174.57,Unassigned,2022-03-25
ACC-06426,Michael Gonzalez,Valley Consulting,Business,Corporate,Construction,Auckland,Premium,37,279.47,Sarah Chen,2018-05-19
ACC-06427,Mary Brown,Kiwi Logistics,Business,Small Business,Retail,Auckland,Basic,33,103.32,Unassigned,2020-03-23
ACC-06428,John Smith,Pacific Enterprises,Business,Small Business,Healthcare,Canterbury,Basic,19,715.97,Lisa Hartley,2023-02-27
ACC-06430,John Taylor,Summit Legal,Business,Individual,Trades,Bay of Plenty,Enterprise,5,0.0,Unassigned,2019-08-15
ACC-06431,John Miller,Central Services,Business,Individual,Professional Services,Hawke's Bay,Basic,2,0.0,Unassigned,2019-11-01
ACC-06432,Charles Martin,Central Services,Business,Individual,Trades,Canterbury,Basic,24,0.0,Unassigned,2021-08-24
ACC-06433,Barbara Rodriguez,Gateway Group,Business,Corporate,Trades,Auckland,Premium,5,297.2,Sarah Chen,2018-12-19
ACC-06434,Robert Rodriguez,Ridge Group,Business,Corporate,Hospitality,Manawatu-Whanganui,Free,28,0.0,Unassigned,2021-01-02
ACC-06435,James Rodriguez,Peak Transport,Business,Corporate,Trades,Auckland,Enterprise,13,0.0,Unassigned,2021-01-07
ACC-06436,Barbara Anderson,Unknown,Residential,Corporate,Unknown,Canterbury,Basic,9,40.31,Unassigned,2023-03-02
ACC-06437,Linda Wilson,Peak Industries,Business,Corporate,Professional Services,Bay of Plenty,Enterprise,12,468.55,Mike Patterson,2018-05-12
ACC-06439,John Miller,Kiwi Industries,Business,Small Business,Professional Services,Canterbury,Basic,45,57.33,Unassigned,2021-11-08
ACC-06445,James Martin,Valley Legal,Business,Corporate,Retail,Northland,Basic,6,107.62,Mike Patterson,2022-07-12
ACC-06446,Karen Martin,Central Construction,Business,Corporate,Manufacturing,Hawke's Bay,Premium,56,343.24,Mike Patterson,2019-04-02
ACC-06447,Mary Jones,Northern Tech,Business,Small Business,Professional Services,Wellington,Basic,9,71.68,Unassigned,2022-09-21
ACC-06450,Robert Miller,Metro Group,Residential,Individual,Unknown,Canterbury,Premium,55,97.72,Unassigned,2021-09-15
ACC-06451,Barbara Johnson,Frontier Consulting,Business,Small Business,Trades,Auckland,Enterprise,4,170.35,Unassigned,2023-09-24
ACC-06452,Sarah Thomas,Island Industries,Business,Small Business,Healthcare,Auckland,Premium,24,0.0,Unassigned,2020-07-29
ACC-06453,James Hernandez,Southern Electrical,Business,Small Business,Construction,Hawke's Bay,Basic,3,60.95,Unassigned,2021-06-08
ACC-06455,Elizabeth Johnson,Unknown,Residential,Individual,Unknown,Canterbury,Free,13,96.78,Unassigned,2020-01-17
ACC-06457,Robert Williams,Sterling Legal,Business,Corporate,Professional Services,Manawatu-Whanganui,Basic,41,120.31,Unassigned,2018-10-10
ACC-06458,John Lopez,Unknown,Residential,Corporate,Unknown,Canterbury,Basic,19,0.0,Unassigned,2020-07-01
ACC-06459,Karen Hernandez,Alpha Enterprises,Business,Small Business,Construction,Wellington,Basic,31,105.01,Unassigned,2021-07-29
ACC-06462,James Garcia,Pioneer Dental,Business,Small Business,Transport & Logistics,Canterbury,Basic,22,82.37,Unassigned,2018-07-25
ACC-06463,Barbara Lopez,Pacific Systems,Business,Corporate,Trades,Waikato,Basic,9,197.1,Lisa Hartley,2020-07-22
ACC-06464,Sarah Brown,Highland Medical,Business,Corporate,Construction,Otago,Basic,27,85.86,Unassigned,2019-09-06
ACC-06465,Karen Smith,Central Transport,Business,Individual,Professional Services,Otago,Basic,14,51.81,Unassigned,2018-05-14
ACC-06467,Barbara Brown,Highland Group,Business,Small Business,Agriculture,Manawatu-Whanganui,Free,49,0.0,Unassigned,2022-06-11
ACC-06468,William Hernandez,Summit Group,Business,Small Business,Construction,Canterbury,Basic,60,114.02,Unassigned,2022-05-19
ACC-06469,Robert Martin,Peak Ltd,Business,Small Business,Trades,Auckland,Basic,45,186.55,Lisa Hartley,2022-05-05
ACC-06470,James Smith,Unknown,Residential,Individual,Unknown,Auckland,Premium,10,404.27,Lisa Hartley,2018-02-23
ACC-06471,Elizabeth Garcia,Island Group,Business,Corporate,Hospitality,Otago,Enterprise,25,275.29,Sarah Chen,2023-12-16
ACC-06472,Jennifer Williams,Ridge Medical,Business,Individual,Healthcare,Manawatu-Whanganui,Premium,10,239.28,Mike Patterson,2021-02-05
ACC-06473,Susan Wilson,Ridge Plumbing,Business,Small Business,Trades,Bay of Plenty,Enterprise,24,695.23,Sarah Chen,2023-05-08
ACC-06474,David Brown,Unknown,Residential,Small Business,Unknown,Manawatu-Whanganui,Enterprise,16,315.36,Sarah Chen,2018-05-30
ACC-06475,Michael Smith,Unknown,Residential,Individual,Unknown,Manawatu-Whanganui,Enterprise,30,0.0,Unassigned,2021-07-09
ACC-06476,Charles Anderson,Harbour Logistics,Business,Individual,Hospitality,Wellington,Premium,5,164.09,Unassigned,2021-06-20
ACC-06477,William Brown,Pacific Transport,Business,Small Business,Transport & Logistics,Canterbury,Basic,9,65.55,Unassigned,2022-03-13
ACC-06479,Jennifer Taylor,Unknown,Residential,Individual,Unknown,Auckland,Basic,12,40.88,Unassigned,2021-08-03
ACC-06483,Richard Williams,Unknown,Residential,Individual,Unknown,Southland,Basic,11,39.79,Unassigned,2021-04-13
ACC-06484,Karen Jackson,Unknown,Residential,Small Business,Unknown,Wellington,Basic,59,50.17,Unassigned,2019-01-13
ACC-06485,Karen Thomas,Peak Tech,Business,Small Business,Construction,Nelson-Marlborough,Premium,40,191.48,Sarah Chen,2022-06-07
ACC-06487,Mary Thomas,Apex Legal,Business,Corporate,Construction,Otago,Free,3,806.01,Mike Patterson,2018-11-10
ACC-06488,Joseph Williams,Apex Partners,Business,Small Business,Retail,Auckland,Basic,2,101.26,Unassigned,2021-12-09
ACC-06490,Jessica Wilson,Summit Engineering,Business,Corporate,Retail,Waikato,Basic,26,83.61,Unassigned,2018-01-29
ACC-06491,John Martinez,Frontier Systems,Business,Corporate,Hospitality,Wellington,Basic,8,221.46,Rob Thompson,2020-04-03
ACC-06492,William Taylor,Pacific Electrical,Business,Small Business,Trades,Canterbury,Free,1,0.0,Unassigned,2023-06-05
ACC-06493,Patricia Martinez,Alpha Partners,Business,Corporate,Trades,Canterbury,Free,18,0.0,Unassigned,2018-10-12
ACC-06495,Jennifer Smith,Gateway Dental,Business,Individual,Construction,Canterbury,Basic,55,275.26,Sarah Chen,2020-11-10
ACC-06496,Barbara Jackson,Valley Solutions,Business,Corporate,Trades,Manawatu-Whanganui,Enterprise,46,589.89,Lisa Hartley,2023-11-26
ACC-06498,Robert Johnson,Sterling Partners,Business,Small Business,Hospitality,Waikato,Basic,26,50.72,Unassigned,2018-10-16
ACC-06499,Elizabeth Johnson,Peak Plumbing,Business,Corporate,Retail,Otago,Basic,23,102.09,Lisa Hartley,2020-04-15
ACC-06501,Patricia Williams,Unknown,Residential,Small Business,Unknown,Otago,Enterprise,60,381.23,Mike Patterson,2022-02-09
ACC-06502,Linda Taylor,Island Consulting,Business,Small Business,Professional Services,Auckland,Enterprise,51,886.08,Mike Patterson,2021-11-29
ACC-06503,Jessica Brown,Unknown,Residential,Small Business,Unknown,Waikato,Free,20,0.0,Unassigned,2022-05-30
ACC-06504,David Smith,Unknown,Residential,Individual,Unknown,Auckland,Basic,51,37.98,Unassigned,2023-08-21
ACC-06505,William Smith,Alpha Group,Business,Corporate,Trades,Auckland,Basic,29,99.71,Unassigned,2021-08-23
ACC-06506,James Moore,Unknown,Residential,Corporate,Unknown,Wellington,Enterprise,2,123.57,Unassigned,2023-01-28
ACC-06507,Charles Moore,Unknown,Residential,Small Business,Unknown,Nelson-Marlborough,Basic,30,59.13,Unassigned,2018-06-05
ACC-06508,Barbara Brown,Sterling Transport,Business,Individual,Construction,Auckland,Basic,31,74.62,Unassigned,2018-05-24
ACC-06509,Barbara Smith,Sterling Electrical,Business,Corporate,Transport & Logistics,Southland,Free,11,570.1,Sarah Chen,2023-01-22
ACC-06510,David Johnson,Island Engineering,Business,Corporate,Construction,Auckland,Basic,8,187.29,Unassigned,2018-01-06
ACC-06511,Jessica Lopez,Harbour Dental,Business,Small Business,Healthcare,Canterbury,Basic,35,80.08,Unassigned,2022-03-20
ACC-06512,Jessica Hernandez,Harbour Enterprises,Residential,Corporate,Unknown,Otago,Basic,54,0.0,Unassigned,2020-09-06
ACC-06513,James Rodriguez,Unknown,Residential,Corporate,Unknown,Auckland,Basic,19,57.7,Unassigned,2020-06-14
ACC-06514,Elizabeth Moore,Frontier Enterprises,Business,Corporate,Construction,Hawke's Bay,Basic,8,58.74,Unassigned,2022-07-29
ACC-06517,Elizabeth Hernandez,Summit Group,Business,Small Business,Retail,Southland,Enterprise,54,90.63,Unassigned,2021-07-04
ACC-06519,Thomas Lopez,Apex Construction,Business,Corporate,Manufacturing,Wellington,Enterprise,1,60.56,Unassigned,2019-06-19
ACC-06521,Elizabeth Rodriguez,Frontier Engineering,Business,Individual,Retail,Taranaki,Premium,9,204.31,Lisa Hartley,2022-11-22
ACC-06523,William Johnson,Unknown,Residential,Individual,Unknown,Auckland,Free,16,0.0,Unassigned,2022-06-28
ACC-06525,Elizabeth Gonzalez,Gateway Medical,Business,Corporate,Retail,Northland,Basic,15,248.34,Mike Patterson,2021-11-06
ACC-06526,Charles Williams,Unknown,Residential,Individual,Unknown,Canterbury,Free,9,0.0,Unassigned,2023-04-01
ACC-06528,Barbara Gonzalez,Unknown,Residential,Corporate,Unknown,Canterbury,Enterprise,4,0.0,Unassigned,2020-07-26
ACC-06530,Jennifer Garcia,Unknown,Residential,Small Business,Unknown,Hawke's Bay,Enterprise,11,0.0,Unassigned,2023-04-07
ACC-06531,David Jackson,Highland Holdings,Business,Small Business,Manufacturing,Auckland,Enterprise,26,528.9,Lisa Hartley,2020-05-13
ACC-06532,Barbara Anderson,Highland Dental,Business,Corporate,Construction,Northland,Enterprise,2,0.0,Unassigned,2020-06-14
ACC-06533,Barbara Garcia,Unknown,Residential,Small Business,Unknown,Wellington,Basic,5,46.16,Unassigned,2023-04-11
ACC-06535,John Taylor,Valley Consulting,Business,Corporate,Healthcare,Canterbury,Enterprise,11,398.79,Rob Thompson,2018-06-20
ACC-06536,John Martin,Southern Transport,Business,Corporate,Manufacturing,Canterbury,Free,9,0.0,Unassigned,2018-03-01
ACC-06537,Jessica Rodriguez,Harbour Plumbing,Business,Corporate,Transport & Logistics,Hawke's Bay,Basic,38,93.66,Unassigned,2023-11-14
ACC-06538,Jennifer Brown,Central Group,Business,Corporate,Construction,Otago,Free,40,207.43,Sarah Chen,2022-04-14
ACC-06539,Elizabeth Gonzalez,Unknown,Residential,Individual,Unknown,Auckland,Premium,11,134.47,Rob Thompson,2020-05-24
ACC-06540,Jennifer Rodriguez,Pacific Partners,Business,Small Business,Trades,Canterbury,Basic,23,91.07,Unassigned,2018-03-30
ACC-06541,Mary Garcia,Unknown,Residential,Individual,Unknown,Southland,Basic,9,350.79,Sarah Chen,2020-01-07
ACC-06542,Jessica Gonzalez,Frontier Construction,Business,Corporate,Healthcare,Canterbury,Basic,1,658.97,Rob Thompson,2021-02-04
ACC-06543,Barbara Hernandez,Valley Engineering,Business,Corporate,Manufacturing,Otago,Basic,31,0.0,Unassigned,2018-11-26
ACC-06547,Karen Wilson,Sterling Solutions,Business,Individual,Transport & Logistics,Bay of Plenty,Basic,23,76.44,Unassigned,2023-04-23
ACC-06548,Robert Smith,Unknown,Residential,Individual,Unknown,Canterbury,Enterprise,22,327.18,Rob Thompson,2020-04-20
ACC-06551,Jessica Davis,Unknown,Residential,Corporate,Unknown,Auckland,Enterprise,24,318.18,Sarah Chen,2021-09-24
ACC-06552,Jessica Martinez,Gateway Medical,Business,Individual,Construction,Canterbury,Basic,45,115.29,Unassigned,2023-08-18
ACC-06553,Linda Martinez,Frontier Tech,Business,Corporate,Trades,Northland,Free,24,0.0,Unassigned,2019-10-09
ACC-06556,Jessica Taylor,Pioneer Tech,Business,Individual,Construction,Bay of Plenty,Premium,25,194.74,Unassigned,2019-07-22
ACC-06557,Barbara Martinez,Unknown,Residential,Individual,Unknown,Wellington,Free,3,27.25,Unassigned,2021-01-15
ACC-06558,Barbara Miller,Unknown,Residential,Individual,Unknown,Waikato,Free,4,0.0,Unassigned,2023-07-12
ACC-06559,Barbara Gonzalez,Sterling Medical,Business,Individual,Healthcare,Waikato,Free,54,239.01,Mike Patterson,2020-01-20
ACC-06560,Linda Miller,Unknown,Residential,Individual,Unknown,Wellington,Basic,41,330.74,Lisa Hartley,2018-10-09
ACC-06564,Barbara Wilson,Unknown,Residential,Individual,Unknown,Auckland,Free,13,0.0,Unassigned,2019-07-07
ACC-06566,Charles Lopez,Unknown,Residential,Individual,Unknown,Canterbury,Basic,59,37.49,Unassigned,2021-04-25
ACC-06567,Charles Martin,Unknown,Residential,Corporate,Unknown,Waikato,Enterprise,1,130.21,Mike Patterson,2022-03-27
ACC-06568,Elizabeth Miller,Unknown,Residential,Individual,Unknown,Canterbury,Enterprise,12,353.98,Mike Patterson,2023-08-22
ACC-06569,David Jones,Northern Group,Business,Corporate,Trades,Canterbury,Basic,45,49.35,Unassigned,2023-03-28
ACC-06570,Karen Jones,Gateway Plumbing,Business,Small Business,Construction,Taranaki,Basic,6,74.17,Unassigned,2021-04-21
ACC-06571,James Taylor,Pioneer Electrical,Business,Small Business,Manufacturing,Canterbury,Enterprise,50,547.57,Rob Thompson,2018-10-28
ACC-06572,Jessica Jackson,Unknown,Residential,Individual,Unknown,Bay of Plenty,Enterprise,57,452.52,Mike Patterson,2019-05-30
ACC-06574,David Davis,Unknown,Residential,Small Business,Unknown,Taranaki,Free,1,307.22,Mike Patterson,2019-05-22
ACC-06575,David Brown,Unknown,Residential,Individual,Unknown,Wellington,Enterprise,1,123.23,Mike Patterson,2020-02-27
ACC-06576,John Taylor,Unknown,Residential,Individual,Unknown,Bay of Plenty,Premium,11,100.63,Mike Patterson,2019-08-24
ACC-06577,Charles Davis,Unknown,Residential,Individual,Unknown,Hawke's Bay,Premium,5,362.55,Sarah Chen,2018-08-11
ACC-06580,Barbara Moore,Frontier Logistics,Business,Corporate,Trades,Hawke's Bay,Enterprise,20,0.0,Unassigned,2018-05-27
ACC-06581,David Davis,Unknown,Residential,Individual,Unknown,Auckland,Basic,4,0.0,Unassigned,2018-11-20
ACC-06582,Jessica Rodriguez,Frontier Group,Business,Corporate,Professional Services,Taranaki,Basic,23,190.25,Unassigned,2021-07-30
ACC-06583,John Wilson,Unknown,Residential,Individual,Unknown,Manawatu-Whanganui,Enterprise,47,329.53,Lisa Hartley,2022-04-20
ACC-06585,David Davis,Unknown,Residential,Individual,Unknown,Canterbury,Basic,32,39.5,Unassigned,2019-03-09
ACC-06586,Sarah Johnson,Unknown,Residential,Individual,Unknown,Auckland,Enterprise,27,361.11,Mike Patterson,2022-04-05
ACC-06590,Charles Thomas,Unknown,Residential,Individual,Unknown,Northland,Basic,8,39.04,Unassigned,2022-08-14
ACC-06592,Charles Miller,Highland Group,Business,Corporate,Hospitality,Canterbury,Free,54,180.79,Rob Thompson,2020-02-20
ACC-06593,Jennifer Martin,Unknown,Residential,Individual,Unknown,Canterbury,Enterprise,35,361.83,Sarah Chen,2018-06-17
ACC-06594,Mary Davis,Unknown,Residential,Small Business,Unknown,Auckland,Free,7,0.0,Unassigned,2019-12-16
ACC-06595,Barbara Wilson,Coastal Enterprises,Business,Corporate,Transport & Logistics,Northland,Enterprise,6,596.85,Lisa Hartley,2018-09-10
ACC-06596,Linda Lopez,Kiwi Group,Business,Small Business,Construction,Manawatu-Whanganui,Basic,18,101.1,Unassigned,2023-05-12
ACC-06598,Karen Rodriguez,Gateway Industries,Business,Small Business,Trades,Auckland,Basic,18,79.44,Unassigned,2019-12-17
ACC-06599,David Johnson,Kiwi Services,Business,Corporate,Healthcare,Otago,Basic,1,670.16,Mike Patterson,2020-09-20
ACC-06600,Jessica Jones,Unknown,Residential,Individual,Unknown,Canterbury,Basic,16,46.56,Unassigned,2023-01-11
ACC-06601,Linda Gonzalez,Coastal Enterprises,Business,Small Business,Healthcare,Wellington,Basic,58,57.05,Unassigned,2022-05-14
ACC-06603,Karen Johnson,Coastal Electrical,Business,Corporate,Education,Bay of Plenty,Enterprise,37,185.47,Mike Patterson,2023-11-20
ACC-06604,Charles Martin,Harbour Legal,Business,Individual,Construction,Waikato,Enterprise,28,0.0,Unassigned,2019-11-22
ACC-06607,Sarah Garcia,Coastal Solutions,Business,Corporate,Construction,Southland,Free,1,0.0,Unassigned,2023-02-07
ACC-06608,Mary Hernandez,Unknown,Residential,Small Business,Unknown,Canterbury,Free,15,0.0,Unassigned,2020-07-03
ACC-06609,Barbara Gonzalez,Alpha Systems,Business,Corporate,Hospitality,Canterbury,Basic,28,0.0,Unassigned,2021-01-17
ACC-06611,David Jones,Unknown,Residential,Corporate,Unknown,Canterbury,Enterprise,9,0.0,Unassigned,2021-08-13
ACC-06612,John Jackson,Northern Medical,Business,Individual,Healthcare,Hawke's Bay,Enterprise,25,775.33,Rob Thompson,2018-11-06
ACC-06616,Barbara Martin,Unknown,Residential,Individual,Unknown,Wellington,Enterprise,28,447.42,Rob Thompson,2018-07-18
ACC-06619,Elizabeth Taylor,Unknown,Residential,Individual,Unknown,Auckland,Enterprise,14,349.1,Sarah Chen,2021-09-26
ACC-06623,James Rodriguez,Central Services,Business,Small Business,Trades,Bay of Plenty,Enterprise,49,458.21,Mike Patterson,2022-03-15
ACC-06624,James Williams,Central Engineering,Business,Corporate,Education,Auckland,Premium,5,0.0,Unassigned,2021-09-10
ACC-06625,Charles Wilson,Kiwi Systems,Business,Corporate,Manufacturing,Bay of Plenty,Enterprise,7,414.28,Mike Patterson,2023-06-01
ACC-06627,Elizabeth Taylor,Central Medical,Business,Small Business,Transport & Logistics,Canterbury,Basic,25,0.0,Unassigned,2023-07-21
ACC-06628,Patricia Taylor,Summit Engineering,Business,Corporate,Hospitality,Wellington,Basic,25,0.0,Unassigned,2022-08-25
ACC-06629,David Davis,Kiwi Consulting,Business,Corporate,Manufacturing,Auckland,Premium,28,199.65,Lisa Hartley,2020-12-22
ACC-06630,John Hernandez,Highland Tech,Business,Small Business,Healthcare,Auckland,Basic,3,85.96,Unassigned,2020-07-15
ACC-06631,Richard Taylor,Unknown,Residential,Individual,Unknown,Waikato,Premium,21,105.29,Lisa Hartley,2019-01-20
ACC-06632,David Williams,Ridge Solutions,Business,Corporate,Education,Auckland,Free,10,0.0,Unassigned,2019-12-20
ACC-06633,Joseph Gonzalez,Unknown,Residential,Corporate,Unknown,Otago,Basic,17,118.88,Mike Patterson,2020-07-16
ACC-06635,Barbara Williams,Alpha Ltd,Business,Corporate,Healthcare,Canterbury,Basic,40,57.26,Unassigned,2023-07-17
ACC-06637,Michael Martinez,Northern Holdings,Business,Corporate,Education,Waikato,Free,8,0.0,Unassigned,2018-03-28
ACC-06638,Jennifer Taylor,Frontier Transport,Business,Small Business,Trades,Canterbury,Basic,11,328.3,Lisa Hartley,2019-02-20
ACC-06641,John Martinez,Unknown,Residential,Individual,Unknown,Otago,Premium,17,116.24,Rob Thompson,2023-08-13
ACC-06642,James Jackson,Highland Partners,Business,Corporate,Professional Services,Canterbury,Enterprise,13,814.07,Mike Patterson,2022-04-11
ACC-06644,Jessica Smith,Unknown,Residential,Individual,Unknown,Canterbury,Basic,58,0.0,Unassigned,2023-01-03
ACC-06645,David Lopez,Unknown,Residential,Individual,Unknown,Auckland,Free,22,163.57,Unassigned,2023-02-03
ACC-06646,Richard Hernandez,Gateway Ltd,Business,Individual,Construction,Auckland,Enterprise,5,602.34,Sarah Chen,2023-03-25
ACC-06647,Barbara Garcia,Coastal Enterprises,Business,Small Business,Retail,Canterbury,Basic,54,528.72,Lisa Hartley,2020-12-27
ACC-06648,Linda Wilson,Unknown,Residential,Individual,Unknown,Northland,Basic,4,279.12,Sarah Chen,2023-10-22
ACC-06649,Jennifer Taylor,Peak Group,Business,Corporate,Trades,Auckland,Enterprise,22,92.52,Unassigned,2022-07-28
ACC-06650,Barbara Garcia,Unknown,Residential,Individual,Unknown,Bay of Plenty,Premium,33,129.37,Unassigned,2021-12-07
ACC-06651,Richard Rodriguez,Highland Systems,Business,Small Business,Education,Wellington,Free,41,0.0,Unassigned,2021-02-24
ACC-06652,Jennifer Williams,Southern Transport,Business,Small Business,Trades,Auckland,Basic,9,100.01,Unassigned,2018-02-18
ACC-06653,Karen Rodriguez,Unknown,Residential,Small Business,Unknown,Otago,Basic,35,48.69,Unassigned,2022-02-01
ACC-06654,Joseph Wilson,Apex Engineering,Business,Corporate,Education,Hawke's Bay,Premium,2,265.41,Sarah Chen,2023-10-30
ACC-06655,Charles Smith,Unknown,Residential,Individual,Unknown,Otago,Free,60,0.0,Unassigned,2021-03-29
ACC-06656,Jennifer Moore,Highland Engineering,Business,Corporate,Healthcare,Canterbury,Enterprise,2,749.37,Lisa Hartley,2019-11-01
ACC-06661,Sarah Lopez,Metro Ltd,Business,Corporate,Construction,Wellington,Enterprise,25,535.25,Sarah Chen,2018-08-06
ACC-06662,Jessica Anderson,Peak Ltd,Business,Small Business,Construction,Auckland,Enterprise,39,492.17,Sarah Chen,2020-09-25
ACC-06663,Robert Garcia,Northern Industries,Business,Corporate,Transport & Logistics,Canterbury,Free,54,0.0,Unassigned,2022-02-25
ACC-06664,Elizabeth Johnson,Alpha Consulting,Business,Corporate,Professional Services,Auckland,Premium,16,761.3,Sarah Chen,2018-07-25
ACC-06665,James Miller,Pacific Enterprises,Business,Small Business,Technology,Auckland,Enterprise,5,85.81,Unassigned,2023-04-25
ACC-06666,Karen Wilson,Unknown,Residential,Individual,Unknown,Canterbury,Basic,60,42.53,Unassigned,2018-03-31
ACC-06667,Sarah Hernandez,Unknown,Residential,Individual,Unknown,Canterbury,Enterprise,42,301.2,Sarah Chen,2022-06-15
ACC-06668,Jennifer Rodriguez,Valley Logistics,Business,Corporate,Agriculture,Auckland,Free,36,0.0,Unassigned,2023-11-04
ACC-06669,Karen Johnson,Peak Partners,Business,Small Business,Professional Services,Auckland,Free,1,0.0,Unassigned,2018-05-29
ACC-06671,Michael Thomas,Coastal Holdings,Business,Corporate,Trades,Wellington,Enterprise,6,618.07,Sarah Chen,2019-06-13
ACC-06672,Charles Miller,Unknown,Residential,Individual,Unknown,Bay of Plenty,Premium,13,126.39,Unassigned,2018-04-06
ACC-06674,Sarah Martin,Southern Transport,Business,Corporate,Professional Services,Auckland,Basic,14,71.87,Unassigned,2022-07-15
ACC-06675,Mary Williams,Apex Medical,Business,Corporate,Trades,Canterbury,Free,7,0.0,Unassigned,2021-04-12
ACC-06676,John Jackson,Sterling Logistics,Business,Individual,Agriculture,Canterbury,Basic,6,87.21,Unassigned,2019-09-12
ACC-06677,David Gonzalez,Kiwi Tech,Business,Corporate,Technology,Wellington,Enterprise,16,642.51,Mike Patterson,2019-09-25
ACC-06678,David Garcia,Highland Electrical,Business,Corporate,Professional Services,Auckland,Basic,18,0.0,Unassigned,2020-07-03
ACC-06679,Elizabeth Lopez,Valley Electrical,Business,Small Business,Construction,Canterbury,Free,28,29.51,Unassigned,2022-07-20
ACC-06681,Karen Jackson,Summit Legal,Business,Corporate,Professional Services,Wellington,Enterprise,4,762.81,Mike Patterson,2018-05-05
ACC-06682,John Taylor,Southern Services,Business,Small Business,Construction,Northland,Free,54,0.0,Unassigned,2022-09-21
ACC-06683,Barbara Moore,Pioneer Consulting,Business,Individual,Professional Services,Bay of Plenty,Enterprise,31,556.93,Mike Patterson,2019-08-10
ACC-06685,Jessica Thomas,Coastal Transport,Business,Individual,Construction,Manawatu-Whanganui,Enterprise,3,446.14,Sarah Chen,2021-09-27
ACC-06687,Susan Miller,Northern Consulting,Business,Small Business,Construction,Bay of Plenty,Basic,4,88.36,Unassigned,2020-07-25
ACC-06689,Patricia Brown,Unknown,Residential,Small Business,Unknown,Taranaki,Free,4,364.94,Rob Thompson,2020-10-17
ACC-06694,Jessica Wilson,Summit Logistics,Business,Corporate,Construction,Otago,Premium,2,82.47,Unassigned,2019-07-13
ACC-06695,James Anderson,Metro Logistics,Residential,Individual,Unknown,Auckland,Enterprise,3,319.86,Lisa Hartley,2023-07-21
ACC-06696,Patricia Lopez,Unknown,Residential,Individual,Unknown,Auckland,Free,20,0.0,Unassigned,2020-11-03
ACC-06697,Mary Brown,Harbour Legal,Business,Small Business,Trades,Canterbury,Enterprise,34,790.78,Sarah Chen,2019-01-06
ACC-06698,Charles Jones,Unknown,Residential,Small Business,Unknown,Auckland,Premium,48,96.92,Unassigned,2019-10-10
ACC-06699,Barbara Hernandez,Southern Consulting,Business,Corporate,Retail,Canterbury,Free,4,0.0,Unassigned,2022-01-19
ACC-06701,John Martin,Unknown,Residential,Individual,Unknown,Auckland,Enterprise,24,363.71,Lisa Hartley,2023-05-12
ACC-06702,David Brown,Unknown,Residential,Individual,Unknown,Nelson-Marlborough,Free,46,0.0,Unassigned,2023-07-01
ACC-06704,Robert Williams,Metro Consulting,Business,Individual,Trades,Auckland,Enterprise,17,705.07,Sarah Chen,2020-05-17
ACC-06706,Charles Martinez,Summit Plumbing,Business,Corporate,Construction,Auckland,Basic,11,102.84,Unassigned,2018-05-14
ACC-06707,Susan Johnson,Sterling Construction,Business,Corporate,Technology,Otago,Basic,35,141.41,Unassigned,2021-12-16
ACC-06709,Barbara Lopez,Pacific Services,Business,Corporate,Education,Wellington,Basic,17,714.24,Mike Patterson,2019-07-19
ACC-06710,Robert Brown,Peak Enterprises,Business,Small Business,Construction,Auckland,Basic,9,80.18,Unassigned,2022-06-17
ACC-06713,John Miller,Unknown,Residential,Individual,Unknown,Auckland,Enterprise,10,305.12,Mike Patterson,2023-05-29
ACC-06714,Joseph Moore,Central Legal,Business,Small Business,Retail,Waikato,Free,25,0.0,Unassigned,2019-09-08
ACC-06715,Charles Hernandez,Island Tech,Business,Small Business,Trades,Waikato,Premium,16,173.2,Unassigned,2020-07-28
ACC-06716,Michael Garcia,Pioneer Engineering,Business,Corporate,Trades,Auckland,Basic,36,65.07,Unassigned,2022-09-25
ACC-06718,Elizabeth Lopez,Unknown,Residential,Individual,Unknown,Otago,Enterprise,34,297.07,Mike Patterson,2019-12-09
ACC-06721,Mary Martin,Southern Solutions,Business,Individual,Professional Services,Auckland,Enterprise,21,526.3,Mike Patterson,2021-02-04
ACC-06723,Susan Gonzalez,Summit Enterprises,Business,Corporate,Property Management,Otago,Free,3,496.69,Lisa Hartley,2020-12-20
ACC-06725,James Williams,Frontier Engineering,Business,Small Business,Technology,Bay of Plenty,Premium,17,301.15,Mike Patterson,2020-02-10
ACC-06728,Elizabeth Martinez,Alpha Engineering,Business,Corporate,Professional Services,Auckland,Free,38,0.0,Unassigned,2018-08-20
ACC-06729,John Smith,Unknown,Residential,Small Business,Unknown,Canterbury,Free,7,42.73,Unassigned,2020-07-02
ACC-06730,Elizabeth Lopez,Unknown,Residential,Individual,Unknown,Auckland,Basic,9,43.73,Unassigned,2020-09-03
ACC-06731,Susan Wilson,Unknown,Residential,Individual,Unknown,Auckland,Premium,54,98.12,Unassigned,2023-06-25
ACC-06733,Linda Brown,Highland Logistics,Business,Corporate,Professional Services,Otago,Premium,1,287.96,Sarah Chen,2022-06-03
ACC-06734,Richard Thomas,Unknown,Residential,Individual,Unknown,Hawke's Bay,Premium,35,127.42,Unassigned,2022-12-24
ACC-06735,Jennifer Davis,Frontier Consulting,Residential,Individual,Unknown,Waikato,Enterprise,7,309.81,Mike Patterson,2022-10-23
ACC-06736,Linda Johnson,Unknown,Residential,Corporate,Unknown,Otago,Basic,12,59.32,Unassigned,2020-05-05
ACC-06737,Michael Smith,Highland Ltd,Business,Corporate,Education,Waikato,Enterprise,6,0.0,Unassigned,2023-03-14
ACC-06740,Barbara Williams,Valley Consulting,Business,Individual,Hospitality,Canterbury,Enterprise,7,0.0,Unassigned,2021-08-19
ACC-06741,Michael Miller,Unknown,Residential,Individual,Unknown,Hawke's Bay,Basic,27,40.58,Unassigned,2021-11-24
ACC-06742,John Jones,Frontier Medical,Business,Individual,Retail,Canterbury,Basic,19,97.25,Unassigned,2022-08-07
ACC-06744,David Rodriguez,Island Engineering,Business,Small Business,Trades,Manawatu-Whanganui,Enterprise,48,0.0,Unassigned,2022-03-24
ACC-06745,Joseph Anderson,Summit Transport,Business,Corporate,Hospitality,Waikato,Basic,10,94.01,Unassigned,2019-07-02
ACC-06746,Joseph Rodriguez,Kiwi Tech,Business,Small Business,Manufacturing,Auckland,Free,12,83.49,Unassigned,2020-05-30
ACC-06747,Robert Martinez,Valley Group,Business,Corporate,Agriculture,Otago,Free,29,0.0,Unassigned,2021-11-20
ACC-06748,Robert Thomas,Northern Holdings,Business,Corporate,Retail,Wellington,Premium,45,227.62,Rob Thompson,2019-03-28
ACC-06749,Sarah Martinez,Ridge Holdings,Business,Small Business,Construction,Canterbury,Basic,43,120.08,Unassigned,2020-09-02
ACC-06752,Mary Martin,Peak Industries,Business,Individual,Healthcare,Wellington,Enterprise,31,197.04,Unassigned,2020-10-29
ACC-06755,William Garcia,Unknown,Residential,Individual,Unknown,Nelson-Marlborough,Basic,37,35.77,Unassigned,2020-10-13
ACC-06757,Robert Thomas,Kiwi Consulting,Business,Corporate,Healthcare,Auckland,Basic,4,0.0,Unassigned,2023-05-21
ACC-06758,Joseph Williams,Apex Engineering,Business,Corporate,Trades,Hawke's Bay,Basic,2,65.33,Unassigned,2022-03-03
ACC-06759,Linda Martin,Sterling Logistics,Business,Corporate,Trades,Otago,Premium,3,479.91,Lisa Hartley,2023-01-19
ACC-06760,David Anderson,Summit Plumbing,Business,Corporate,Trades,Canterbury,Free,58,0.0,Unassigned,2021-01-26
ACC-06765,Richard Thomas,Island Group,Business,Individual,Construction,Canterbury,Enterprise,14,744.9,Lisa Hartley,2023-10-20
ACC-06766,Barbara Jackson,Metro Solutions,Business,Corporate,Construction,Manawatu-Whanganui,Enterprise,8,0.0,Unassigned,2019-08-04
ACC-06767,Barbara Hernandez,Unknown,Residential,Corporate,Unknown,Auckland,Basic,44,404.01,Mike Patterson,2019-09-28
ACC-06769,Barbara Martin,Southern Dental,Business,Individual,Construction,Nelson-Marlborough,Premium,11,279.75,Lisa Hartley,2020-10-31
ACC-06770,Elizabeth Garcia,Unknown,Residential,Individual,Unknown,Auckland,Premium,7,99.87,Unassigned,2023-03-04
ACC-06772,Elizabeth Moore,Peak Enterprises,Business,Small Business,Construction,Hawke's Bay,Enterprise,12,716.98,Lisa Hartley,2023-09-26
ACC-06778,Charles Johnson,Unknown,Residential,Individual,Unknown,Canterbury,Enterprise,31,301.83,Lisa Hartley,2020-06-26
ACC-06779,Robert Smith,Harbour Transport,Business,Individual,Construction,Canterbury,Free,60,91.44,Unassigned,2020-07-28
ACC-06780,Susan Martin,Frontier Enterprises,Business,Corporate,Construction,Canterbury,Premium,30,323.72,Mike Patterson,2023-09-18
ACC-06785,Barbara Jackson,Unknown,Residential,Individual,Unknown,Waikato,Free,2,156.74,Unassigned,2023-03-31
ACC-06786,Barbara Miller,Metro Industries,Business,Corporate,Manufacturing,Wellington,Free,2,0.0,Unassigned,2018-09-17
ACC-06787,Barbara Thomas,Sterling Services,Business,Corporate,Retail,Canterbury,Free,21,0.0,Unassigned,2021-01-21
ACC-06788,Linda Moore,Metro Logistics,Business,Corporate,Retail,Otago,Free,18,0.0,Unassigned,2023-10-16
ACC-06789,Jessica Jackson,Alpha Systems,Business,Small Business,Trades,Northland,Enterprise,23,94.54,Unassigned,2023-05-01
ACC-06791,Elizabeth Taylor,Metro Partners,Business,Small Business,Healthcare,Northland,Free,35,204.62,Rob Thompson,2018-01-27
ACC-06793,Elizabeth Johnson,Unknown,Residential,Individual,Unknown,Canterbury,Basic,47,443.63,Sarah Chen,2022-06-19
ACC-06795,William Taylor,Island Legal,Business,Corporate,Construction,Taranaki,Enterprise,6,661.13,Sarah Chen,2022-02-23
ACC-06796,Charles Anderson,Pioneer Solutions,Business,Small Business,Retail,Nelson-Marlborough,Premium,52,200.61,Lisa Hartley,2019-03-13
ACC-06797,Charles Anderson,Highland Solutions,Business,Corporate,Construction,Waikato,Basic,15,82.1,Unassigned,2020-08-11
ACC-06800,Thomas Martin,Frontier Electrical,Business,Small Business,Construction,Taranaki,Basic,11,125.34,Unassigned,2019-02-17
ACC-06801,Mary Garcia,Southern Group,Business,Corporate,Trades,Auckland,Basic,2,0.0,Unassigned,2019-03-31
ACC-06802,Barbara Garcia,Ridge Industries,Business,Corporate,Transport & Logistics,Bay of Plenty,Basic,33,96.9,Unassigned,2021-08-13
ACC-06804,John Smith,Valley Services,Business,Corporate,Professional Services,Wellington,Basic,18,77.67,Unassigned,2023-12-20
ACC-06805,William Moore,Highland Engineering,Business,Small Business,Professional Services,Canterbury,Basic,33,81.32,Unassigned,2021-05-13
ACC-06806,Michael Rodriguez,Unknown,Residential,Corporate,Unknown,Auckland,Free,10,0.0,Unassigned,2022-01-09
ACC-06807,David Wilson,Kiwi Engineering,Business,Small Business,Trades,Auckland,Premium,55,266.67,Sarah Chen,2019-08-02
ACC-06808,David Rodriguez,Unknown,Residential,Corporate,Unknown,Otago,Basic,25,0.0,Unassigned,2021-12-02
ACC-06810,Michael Davis,Pacific Ltd,Business,Individual,Professional Services,Auckland,Premium,51,321.96,Rob Thompson,2021-09-28
ACC-06811,Linda Hernandez,Gateway Dental,Business,Corporate,Hospitality,Canterbury,Basic,39,63.87,Unassigned,2022-05-17
ACC-06814,Barbara Brown,Northern Transport,Residential,Individual,Unknown,Canterbury,Basic,8,44.27,Unassigned,2019-05-08
ACC-06815,Mary Gonzalez,Unknown,Residential,Individual,Unknown,Waikato,Basic,13,465.73,Mike Patterson,2018-10-09
ACC-06816,Richard Moore,Central Transport,Business,Individual,Hospitality,Canterbury,Basic,42,101.67,Sarah Chen,2018-06-11
ACC-06818,Joseph Gonzalez,Summit Ltd,Residential,Small Business,Unknown,Wellington,Free,40,0.0,Unassigned,2019-02-08
ACC-06819,Jessica Martinez,Alpha Legal,Business,Individual,Retail,Auckland,Basic,8,278.07,Mike Patterson,2020-08-24
ACC-06820,Barbara Smith,Pacific Solutions,Business,Corporate,Professional Services,Southland,Basic,14,65.13,Unassigned,2023-07-16
ACC-06823,Linda Lopez,Pacific Plumbing,Business,Corporate,Trades,Waikato,Basic,18,0.0,Unassigned,2018-08-26
ACC-06824,Jennifer Jones,Unknown,Residential,Individual,Unknown,Auckland,Free,60,376.87,Lisa Hartley,2019-07-21
ACC-06825,James Brown,Ridge Services,Business,Corporate,Healthcare,Hawke's Bay,Enterprise,28,608.35,Sarah Chen,2023-02-26
ACC-06826,Charles Rodriguez,Unknown,Residential,Individual,Unknown,Canterbury,Basic,11,142.43,Unassigned,2023-03-06
ACC-06827,Mary Martin,Metro Legal,Business,Corporate,Retail,Canterbury,Free,59,0.0,Unassigned,2020-11-11
ACC-06828,David Martin,Unknown,Residential,Individual,Unknown,Auckland,Basic,24,45.19,Unassigned,2021-07-07
ACC-06829,James Lopez,Frontier Services,Business,Individual,Professional Services,Canterbury,Enterprise,7,189.37,Lisa Hartley,2023-03-13
ACC-06830,Jessica Smith,Unknown,Residential,Individual,Unknown,Bay of Plenty,Basic,50,55.03,Unassigned,2018-08-19
ACC-06831,Elizabeth Gonzalez,Northern Ltd,Business,Corporate,Professional Services,Southland,Enterprise,26,684.71,Sarah Chen,2019-04-03
ACC-06833,Robert Lopez,Kiwi Enterprises,Business,Corporate,Professional Services,Bay of Plenty,Basic,11,106.04,Unassigned,2022-08-19
ACC-06834,James Anderson,Coastal Legal,Business,Individual,Professional Services,Canterbury,Basic,8,80.7,Unassigned,2018-06-26
ACC-06835,Charles Taylor,Highland Consulting,Business,Corporate,Construction,Wellington,Enterprise,2,196.48,Unassigned,2019-08-04
ACC-06840,Barbara Garcia,Coastal Partners,Business,Small Business,Retail,Auckland,Enterprise,6,230.05,Mike Patterson,2019-06-20
ACC-06841,Jessica Anderson,Central Partners,Business,Corporate,Professional Services,Canterbury,Premium,1,219.3,Mike Patterson,2021-01-19
ACC-06842,Susan Rodriguez,Pacific Electrical,Business,Corporate,Manufacturing,Hawke's Bay,Premium,20,234.78,Sarah Chen,2023-11-09
ACC-06845,Jessica Smith,Peak Transport,Business,Corporate,Hospitality,Otago,Basic,15,72.75,Unassigned,2021-04-14
ACC-06847,James Jones,Peak Services,Business,Corporate,Hospitality,Auckland,Basic,13,80.98,Unassigned,2021-09-11
ACC-06848,William Gonzalez,Ridge Consulting,Business,Small Business,Construction,Auckland,Enterprise,6,743.15,Mike Patterson,2022-02-28
ACC-06849,Karen Davis,Unknown,Residential,Individual,Unknown,Auckland,Enterprise,18,126.34,Unassigned,2022-10-10
ACC-06852,Barbara Gonzalez,Frontier Ltd,Business,Corporate,Hospitality,Wellington,Basic,9,277.64,Mike Patterson,2021-03-28
ACC-06853,Susan Garcia,Unknown,Residential,Small Business,Unknown,Bay of Plenty,Enterprise,33,21.42,Unassigned,2019-01-28
ACC-06856,Jennifer Jones,Gateway Engineering,Business,Corporate,Trades,Auckland,Basic,49,94.95,Unassigned,2020-08-22
ACC-06857,Joseph Jackson,Unknown,Residential,Individual,Unknown,Auckland,Enterprise,36,434.73,Sarah Chen,2019-09-01
ACC-06858,Linda Davis,Unknown,Residential,Individual,Unknown,Canterbury,Enterprise,47,356.5,Rob Thompson,2020-06-07
ACC-06859,Barbara Thomas,Alpha Engineering,Business,Corporate,Construction,Waikato,Premium,12,747.71,Lisa Hartley,2023-09-20
ACC-06860,Joseph Moore,Northern Enterprises,Business,Corporate,Transport & Logistics,Wellington,Premium,26,283.37,Rob Thompson,2021-02-09
ACC-06862,Elizabeth Jones,Gateway Partners,Business,Individual,Professional Services,Auckland,Free,7,0.0,Unassigned,2021-12-28
ACC-06863,John Martinez,Kiwi Tech,Business,Individual,Healthcare,Manawatu-Whanganui,Enterprise,12,578.61,Lisa Hartley,2019-04-01
ACC-06864,James Garcia,Unknown,Residential,Individual,Unknown,Auckland,Premium,34,149.91,Unassigned,2019-04-22
ACC-06869,Jessica Hernandez,Gateway Medical,Business,Small Business,Education,Canterbury,Free,43,0.0,Unassigned,2023-06-08
ACC-06870,Barbara Hernandez,Unknown,Residential,Individual,Unknown,Bay of Plenty,Enterprise,51,145.68,Unassigned,2023-05-18
ACC-06873,Karen Brown,Pacific Holdings,Business,Individual,Professional Services,Auckland,Enterprise,7,703.17,Rob Thompson,2019-06-01
ACC-06875,Mary Hernandez,Unknown,Residential,Small Business,Unknown,Auckland,Basic,10,127.4,Unassigned,2019-11-08
ACC-06878,Thomas Lopez,Southern Dental,Business,Corporate,Construction,Wellington,Enterprise,49,428.11,Rob Thompson,2019-10-22
ACC-06879,Barbara Moore,Central Electrical,Business,Corporate,Hospitality,Auckland,Basic,2,250.51,Lisa Hartley,2021-12-21
ACC-06880,David Anderson,Summit Tech,Business,Corporate,Healthcare,Auckland,Free,35,21.27,Unassigned,2019-06-25
ACC-06881,Jennifer Martinez,Unknown,Residential,Individual,Unknown,Waikato,Basic,21,161.51,Unassigned,2018-01-13
ACC-06885,David Brown,Unknown,Residential,Corporate,Unknown,Auckland,Basic,2,123.55,Unassigned,2018-06-12
ACC-06886,Charles Jones,Highland Construction,Business,Corporate,Trades,Northland,Enterprise,6,520.68,Rob Thompson,2020-05-14
ACC-06888,Thomas Miller,Northern Dental,Business,Corporate,Transport & Logistics,Auckland,Enterprise,5,150.08,Unassigned,2021-09-01
ACC-06889,Susan Hernandez,Island Systems,Business,Corporate,Education,Waikato,Premium,7,250.46,Sarah Chen,2021-03-11
ACC-06892,Charles Johnson,Unknown,Residential,Corporate,Unknown,Canterbury,Enterprise,53,400.14,Rob Thompson,2019-04-17
ACC-06893,Linda Miller,Unknown,Residential,Individual,Unknown,Auckland,Basic,15,337.05,Mike Patterson,2023-01-10
ACC-06894,Charles Garcia,Unknown,Residential,Individual,Unknown,Canterbury,Free,25,0.0,Unassigned,2022-06-18
ACC-06896,Barbara Williams,Summit Solutions,Business,Small Business,Professional Services,Auckland,Enterprise,2,266.94,Mike Patterson,2021-06-06
ACC-06897,David Hernandez,Southern Services,Business,Small Business,Construction,Wellington,Basic,16,0.0,Unassigned,2020-02-23
ACC-06898,Thomas Hernandez,Unknown,Residential,Individual,Unknown,Canterbury,Premium,49,106.52,Unassigned,2020-08-24
ACC-06902,Linda Martinez,Southern Legal,Business,Corporate,Professional Services,Auckland,Premium,58,222.84,Sarah Chen,2022-01-11
ACC-06903,Charles Moore,Gateway Electrical,Business,Corporate,Professional Services,Canterbury,Basic,51,101.8,Unassigned,2022-02-10
ACC-06906,Sarah Hernandez,Unknown,Residential,Individual,Unknown,Wellington,Free,33,0.0,Unassigned,2019-09-09
ACC-06908,Michael Moore,Unknown,Residential,Corporate,Unknown,Canterbury,Basic,26,0.0,Unassigned,2022-12-08
ACC-06909,Charles Davis,Highland Partners,Business,Small Business,Technology,Nelson-Marlborough,Free,32,93.85,Unassigned,2019-09-13
ACC-06910,Charles Thomas,Gateway Enterprises,Business,Corporate,Retail,Nelson-Marlborough,Basic,45,102.12,Unassigned,2023-01-02
ACC-06912,Barbara Smith,Frontier Services,Business,Corporate,Construction,Auckland,Free,31,204.58,Sarah Chen,2023-05-27
ACC-06913,William Lopez,Unknown,Residential,Individual,Unknown,Auckland,Enterprise,16,433.6,Rob Thompson,2021-08-25
ACC-06916,Susan Rodriguez,Unknown,Residential,Individual,Unknown,Bay of Plenty,Premium,35,119.34,Unassigned,2018-05-17
ACC-06918,Barbara Wilson,Frontier Holdings,Business,Corporate,Professional Services,Auckland,Enterprise,41,787.7,Mike Patterson,2023-03-18
ACC-06919,Barbara Smith,Ridge Legal,Business,Corporate,Education,Canterbury,Enterprise,49,841.37,Mike Patterson,2022-08-01
ACC-06920,Thomas Brown,Metro Transport,Business,Corporate,Healthcare,Bay of Plenty,Premium,49,272.9,Rob Thompson,2018-02-21
ACC-06921,Joseph Moore,Coastal Systems,Business,Corporate,Education,Wellington,Premium,2,69.23,Unassigned,2022-06-08
ACC-06922,Joseph Williams,Summit Plumbing,Business,Small Business,Agriculture,Canterbury,Basic,32,966.02,Rob Thompson,2021-11-13
ACC-06923,Richard Anderson,Unknown,Residential,Individual,Unknown,Auckland,Free,40,0.0,Unassigned,2023-07-31
ACC-06927,Elizabeth Lopez,Valley Enterprises,Business,Corporate,Trades,Otago,Basic,17,62.49,Unassigned,2018-09-19
ACC-06928,Thomas Hernandez,Unknown,Residential,Individual,Unknown,Waikato,Enterprise,17,270.28,Mike Patterson,2021-03-14
ACC-06929,Jessica Gonzalez,Metro Group,Business,Corporate,Trades,Manawatu-Whanganui,Basic,15,282.98,Sarah Chen,2023-12-28
ACC-06930,Linda Thomas,Unknown,Residential,Individual,Unknown,Canterbury,Enterprise,2,110.09,Sarah Chen,2022-06-13
ACC-06933,James Hernandez,Unknown,Residential,Individual,Unknown,Wellington,Basic,12,94.57,Unassigned,2022-09-29
ACC-06934,Michael Brown,Unknown,Residential,Individual,Unknown,Nelson-Marlborough,Basic,36,43.01,Unassigned,2018-05-29
ACC-06935,Susan Hernandez,Sterling Solutions,Business,Individual,Construction,Canterbury,Free,29,68.43,Unassigned,2018-01-08
ACC-06936,Jennifer Lopez,Unknown,Residential,Corporate,Unknown,Auckland,Enterprise,55,344.05,Sarah Chen,2019-01-03
ACC-06938,Charles Garcia,Unknown,Residential,Small Business,Unknown,Auckland,Basic,3,109.99,Rob Thompson,2020-06-02
ACC-06939,John Martin,Alpha Holdings,Business,Corporate,Construction,Auckland,Basic,6,119.9,Lisa Hartley,2020-07-21
ACC-06941,Linda Wilson,Metro Solutions,Business,Corporate,Agriculture,Auckland,Free,2,0.0,Unassigned,2020-05-26
ACC-06942,Elizabeth Jones,Unknown,Residential,Small Business,Unknown,Wellington,Enterprise,21,0.0,Unassigned,2023-06-14
ACC-06943,Charles Jones,Northern Solutions,Business,Small Business,Professional Services,Canterbury,Enterprise,14,583.1,Mike Patterson,2018-01-16
ACC-06944,William Anderson,Kiwi Plumbing,Business,Corporate,Trades,Waikato,Enterprise,14,465.39,Sarah Chen,2020-11-03
ACC-06945,Elizabeth Rodriguez,Pacific Construction,Business,Small Business,Trades,Canterbury,Premium,5,241.98,Rob Thompson,2021-05-20
ACC-06946,Charles Garcia,Gateway Holdings,Business,Small Business,Construction,Canterbury,Premium,19,882.35,Sarah Chen,2021-01-12
ACC-06948,James Miller,Northern Systems,Business,Corporate,Transport & Logistics,Waikato,Enterprise,59,624.72,Lisa Hartley,2021-05-17
ACC-06949,Barbara Davis,Unknown,Residential,Individual,Unknown,Auckland,Free,11,105.62,Unassigned,2022-06-01
ACC-06950,Elizabeth Smith,Kiwi Transport,Residential,Individual,Unknown,Auckland,Basic,41,56.36,Unassigned,2018-01-05
ACC-06951,Elizabeth Hernandez,Unknown,Residential,Individual,Unknown,Hawke's Bay,Free,5,0.0,Unassigned,2019-03-08
ACC-06952,Karen Thomas,Summit Holdings,Business,Corporate,Construction,Wellington,Enterprise,56,521.21,Mike Patterson,2019-12-15
ACC-06953,David Johnson,Highland Systems,Business,Corporate,Trades,Canterbury,Basic,36,57.68,Unassigned,2020-07-05
ACC-06955,Jessica Davis,Pioneer Construction,Business,Corporate,Healthcare,Auckland,Basic,25,0.0,Unassigned,2020-11-15
ACC-06956,Elizabeth Martinez,Coastal Electrical,Business,Corporate,Professional Services,Canterbury,Basic,41,105.39,Unassigned,2021-11-17
ACC-06957,Elizabeth Anderson,Kiwi Ltd,Business,Small Business,Hospitality,Canterbury,Enterprise,35,243.49,Rob Thompson,2019-01-12
ACC-06958,James Gonzalez,Valley Partners,Business,Corporate,Professional Services,Canterbury,Enterprise,7,196.36,Unassigned,2021-11-11
ACC-06959,Karen Johnson,Central Consulting,Business,Corporate,Hospitality,Wellington,Free,50,0.0,Unassigned,2020-12-31
ACC-06960,Jennifer Gonzalez,Unknown,Residential,Individual,Unknown,Wellington,Basic,5,145.67,Unassigned,2018-12-19
ACC-06961,James Jackson,Unknown,Residential,Individual,Unknown,Otago,Free,27,0.0,Unassigned,2020-11-24
ACC-06963,Barbara Gonzalez,Highland Legal,Business,Small Business,Trades,Waikato,Enterprise,7,716.38,Rob Thompson,2021-01-10
ACC-06964,James Thomas,Peak Tech,Business,Corporate,Retail,Auckland,Enterprise,5,881.02,Lisa Hartley,2021-05-08
ACC-06965,Susan Jones,Central Dental,Business,Small Business,Retail,Canterbury,Enterprise,25,695.14,Sarah Chen,2022-10-16
ACC-06966,Karen Moore,Pioneer Group,Business,Small Business,Professional Services,Auckland,Enterprise,49,545.74,Sarah Chen,2018-09-27
ACC-06967,Charles Moore,Unknown,Residential,Individual,Unknown,Manawatu-Whanganui,Free,19,16.9,Unassigned,2022-06-01
ACC-06968,Linda Brown,Unknown,Residential,Small Business,Unknown,Bay of Plenty,Free,24,0.0,Unassigned,2019-06-12
ACC-06969,Jennifer Rodriguez,Unknown,Residential,Corporate,Unknown,Wellington,Free,13,0.0,Unassigned,2020-11-19
ACC-06972,Barbara Hernandez,Island Holdings,Business,Corporate,Education,Auckland,Enterprise,19,642.12,Lisa Hartley,2021-12-31
ACC-06974,Linda Moore,Unknown,Residential,Individual,Unknown,Auckland,Basic,20,43.73,Unassigned,2018-12-02
ACC-06975,Linda Jones,Unknown,Residential,Corporate,Unknown,Waikato,Basic,6,38.58,Unassigned,2023-08-30
ACC-06976,David Jackson,Peak Group,Business,Corporate,Trades,Wellington,Enterprise,4,687.32,Sarah Chen,2022-02-07
ACC-06977,Charles Davis,Southern Holdings,Business,Corporate,Trades,Canterbury,Enterprise,10,654.82,Mike Patterson,2021-02-27
ACC-06978,Richard Jones,Metro Legal,Business,Corporate,Healthcare,Waikato,Free,3,72.79,Unassigned,2023-04-20
ACC-06979,Sarah Jackson,Kiwi Industries,Business,Corporate,Transport & Logistics,Canterbury,Basic,24,86.64,Unassigned,2020-10-13
ACC-06983,Richard Hernandez,Northern Partners,Business,Corporate,Agriculture,Waikato,Free,19,0.0,Unassigned,2019-08-19
ACC-06984,David Lopez,Peak Electrical,Business,Corporate,Healthcare,Waikato,Enterprise,8,608.59,Mike Patterson,2023-05-19
ACC-06985,Charles Davis,Peak Engineering,Business,Corporate,Retail,Waikato,Premium,17,267.59,Rob Thompson,2018-10-28
ACC-06987,Karen Johnson,Unknown,Residential,Individual,Unknown,Bay of Plenty,Free,46,0.0,Unassigned,2019-05-17
ACC-06991,Jessica Martin,Central Holdings,Business,Corporate,Construction,Wellington,Enterprise,5,607.92,Lisa Hartley,2021-09-22
ACC-06995,Barbara Thomas,Unknown,Residential,Small Business,Unknown,Bay of Plenty,Free,13,336.85,Mike Patterson,2019-05-24
ACC-06996,Karen Anderson,Kiwi Industries,Business,Small Business,Education,Taranaki,Premium,15,330.21,Lisa Hartley,2018-11-08
ACC-06997,Elizabeth Davis,Unknown,Residential,Individual,Unknown,Auckland,Free,15,0.0,Unassigned,2019-01-02
ACC-06998,David Johnson,Kiwi Engineering,Residential,Small Business,Unknown,Canterbury,Free,7,0.0,Unassigned,2023-01-16
ACC-06999,Karen Anderson,Unknown,Residential,Corporate,Unknown,Otago,Basic,8,98.66,Unassigned,2022-02-16
ACC-07000,David Smith,Peak Dental,Business,Small Business,Trades,Wellington,Premium,9,163.34,Lisa Hartley,2019-08-24
ACC-07003,Barbara Martin,Ridge Dental,Business,Corporate,Transport & Logistics,Canterbury,Enterprise,5,93.81,Unassigned,2019-09-04
ACC-07004,Barbara Jackson,Apex Systems,Business,Small Business,Professional Services,Canterbury,Basic,13,233.88,Lisa Hartley,2022-08-09
ACC-07006,Robert Anderson,Harbour Tech,Business,Corporate,Retail,Hawke's Bay,Premium,21,200.78,Rob Thompson,2021-03-08
ACC-07007,Barbara Anderson,Gateway Consulting,Business,Corporate,Retail,Wellington,Enterprise,22,460.75,Sarah Chen,2023-08-31
ACC-07008,Jessica Anderson,Pioneer Consulting,Business,Corporate,Construction,Nelson-Marlborough,Basic,44,99.86,Unassigned,2019-05-09
ACC-07009,Joseph Garcia,Alpha Systems,Business,Corporate,Professional Services,Auckland,Basic,27,79.01,Unassigned,2023-04-19
ACC-07012,James Jones,Unknown,Residential,Individual,Unknown,Waikato,Basic,9,145.97,Sarah Chen,2021-03-29
ACC-07013,Thomas Jones,Unknown,Residential,Individual,Unknown,Canterbury,Enterprise,24,452.44,Lisa Hartley,2022-10-08
ACC-07014,Richard Jones,Ridge Group,Business,Corporate,Transport & Logistics,Auckland,Free,31,0.0,Unassigned,2023-03-19
ACC-07016,Joseph Anderson,Pacific Holdings,Business,Corporate,Professional Services,Wellington,Premium,10,234.49,Lisa Hartley,2021-03-30
ACC-07018,Jessica Martinez,Unknown,Residential,Individual,Unknown,Wellington,Free,27,18.82,Unassigned,2023-07-21
ACC-07020,Michael Moore,Unknown,Residential,Individual,Unknown,Auckland,Basic,11,45.76,Unassigned,2018-09-15
ACC-07021,Linda Miller,Apex Enterprises,Business,Corporate,Hospitality,Waikato,Free,52,0.0,Unassigned,2023-05-29
ACC-07022,Charles Smith,Coastal Group,Business,Corporate,Professional Services,Waikato,Enterprise,7,0.0,Unassigned,2021-04-21
ACC-07023,Barbara Moore,Island Construction,Business,Corporate,Manufacturing,Otago,Free,10,152.62,Unassigned,2021-09-08
ACC-07024,John Thomas,Unknown,Residential,Individual,Unknown,Canterbury,Basic,29,41.58,Unassigned,2020-06-01
ACC-07025,Karen Anderson,Alpha Systems,Business,Corporate,Trades,Canterbury,Enterprise,33,301.68,Mike Patterson,2019-05-02
ACC-07028,William Moore,Highland Enterprises,Business,Individual,Retail,Bay of Plenty,Basic,22,476.6,Rob Thompson,2021-02-19
ACC-07029,Mary Thomas,Coastal Electrical,Business,Individual,Construction,Manawatu-Whanganui,Enterprise,40,0.0,Unassigned,2023-07-26
ACC-07031,James Brown,Apex Construction,Business,Corporate,Professional Services,Auckland,Basic,7,592.29,Lisa Hartley,2022-06-16
ACC-07033,Jennifer Thomas,Pioneer Tech,Residential,Individual,Unknown,Otago,Enterprise,10,371.91,Lisa Hartley,2023-09-02
ACC-07034,Sarah Williams,Pioneer Industries,Business,Small Business,Trades,Auckland,Premium,14,290.68,Lisa Hartley,2018-12-28
ACC-07036,Elizabeth Martinez,Summit Ltd,Business,Small Business,Education,Waikato,Enterprise,32,560.12,Mike Patterson,2023-05-22
ACC-07037,Susan Smith,Gateway Ltd,Business,Corporate,Trades,Canterbury,Basic,26,77.96,Unassigned,2021-12-19
ACC-07038,James Martinez,Gateway Engineering,Business,Individual,Retail,Taranaki,Basic,3,465.12,Rob Thompson,2023-11-02
ACC-07039,James Davis,Alpha Engineering,Business,Small Business,Retail,Canterbury,Enterprise,13,249.83,Rob Thompson,2023-08-15
ACC-07040,Jennifer Williams,Frontier Logistics,Business,Small Business,Professional Services,Canterbury,Basic,54,96.97,Unassigned,2022-01-24
ACC-07041,Michael Miller,Valley Partners,Business,Corporate,Agriculture,Otago,Free,9,0.0,Unassigned,2021-07-01
ACC-07042,Jessica Anderson,Summit Holdings,Business,Corporate,Trades,Auckland,Enterprise,43,423.95,Mike Patterson,2020-06-25
ACC-07043,Barbara Garcia,Sterling Logistics,Business,Corporate,Education,Waikato,Free,26,0.0,Unassigned,2021-11-20
ACC-07045,Elizabeth Martinez,Island Logistics,Residential,Small Business,Unknown,Waikato,Basic,58,43.45,Unassigned,2019-03-16
ACC-07046,Charles Hernandez,Northern Electrical,Business,Corporate,Trades,Auckland,Premium,24,181.49,Unassigned,2022-03-13
ACC-07047,Mary Williams,Unknown,Residential,Individual,Unknown,Waikato,Premium,23,115.2,Unassigned,2019-07-11
ACC-07050,Mary Gonzalez,Pacific Ltd,Business,Small Business,Healthcare,Hawke's Bay,Free,7,0.0,Unassigned,2023-08-18
ACC-07051,David Garcia,Kiwi Engineering,Business,Corporate,Hospitality,Canterbury,Enterprise,10,544.98,Sarah Chen,2019-10-22
ACC-07052,James Johnson,Island Enterprises,Business,Small Business,Trades,Wellington,Basic,30,0.0,Unassigned,2019-01-07
ACC-07053,Barbara Garcia,Unknown,Residential,Individual,Unknown,Auckland,Enterprise,2,47.96,Unassigned,2018-02-16
ACC-07054,Jessica Jones,Sterling Transport,Business,Corporate,Construction,Canterbury,Free,50,0.0,Unassigned,2019-05-15
ACC-07055,Karen Moore,Unknown,Residential,Individual,Unknown,Canterbury,Enterprise,39,423.12,Mike Patterson,2023-03-21
ACC-07057,Charles Hernandez,Coastal Dental,Business,Corporate,Construction,Auckland,Basic,11,104.25,Unassigned,2022-06-27
ACC-07058,Susan Davis,Unknown,Residential,Individual,Unknown,Auckland,Basic,54,38.53,Unassigned,2018-11-23
ACC-07059,Charles Miller,Summit Construction,Business,Corporate,Education,Wellington,Enterprise,5,97.03,Unassigned,2020-10-20
ACC-07060,David Gonzalez,Alpha Plumbing,Business,Individual,Construction,Canterbury,Basic,14,670.33,Mike Patterson,2023-09-12
ACC-07061,John Johnson,Alpha Industries,Business,Corporate,Trades,Wellington,Basic,11,221.12,Mike Patterson,2022-06-02
ACC-07063,David Anderson,Southern Solutions,Business,Individual,Professional Services,Otago,Basic,44,265.98,Sarah Chen,2021-12-08
ACC-07064,Barbara Wilson,Apex Legal,Business,Corporate,Professional Services,Wellington,Free,31,0.0,Unassigned,2023-10-27
ACC-07066,Jessica Garcia,Kiwi Holdings,Business,Corporate,Healthcare,Canterbury,Free,23,0.0,Unassigned,2021-04-05
ACC-07067,Elizabeth Martin,Unknown,Residential,Individual,Unknown,Waikato,Premium,1,128.62,Rob Thompson,2019-03-19
ACC-07068,John Smith,Summit Solutions,Business,Small Business,Construction,Canterbury,Basic,37,63.68,Unassigned,2021-11-18
ACC-07071,Linda Martin,Apex Construction,Business,Corporate,Healthcare,Waikato,Enterprise,22,705.56,Sarah Chen,2022-04-30
ACC-07073,Susan Jones,Southern Plumbing,Residential,Corporate,Unknown,Manawatu-Whanganui,Enterprise,1,387.56,Lisa Hartley,2022-01-29
ACC-07075,Thomas Anderson,Metro Transport,Business,Individual,Construction,Canterbury,Basic,51,65.61,Unassigned,2023-10-21
ACC-07077,Barbara Hernandez,Coastal Solutions,Business,Corporate,Healthcare,Waikato,Basic,21,0.0,Unassigned,2019-03-31
ACC-07078,Mary Taylor,Harbour Logistics,Business,Corporate,Retail,Otago,Basic,4,247.04,Lisa Hartley,2020-04-18
ACC-07080,John Hernandez,Peak Solutions,Business,Small Business,Construction,Auckland,Free,20,0.0,Unassigned,2020-10-01
ACC-07082,Jennifer Hernandez,Northern Enterprises,Business,Corporate,Construction,Auckland,Enterprise,2,634.02,Rob Thompson,2018-04-11
ACC-07084,John Johnson,Unknown,Residential,Corporate,Unknown,Canterbury,Free,27,0.0,Unassigned,2022-08-08
ACC-07087,Barbara Smith,Northern Legal,Business,Small Business,Construction,Waikato,Premium,12,882.66,Rob Thompson,2019-01-15
ACC-07088,Michael Davis,Harbour Electrical,Business,Corporate,Construction,Bay of Plenty,Basic,37,0.0,Unassigned,2019-03-27
ACC-07092,Barbara Gonzalez,Harbour Dental,Business,Individual,Trades,Wellington,Free,1,0.0,Unassigned,2019-01-05
ACC-07093,James Miller,Unknown,Residential,Corporate,Unknown,Canterbury,Free,19,0.0,Unassigned,2021-11-04
ACC-07096,James Miller,Unknown,Residential,Individual,Unknown,Otago,Enterprise,20,394.46,Sarah Chen,2020-07-17
ACC-07097,Joseph Johnson,Coastal Legal,Business,Small Business,Construction,Auckland,Free,46,0.0,Unassigned,2022-04-23
ACC-07098,Karen Anderson,Central Plumbing,Business,Corporate,Property Management,Waikato,Free,39,0.0,Unassigned,2019-01-23
ACC-07100,Charles Jones,Central Services,Business,Small Business,Agriculture,Auckland,Enterprise,41,248.54,Lisa Hartley,2023-01-13
ACC-07101,Barbara Wilson,Northern Consulting,Business,Corporate,Healthcare,Auckland,Basic,3,77.22,Unassigned,2018-04-13
ACC-07103,Joseph Moore,Sterling Legal,Business,Individual,Healthcare,Auckland,Basic,11,393.34,Mike Patterson,2019-01-18
ACC-07104,Barbara Wilson,Peak Enterprises,Business,Small Business,Hospitality,Auckland,Enterprise,9,707.8,Mike Patterson,2019-04-28
ACC-07109,Charles Johnson,Unknown,Residential,Individual,Unknown,Waikato,Free,2,40.02,Unassigned,2018-12-21
ACC-07111,Barbara Davis,Unknown,Residential,Individual,Unknown,Auckland,Premium,10,118.07,Unassigned,2020-05-22
ACC-07112,Barbara Gonzalez,Harbour Services,Business,Small Business,Agriculture,Otago,Free,40,290.73,Sarah Chen,2023-05-31
ACC-07114,Karen Thomas,Unknown,Residential,Individual,Unknown,Canterbury,Premium,7,94.32,Unassigned,2019-12-12
ACC-07115,Jessica Lopez,Unknown,Residential,Individual,Unknown,Canterbury,Basic,40,43.88,Unassigned,2023-05-08
ACC-07116,Charles Taylor,Island Services,Business,Corporate,Professional Services,Canterbury,Premium,12,86.15,Unassigned,2019-04-12
ACC-07117,Elizabeth Garcia,Valley Services,Business,Corporate,Professional Services,Canterbury,Premium,5,222.72,Mike Patterson,2018-08-15
ACC-07118,Jessica Smith,Unknown,Residential,Individual,Unknown,Hawke's Bay,Enterprise,57,433.55,Rob Thompson,2022-12-06
ACC-07119,Susan Miller,Summit Industries,Business,Small Business,Construction,Canterbury,Enterprise,9,912.94,Sarah Chen,2019-10-01
ACC-07120,Barbara Wilson,Unknown,Residential,Individual,Unknown,Nelson-Marlborough,Enterprise,6,346.54,Sarah Chen,2019-05-25
ACC-07121,Barbara Johnson,Summit Medical,Business,Individual,Manufacturing,Canterbury,Enterprise,41,641.36,Lisa Hartley,2023-07-11
ACC-07122,Elizabeth Hernandez,Unknown,Residential,Small Business,Unknown,Waikato,Premium,45,121.58,Lisa Hartley,2019-08-02
ACC-07124,David Lopez,Harbour Solutions,Business,Individual,Trades,Waikato,Basic,8,57.3,Unassigned,2019-08-30
ACC-07129,Jessica Rodriguez,Unknown,Residential,Individual,Unknown,Canterbury,Basic,14,38.83,Unassigned,2021-07-31
ACC-07130,Barbara Johnson,Unknown,Residential,Small Business,Unknown,Canterbury,Premium,28,0.0,Unassigned,2020-05-12
ACC-07131,Michael Martin,Northern Group,Business,Small Business,Hospitality,Wellington,Enterprise,20,824.8,Sarah Chen,2020-03-21
ACC-07133,Elizabeth Moore,Unknown,Residential,Individual,Unknown,Otago,Basic,27,0.0,Unassigned,2020-09-29
ACC-07134,Mary Jones,Unknown,Residential,Individual,Unknown,Auckland,Enterprise,53,383.84,Sarah Chen,2021-03-10
ACC-07135,James Taylor,Ridge Engineering,Business,Corporate,Construction,Auckland,Enterprise,12,559.34,Sarah Chen,2021-03-15
ACC-07136,Barbara Hernandez,Unknown,Residential,Corporate,Unknown,Otago,Free,37,0.0,Unassigned,2019-04-25
ACC-07137,Sarah Hernandez,Summit Logistics,Business,Corporate,Professional Services,Auckland,Basic,2,527.17,Mike Patterson,2018-07-30
ACC-07139,Mary Hernandez,Valley Holdings,Business,Corporate,Agriculture,Waikato,Basic,11,82.96,Unassigned,2020-05-15
ACC-07140,Susan Moore,Central Services,Business,Small Business,Education,Wellington,Basic,17,66.76,Unassigned,2019-04-15
ACC-07141,Charles Hernandez,Pacific Logistics,Business,Individual,Construction,Canterbury,Basic,14,770.09,Rob Thompson,2023-07-09
ACC-07143,James Martin,Frontier Ltd,Business,Small Business,Healthcare,Auckland,Premium,16,165.69,Unassigned,2023-08-14
ACC-07145,Michael Rodriguez,Unknown,Residential,Individual,Unknown,Nelson-Marlborough,Premium,26,0.0,Unassigned,2020-01-01
ACC-07146,David Rodriguez,Pioneer Electrical,Business,Corporate,Agriculture,Waikato,Basic,14,124.35,Unassigned,2020-08-25
ACC-07149,Susan Davis,Unknown,Residential,Individual,Unknown,Waikato,Premium,17,109.88,Unassigned,2018-04-09
ACC-07151,Mary Taylor,Coastal Solutions,Business,Corporate,Manufacturing,Waikato,Basic,9,104.82,Sarah Chen,2018-08-19
ACC-07153,Jessica Garcia,Island Transport,Business,Corporate,Healthcare,Canterbury,Free,12,452.02,Lisa Hartley,2023-01-10
ACC-07154,Thomas Miller,Harbour Electrical,Business,Corporate,Professional Services,Auckland,Enterprise,1,253.27,Mike Patterson,2021-02-03
ACC-07155,Elizabeth Brown,Valley Group,Business,Individual,Trades,Auckland,Enterprise,3,0.0,Unassigned,2021-06-24
ACC-07156,James Anderson,Central Plumbing,Business,Small Business,Construction,Otago,Premium,9,70.19,Unassigned,2023-12-03
ACC-07158,Linda Brown,Sterling Partners,Business,Corporate,Education,Canterbury,Enterprise,39,564.38,Lisa Hartley,2022-05-31
ACC-07160,Charles Gonzalez,Central Industries,Business,Small Business,Healthcare,Wellington,Premium,56,171.82,Unassigned,2022-01-14
ACC-07161,Karen Wilson,Apex Transport,Business,Corporate,Healthcare,Wellington,Enterprise,15,0.0,Unassigned,2022-07-28
ACC-07162,David Anderson,Unknown,Residential,Corporate,Unknown,Canterbury,Free,34,26.16,Unassigned,2020-01-20
ACC-07163,Jennifer Smith,Unknown,Residential,Individual,Unknown,Bay of Plenty,Premium,17,120.86,Rob Thompson,2022-05-16
ACC-07164,John Johnson,Unknown,Residential,Individual,Unknown,Auckland,Premium,15,111.81,Unassigned,2023-04-30
ACC-07165,Thomas Lopez,Unknown,Residential,Individual,Unknown,Canterbury,Basic,58,36.91,Unassigned,2020-02-14
ACC-07167,Barbara Davis,Unknown,Residential,Corporate,Unknown,Auckland,Enterprise,14,12.58,Unassigned,2018-01-10
ACC-07168,Karen Moore,Unknown,Residential,Individual,Unknown,Hawke's Bay,Enterprise,21,336.49,Rob Thompson,2020-01-18
ACC-07169,John Anderson,Southern Ltd,Business,Small Business,Healthcare,Canterbury,Basic,2,93.23,Unassigned,2021-12-10
ACC-07172,Karen Thomas,Highland Enterprises,Business,Corporate,Professional Services,Auckland,Free,1,279.56,Lisa Hartley,2020-12-12
ACC-07174,Richard Miller,Unknown,Residential,Corporate,Unknown,Wellington,Free,5,128.94,Lisa Hartley,2021-03-24
ACC-07176,Jessica Martinez,Unknown,Residential,Individual,Unknown,Auckland,Free,10,166.55,Rob Thompson,2021-10-29
ACC-07177,John Jones,Unknown,Residential,Corporate,Unknown,Canterbury,Premium,26,137.19,Unassigned,2018-02-17
ACC-07178,Charles Smith,Frontier Solutions,Business,Corporate,Retail,Otago,Basic,26,0.0,Unassigned,2023-01-11
ACC-07179,Patricia Hernandez,Coastal Solutions,Business,Corporate,Construction,Bay of Plenty,Free,36,0.0,Unassigned,2020-04-14
ACC-07183,Patricia Lopez,Central Industries,Business,Corporate,Transport & Logistics,Canterbury,Enterprise,16,458.72,Rob Thompson,2022-08-13
ACC-07184,Charles Gonzalez,Unknown,Residential,Individual,Unknown,Waikato,Enterprise,4,156.32,Rob Thompson,2018-01-05
ACC-07186,Charles Moore,Harbour Group,Business,Corporate,Healthcare,Canterbury,Enterprise,7,544.73,Lisa Hartley,2023-10-27
ACC-07188,Joseph Rodriguez,Unknown,Residential,Individual,Unknown,Waikato,Premium,11,111.36,Unassigned,2022-06-29
ACC-07190,James Hernandez,Southern Services,Business,Small Business,Retail,Otago,Premium,1,213.72,Sarah Chen,2019-07-13
ACC-07195,Jessica Thomas,Sterling Ltd,Business,Corporate,Retail,Canterbury,Enterprise,13,734.47,Lisa Hartley,2020-05-16
ACC-07196,David Brown,Coastal Logistics,Business,Corporate,Healthcare,Hawke's Bay,Basic,17,113.28,Unassigned,2022-08-31
ACC-07198,Mary Gonzalez,Valley Ltd,Business,Corporate,Professional Services,Otago,Basic,11,89.75,Unassigned,2021-01-23
ACC-07199,Linda Smith,Unknown,Residential,Corporate,Unknown,Hawke's Bay,Free,24,0.0,Unassigned,2022-01-07
ACC-07200,Patricia Taylor,Unknown,Residential,Individual,Unknown,Bay of Plenty,Basic,34,141.24,Unassigned,2020-05-07
ACC-07203,Sarah Moore,Unknown,Residential,Small Business,Unknown,Manawatu-Whanganui,Enterprise,10,383.17,Rob Thompson,2018-05-18
ACC-07205,Charles Rodriguez,Metro Dental,Business,Small Business,Construction,Wellington,Enterprise,7,304.03,Lisa Hartley,2022-12-12
ACC-07207,Susan Jackson,Unknown,Residential,Individual,Unknown,Northland,Basic,48,50.79,Unassigned,2023-11-03
ACC-07209,Thomas Brown,Apex Systems,Business,Individual,Property Management,Auckland,Premium,21,229.42,Sarah Chen,2018-12-11
ACC-07210,Susan Anderson,Island Transport,Business,Corporate,Retail,Bay of Plenty,Basic,37,98.25,Unassigned,2021-05-19
ACC-07214,Michael Gonzalez,Southern Group,Business,Corporate,Professional Services,Canterbury,Free,27,0.0,Unassigned,2022-08-04
ACC-07217,Charles Jackson,Harbour Industries,Business,Corporate,Trades,Wellington,Enterprise,18,0.0,Unassigned,2020-02-26
ACC-07218,Joseph Anderson,Gateway Construction,Business,Small Business,Professional Services,Manawatu-Whanganui,Free,18,0.0,Unassigned,2021-08-09
ACC-07219,Barbara Thomas,Unknown,Residential,Individual,Unknown,Southland,Enterprise,2,142.79,Unassigned,2020-12-04
ACC-07220,Charles Davis,Metro Group,Business,Corporate,Professional Services,Auckland,Free,25,0.0,Unassigned,2023-09-15
ACC-07221,Charles Hernandez,Central Partners,Business,Corporate,Healthcare,Canterbury,Enterprise,6,73.85,Unassigned,2021-08-20
ACC-07222,Mary Jones,Central Legal,Business,Corporate,Retail,Canterbury,Enterprise,48,463.39,Sarah Chen,2018-07-13
ACC-07223,Robert Gonzalez,Alpha Group,Business,Individual,Education,Otago,Basic,29,83.89,Unassigned,2021-09-23
ACC-07225,Elizabeth Jackson,Summit Tech,Business,Corporate,Manufacturing,Otago,Enterprise,2,0.0,Unassigned,2022-10-01
ACC-07226,Barbara Wilson,Unknown,Residential,Small Business,Unknown,Auckland,Premium,53,110.79,Unassigned,2019-04-11
ACC-07227,Barbara Johnson,Island Holdings,Business,Corporate,Agriculture,Bay of Plenty,Free,6,123.25,Lisa Hartley,2022-04-19
ACC-07228,Mary Moore,Unknown,Residential,Individual,Unknown,Nelson-Marlborough,Premium,2,37.99,Unassigned,2019-05-26
ACC-07229,Patricia Moore,Unknown,Residential,Small Business,Unknown,Otago,Free,18,35.12,Unassigned,2022-01-09
ACC-07231,Sarah Martinez,Unknown,Residential,Individual,Unknown,Canterbury,Basic,52,55.21,Unassigned,2022-05-29
ACC-07234,Linda Miller,Valley Electrical,Business,Small Business,Manufacturing,Auckland,Premium,53,225.06,Sarah Chen,2019-10-21
ACC-07235,Jessica Rodriguez,Unknown,Residential,Individual,Unknown,Northland,Enterprise,2,295.93,Sarah Chen,2020-12-27
ACC-07237,John Jones,Northern Enterprises,Business,Individual,Healthcare,Waikato,Basic,4,96.39,Unassigned,2019-06-13
ACC-07238,Barbara Thomas,Sterling Holdings,Business,Small Business,Healthcare,Bay of Plenty,Enterprise,2,707.15,Lisa Hartley,2023-01-27
ACC-07239,Jennifer Taylor,Highland Electrical,Business,Corporate,Manufacturing,Otago,Enterprise,46,0.0,Unassigned,2020-08-20
ACC-07240,David Williams,Ridge Dental,Business,Corporate,Agriculture,Canterbury,Enterprise,60,440.85,Mike Patterson,2021-10-28
ACC-07241,David Martin,Summit Enterprises,Business,Small Business,Healthcare,Canterbury,Basic,49,644.25,Rob Thompson,2019-04-12
ACC-07242,John Lopez,Unknown,Residential,Individual,Unknown,Manawatu-Whanganui,Basic,4,0.0,Unassigned,2022-09-20
ACC-07244,Susan Taylor,Pioneer Systems,Business,Small Business,Healthcare,Bay of Plenty,Free,37,0.0,Unassigned,2019-09-20
ACC-07247,Charles Taylor,Unknown,Residential,Individual,Unknown,Auckland,Enterprise,12,318.19,Sarah Chen,2018-12-17
ACC-07248,Barbara Lopez,Pacific Electrical,Residential,Small Business,Unknown,Waikato,Enterprise,6,272.38,Sarah Chen,2023-06-14
ACC-07250,Barbara Hernandez,Peak Engineering,Business,Corporate,Retail,Taranaki,Basic,20,73.37,Unassigned,2023-06-03
ACC-07251,Barbara Garcia,Unknown,Residential,Individual,Unknown,Auckland,Basic,51,49.05,Unassigned,2020-10-15
ACC-07252,David Hernandez,Unknown,Residential,Small Business,Unknown,Wellington,Enterprise,2,0.0,Unassigned,2022-08-18
ACC-07254,David Hernandez,Unknown,Residential,Individual,Unknown,Auckland,Premium,1,154.69,Unassigned,2018-05-28
ACC-07256,Sarah Smith,Peak Systems,Business,Corporate,Agriculture,Bay of Plenty,Basic,6,55.96,Unassigned,2020-01-30
ACC-07257,David Smith,Unknown,Residential,Individual,Unknown,Bay of Plenty,Enterprise,4,387.71,Lisa Hartley,2018-12-17
ACC-07258,Thomas Martin,Highland Holdings,Business,Corporate,Retail,Otago,Free,33,0.0,Unassigned,2019-12-26
ACC-07263,Karen Lopez,Northern Holdings,Business,Corporate,Retail,Wellington,Enterprise,35,919.2,Mike Patterson,2018-02-27
ACC-07265,Charles Garcia,Pioneer Logistics,Business,Individual,Retail,Wellington,Free,32,0.0,Unassigned,2021-11-26
ACC-07266,Barbara Davis,Frontier Industries,Business,Small Business,Retail,Canterbury,Premium,55,151.11,Unassigned,2018-11-27
ACC-07272,Michael Anderson,Northern Solutions,Business,Small Business,Property Management,Bay of Plenty,Basic,43,75.13,Unassigned,2018-05-10
ACC-07273,Mary Wilson,Alpha Dental,Business,Corporate,Construction,Wellington,Basic,28,61.86,Unassigned,2022-07-23
ACC-07274,Barbara Anderson,Unknown,Residential,Individual,Unknown,Taranaki,Enterprise,36,361.56,Mike Patterson,2022-02-22
ACC-07275,Robert Thomas,Kiwi Partners,Business,Individual,Hospitality,Auckland,Free,8,0.0,Unassigned,2018-10-04
ACC-07276,David Taylor,Kiwi Legal,Business,Individual,Retail,Bay of Plenty,Basic,7,95.52,Unassigned,2020-12-24
ACC-07277,Elizabeth Smith,Peak Engineering,Business,Corporate,Manufacturing,Auckland,Free,8,0.0,Unassigned,2019-02-01
ACC-07279,Mary Anderson,Ridge Group,Business,Small Business,Education,Canterbury,Free,11,0.0,Unassigned,2020-12-06
ACC-07280,Barbara Taylor,Pacific Systems,Business,Corporate,Healthcare,Bay of Plenty,Basic,7,670.55,Sarah Chen,2018-04-24
ACC-07281,Barbara Williams,Unknown,Residential,Individual,Unknown,Otago,Basic,31,115.34,Unassigned,2022-08-30
ACC-07284,John Gonzalez,Sterling Plumbing,Business,Corporate,Property Management,Wellington,Enterprise,5,638.72,Sarah Chen,2018-08-31
ACC-07285,Robert Thomas,Sterling Solutions,Business,Corporate,Trades,Auckland,Free,44,0.0,Unassigned,2019-12-31
ACC-07286,David Smith,Apex Services,Business,Individual,Agriculture,Auckland,Premium,15,192.31,Unassigned,2021-09-05
ACC-07287,Charles Anderson,Unknown,Residential,Individual,Unknown,Wellington,Enterprise,20,0.0,Unassigned,2018-04-23
ACC-07289,Jessica Taylor,Gateway Legal,Business,Corporate,Hospitality,Auckland,Enterprise,4,638.34,Lisa Hartley,2020-05-05
ACC-07290,Karen Hernandez,Coastal Construction,Business,Small Business,Retail,Canterbury,Free,17,679.87,Lisa Hartley,2022-10-22
ACC-07291,Barbara Hernandez,Gateway Solutions,Business,Corporate,Education,Auckland,Enterprise,46,611.4,Sarah Chen,2020-05-13
ACC-07293,Patricia Jackson,Northern Legal,Business,Small Business,Retail,Manawatu-Whanganui,Basic,51,79.54,Unassigned,2021-09-18
ACC-07295,Elizabeth Moore,Unknown,Residential,Individual,Unknown,Canterbury,Basic,18,46.13,Unassigned,2021-10-26
ACC-07296,Robert Davis,Metro Engineering,Business,Individual,Retail,Hawke's Bay,Premium,35,295.41,Sarah Chen,2019-12-08
ACC-07300,Barbara Davis,Ridge Industries,Business,Corporate,Agriculture,Canterbury,Enterprise,28,518.13,Sarah Chen,2023-12-13
ACC-07301,Richard Hernandez,Frontier Partners,Business,Small Business,Agriculture,Bay of Plenty,Free,48,0.0,Unassigned,2021-06-10
ACC-07303,Thomas Miller,Coastal Construction,Business,Small Business,Transport & Logistics,Auckland,Basic,23,79.22,Unassigned,2018-10-02
ACC-07304,Jennifer Jackson,Southern Enterprises,Business,Small Business,Trades,Canterbury,Free,3,517.73,Lisa Hartley,2021-08-26
ACC-07306,Patricia Hernandez,Valley Holdings,Business,Individual,Healthcare,Hawke's Bay,Basic,1,98.16,Unassigned,2022-12-09
ACC-07307,David Williams,Unknown,Residential,Individual,Unknown,Otago,Free,9,391.48,Rob Thompson,2019-04-10
ACC-07309,Elizabeth Lopez,Pioneer Construction,Business,Individual,Construction,Bay of Plenty,Basic,14,884.34,Mike Patterson,2023-02-24
ACC-07311,Barbara Miller,Sterling Industries,Business,Small Business,Transport & Logistics,Wellington,Premium,12,0.0,Unassigned,2023-12-30
ACC-07312,Patricia Davis,Sterling Legal,Business,Small Business,Hospitality,Auckland,Basic,4,123.11,Unassigned,2021-08-10
ACC-07314,Thomas Anderson,Unknown,Residential,Individual,Unknown,Wellington,Premium,54,125.59,Mike Patterson,2020-02-22
ACC-07316,Charles Williams,Central Medical,Business,Individual,Retail,Auckland,Basic,52,101.37,Unassigned,2022-02-15
ACC-07317,Charles Williams,Summit Legal,Business,Small Business,Trades,Otago,Enterprise,1,659.3,Sarah Chen,2018-07-08
ACC-07318,Michael Miller,Harbour Dental,Business,Corporate,Professional Services,Auckland,Basic,36,68.47,Unassigned,2018-11-24
ACC-07319,Karen Hernandez,Unknown,Residential,Individual,Unknown,Auckland,Basic,3,0.0,Unassigned,2018-05-30
ACC-07320,Barbara Hernandez,Unknown,Residential,Corporate,Unknown,Wellington,Enterprise,33,0.0,Unassigned,2023-01-23
ACC-07322,Sarah Williams,Summit Industries,Business,Small Business,Construction,Otago,Premium,23,270.14,Lisa Hartley,2021-05-25
ACC-07323,Mary Garcia,Central Dental,Business,Corporate,Professional Services,Auckland,Basic,24,95.03,Unassigned,2021-06-22
ACC-07324,Jennifer Davis,Valley Solutions,Business,Individual,Healthcare,Bay of Plenty,Free,34,0.0,Unassigned,2023-11-18
ACC-07326,Richard Anderson,Unknown,Residential,Individual,Unknown,Hawke's Bay,Free,44,0.0,Unassigned,2018-03-17
ACC-07328,William Johnson,Harbour Engineering,Business,Small Business,Retail,Canterbury,Premium,49,188.34,Unassigned,2018-06-17
ACC-07330,John Lopez,Frontier Dental,Business,Individual,Construction,Hawke's Bay,Basic,13,199.82,Mike Patterson,2020-01-23
ACC-07331,Jennifer Taylor,Central Consulting,Business,Corporate,Trades,Taranaki,Free,5,0.0,Unassigned,2020-06-09
ACC-07332,Charles Martinez,Apex Plumbing,Business,Corporate,Construction,Wellington,Enterprise,4,218.09,Rob Thompson,2018-04-02
ACC-07333,Linda Moore,Sterling Logistics,Business,Corporate,Property Management,Auckland,Premium,9,711.17,Lisa Hartley,2023-10-18
ACC-07334,Linda Williams,Unknown,Residential,Individual,Unknown,Auckland,Enterprise,15,350.52,Mike Patterson,2019-02-10
ACC-07335,Joseph Wilson,Unknown,Residential,Individual,Unknown,Southland,Free,39,0.0,Unassigned,2023-07-03
ACC-07336,James Thomas,Harbour Industries,Business,Small Business,Agriculture,Canterbury,Enterprise,11,641.78,Mike Patterson,2019-09-20
ACC-07339,John Hernandez,Gateway Systems,Business,Individual,Healthcare,Waikato,Enterprise,27,760.81,Mike Patterson,2021-12-04
ACC-07341,Barbara Jackson,Unknown,Residential,Corporate,Unknown,Southland,Free,8,0.0,Unassigned,2018-09-20
ACC-07343,Karen Miller,Southern Ltd,Business,Corporate,Manufacturing,Auckland,Free,23,0.0,Unassigned,2018-07-22
ACC-07344,Elizabeth Martinez,Northern Consulting,Business,Corporate,Professional Services,Auckland,Enterprise,23,503.99,Lisa Hartley,2019-06-12
ACC-07345,John Taylor,Southern Transport,Business,Small Business,Construction,Auckland,Basic,8,51.4,Unassigned,2020-04-12
ACC-07347,Jessica Martinez,Unknown,Residential,Individual,Unknown,Taranaki,Enterprise,4,0.0,Unassigned,2021-02-26
ACC-07349,Sarah Anderson,Unknown,Residential,Individual,Unknown,Auckland,Premium,58,164.09,Unassigned,2020-01-24
ACC-07350,David Johnson,Gateway Construction,Business,Small Business,Property Management,Canterbury,Free,26,639.08,Lisa Hartley,2019-12-07
ACC-07352,Linda Smith,Apex Engineering,Business,Corporate,Trades,Auckland,Basic,9,55.24,Unassigned,2018-08-21
ACC-07353,Patricia Taylor,Frontier Group,Business,Corporate,Education,Canterbury,Enterprise,10,643.37,Mike Patterson,2018-04-26
ACC-07354,Sarah Miller,Unknown,Residential,Individual,Unknown,Auckland,Premium,10,108.53,Unassigned,2019-11-26
ACC-07356,Charles Anderson,Alpha Ltd,Business,Corporate,Construction,Auckland,Basic,1,0.0,Unassigned,2018-06-06
ACC-07357,Charles Gonzalez,Unknown,Residential,Corporate,Unknown,Auckland,Free,21,301.97,Mike Patterson,2023-04-18
ACC-07358,Elizabeth Jackson,Metro Construction,Business,Small Business,Trades,Nelson-Marlborough,Free,16,0.0,Unassigned,2018-02-08
ACC-07360,Charles Williams,Unknown,Residential,Individual,Unknown,Canterbury,Basic,15,32.64,Unassigned,2021-01-19
ACC-07361,Patricia Martinez,Sterling Tech,Business,Corporate,Construction,Otago,Basic,12,75.55,Unassigned,2022-04-03
ACC-07362,Barbara Smith,Alpha Construction,Business,Corporate,Construction,Bay of Plenty,Premium,22,181.2,Unassigned,2020-03-05
ACC-07363,William Williams,Central Construction,Business,Corporate,Trades,Waikato,Basic,5,77.42,Unassigned,2019-09-19
ACC-07364,Jessica Anderson,Frontier Logistics,Business,Corporate,Retail,Waikato,Premium,12,132.38,Unassigned,2018-02-02
ACC-07367,Sarah Jackson,Unknown,Residential,Small Business,Unknown,Manawatu-Whanganui,Enterprise,18,331.88,Mike Patterson,2020-04-01
ACC-07370,Barbara Gonzalez,Summit Solutions,Business,Corporate,Retail,Otago,Basic,1,269.51,Sarah Chen,2021-03-09
ACC-07371,Joseph Lopez,Coastal Systems,Business,Corporate,Transport & Logistics,Auckland,Basic,3,74.78,Unassigned,2023-01-24
ACC-07372,Jessica Davis,Unknown,Residential,Corporate,Unknown,Canterbury,Enterprise,1,144.98,Unassigned,2019-12-16
ACC-07374,Elizabeth Jackson,Unknown,Residential,Individual,Unknown,Bay of Plenty,Enterprise,1,293.47,Sarah Chen,2022-01-22
ACC-07376,Charles Martin,Central Plumbing,Business,Small Business,Retail,Auckland,Free,23,0.0,Unassigned,2020-11-09
ACC-07379,Jennifer Johnson,Metro Logistics,Business,Corporate,Healthcare,Auckland,Enterprise,36,562.4,Sarah Chen,2018-01-01
ACC-07381,Elizabeth Garcia,Frontier Engineering,Business,Corporate,Manufacturing,Southland,Basic,33,20.07,Unassigned,2022-05-09
ACC-07383,David Wilson,Island Services,Business,Corporate,Trades,Auckland,Premium,6,590.01,Mike Patterson,2018-12-09
ACC-07384,Michael Jackson,Valley Ltd,Business,Small Business,Education,Canterbury,Free,47,0.0,Unassigned,2023-10-23
ACC-07385,James Thomas,Island Logistics,Business,Small Business,Construction,Manawatu-Whanganui,Basic,33,0.0,Unassigned,2020-09-23
ACC-07387,James Jones,Unknown,Residential,Individual,Unknown,Waikato,Basic,18,46.01,Unassigned,2018-08-05
ACC-07388,Thomas Hernandez,Kiwi Tech,Residential,Individual,Unknown,Waikato,Enterprise,6,98.5,Unassigned,2023-02-02
ACC-07389,Charles Hernandez,Ridge Transport,Business,Corporate,Education,Canterbury,Basic,13,0.0,Unassigned,2020-12-12
ACC-07390,William Gonzalez,Pioneer Partners,Business,Corporate,Professional Services,Canterbury,Free,20,0.0,Unassigned,2020-06-16
ACC-07391,Linda Lopez,Unknown,Residential,Individual,Unknown,Northland,Basic,36,42.6,Unassigned,2019-08-01
ACC-07395,Mary Martinez,Alpha Services,Business,Corporate,Healthcare,Auckland,Enterprise,3,962.38,Rob Thompson,2023-09-01
ACC-07398,David Martinez,Gateway Electrical,Residential,Small Business,Unknown,Taranaki,Basic,37,122.58,Unassigned,2018-03-20
ACC-07399,Robert Martinez,Sterling Dental,Business,Individual,Trades,Wellington,Enterprise,56,420.07,Rob Thompson,2018-10-13
ACC-07403,Charles Martin,Unknown,Residential,Individual,Unknown,Canterbury,Free,49,0.0,Unassigned,2021-07-05
ACC-07404,Jessica Smith,Unknown,Residential,Small Business,Unknown,Wellington,Free,31,0.0,Unassigned,2023-04-29
ACC-07406,Michael Jackson,Kiwi Solutions,Business,Small Business,Construction,Canterbury,Basic,21,99.57,Unassigned,2020-01-19
ACC-07408,Karen Jackson,Peak Tech,Business,Corporate,Retail,Canterbury,Premium,50,0.0,Unassigned,2018-09-24
ACC-07410,Richard Lopez,Unknown,Residential,Corporate,Unknown,Canterbury,Free,31,10.84,Unassigned,2019-07-29
ACC-07412,Elizabeth Brown,Sterling Services,Business,Corporate,Trades,Auckland,Basic,8,333.78,Mike Patterson,2018-03-02
ACC-07414,Barbara Taylor,Island Systems,Business,Individual,Retail,Wellington,Basic,6,101.87,Unassigned,2022-09-20
ACC-07415,Jessica Davis,Unknown,Residential,Individual,Unknown,Wellington,Enterprise,4,260.25,Sarah Chen,2021-07-31
ACC-07417,David Jackson,Ridge Solutions,Business,Corporate,Construction,Canterbury,Enterprise,11,547.58,Mike Patterson,2023-11-07
ACC-07419,Richard Brown,Unknown,Residential,Small Business,Unknown,Auckland,Free,21,0.0,Unassigned,2022-06-13
ACC-07420,James Wilson,Unknown,Residential,Corporate,Unknown,Otago,Enterprise,27,0.0,Unassigned,2020-01-08
ACC-07421,Linda Davis,Unknown,Residential,Individual,Unknown,Auckland,Free,10,0.0,Unassigned,2018-04-11
ACC-07422,Michael Wilson,Unknown,Residential,Individual,Unknown,Nelson-Marlborough,Basic,18,55.55,Unassigned,2021-11-15
ACC-07423,David Hernandez,Northern Medical,Business,Corporate,Manufacturing,Waikato,Enterprise,3,734.16,Sarah Chen,2022-03-08
ACC-07424,Linda Garcia,Unknown,Residential,Individual,Unknown,Auckland,Free,59,0.0,Unassigned,2023-06-01
ACC-07425,Susan Hernandez,Unknown,Residential,Individual,Unknown,Auckland,Basic,42,41.85,Unassigned,2021-10-20
ACC-07426,David Garcia,Island Engineering,Business,Corporate,Retail,Canterbury,Premium,11,203.22,Lisa Hartley,2018-05-25
ACC-07427,Sarah Garcia,Apex Ltd,Business,Small Business,Trades,Wellington,Basic,53,81.93,Unassigned,2018-08-02
ACC-07428,Patricia Rodriguez,Unknown,Residential,Individual,Unknown,Canterbury,Enterprise,17,332.16,Lisa Hartley,2020-06-10
ACC-07429,David Anderson,Unknown,Residential,Individual,Unknown,Otago,Basic,10,50.36,Unassigned,2018-02-12
ACC-07430,Joseph Rodriguez,Pacific Engineering,Business,Individual,Education,Hawke's Bay,Basic,44,97.63,Unassigned,2019-01-08
ACC-07431,David Martinez,Metro Electrical,Business,Individual,Hospitality,Wellington,Basic,19,70.21,Unassigned,2018-07-10
ACC-07436,Joseph Brown,Frontier Partners,Business,Corporate,Healthcare,Canterbury,Free,1,807.34,Lisa Hartley,2019-10-09
ACC-07440,James Garcia,Kiwi Construction,Business,Corporate,Retail,Canterbury,Free,36,0.0,Unassigned,2019-11-19
ACC-07441,Karen Taylor,Unknown,Residential,Corporate,Unknown,Northland,Basic,42,322.5,Rob Thompson,2021-12-24
ACC-07444,James Moore,Metro Transport,Business,Corporate,Professional Services,Canterbury,Basic,15,97.97,Unassigned,2021-05-10
ACC-07446,John Garcia,Unknown,Residential,Individual,Unknown,Wellington,Premium,3,34.93,Unassigned,2020-04-05
ACC-07447,Elizabeth Anderson,Unknown,Residential,Corporate,Unknown,Nelson-Marlborough,Premium,36,109.49,Mike Patterson,2021-03-27
ACC-07448,James Anderson,Highland Plumbing,Business,Small Business,Professional Services,Hawke's Bay,Free,2,0.0,Unassigned,2018-07-12
ACC-07449,Barbara Smith,Coastal Construction,Business,Corporate,Healthcare,Wellington,Free,12,0.0,Unassigned,2020-12-15
ACC-07451,Charles Moore,Central Electrical,Business,Corporate,Healthcare,Wellington,Basic,14,100.48,Unassigned,2022-06-28
ACC-07452,Joseph Davis,Unknown,Residential,Individual,Unknown,Otago,Basic,6,58.47,Unassigned,2021-11-30
ACC-07454,John Taylor,Unknown,Residential,Individual,Unknown,Waikato,Basic,5,39.82,Unassigned,2018-09-11
ACC-07455,Elizabeth Rodriguez,Gateway Transport,Business,Corporate,Trades,Wellington,Premium,26,0.0,Unassigned,2018-12-18
ACC-07456,Richard Rodriguez,Unknown,Residential,Corporate,Unknown,Wellington,Basic,55,49.28,Unassigned,2022-06-17
ACC-07457,Elizabeth Johnson,Kiwi Electrical,Business,Corporate,Hospitality,Canterbury,Premium,34,203.74,Rob Thompson,2021-08-24
ACC-07458,Linda Hernandez,Unknown,Residential,Corporate,Unknown,Canterbury,Enterprise,37,134.88,Unassigned,2019-01-20
ACC-07459,Karen Johnson,Coastal Transport,Business,Corporate,Construction,Waikato,Enterprise,59,670.62,Sarah Chen,2018-08-05
ACC-07460,Thomas Thomas,Island Systems,Business,Corporate,Healthcare,Auckland,Premium,53,247.19,Rob Thompson,2018-07-10
ACC-07463,Jessica Brown,Alpha Logistics,Business,Individual,Professional Services,Wellington,Premium,2,685.61,Rob Thompson,2021-05-23
ACC-07465,Elizabeth Rodriguez,Unknown,Residential,Individual,Unknown,Canterbury,Basic,51,42.39,Unassigned,2021-09-09
ACC-07467,Charles Gonzalez,Southern Transport,Business,Small Business,Hospitality,Auckland,Premium,3,80.18,Unassigned,2023-08-05
ACC-07468,Charles Martinez,Unknown,Residential,Individual,Unknown,Nelson-Marlborough,Enterprise,34,319.91,Sarah Chen,2019-08-13
ACC-07469,Charles Moore,Frontier Tech,Business,Corporate,Hospitality,Waikato,Premium,4,282.07,Sarah Chen,2021-08-16
ACC-07471,David Anderson,Unknown,Residential,Corporate,Unknown,Otago,Free,29,54.03,Unassigned,2020-04-06
ACC-07473,Barbara Lopez,Unknown,Residential,Individual,Unknown,Waikato,Enterprise,2,151.56,Rob Thompson,2019-10-26
ACC-07474,Charles Taylor,Unknown,Residential,Corporate,Unknown,Waikato,Basic,4,0.0,Unassigned,2018-10-17
ACC-07475,John Martinez,Unknown,Residential,Individual,Unknown,Waikato,Basic,38,47.2,Unassigned,2018-10-18
ACC-07476,David Taylor,Unknown,Residential,Corporate,Unknown,Auckland,Enterprise,26,22.77,Unassigned,2023-08-01
ACC-07477,Barbara Gonzalez,Northern Electrical,Business,Individual,Construction,Wellington,Premium,13,288.8,Sarah Chen,2019-11-11
ACC-07478,Jessica Jones,Southern Construction,Business,Corporate,Hospitality,Otago,Premium,3,204.33,Lisa Hartley,2019-12-27
ACC-07479,Mary Thomas,Unknown,Residential,Small Business,Unknown,Otago,Enterprise,1,291.71,Mike Patterson,2021-03-30
ACC-07480,Charles Martinez,Sterling Ltd,Business,Small Business,Manufacturing,Otago,Premium,33,200.8,Rob Thompson,2021-08-11
ACC-07484,John Smith,Unknown,Residential,Individual,Unknown,Auckland,Basic,55,36.13,Unassigned,2018-12-08
ACC-07486,Robert Thomas,Metro Plumbing,Business,Small Business,Healthcare,Otago,Free,44,0.0,Unassigned,2021-12-23
ACC-07488,Barbara Brown,Unknown,Residential,Corporate,Unknown,Auckland,Enterprise,9,101.09,Mike Patterson,2023-01-16
ACC-07489,Susan Moore,Unknown,Residential,Individual,Unknown,Canterbury,Basic,17,41.7,Unassigned,2019-09-09
ACC-07490,Robert Martin,Unknown,Residential,Individual,Unknown,Nelson-Marlborough,Enterprise,7,404.01,Rob Thompson,2022-03-12
ACC-07491,Charles Johnson,Southern Group,Business,Corporate,Technology,Wellington,Free,21,0.0,Unassigned,2022-01-15
ACC-07492,David Williams,Central Engineering,Business,Small Business,Trades,Canterbury,Basic,39,664.13,Rob Thompson,2022-12-25
ACC-07493,Jennifer Wilson,Unknown,Residential,Small Business,Unknown,Canterbury,Basic,11,0.0,Unassigned,2022-02-17
ACC-07494,John Miller,Pacific Systems,Business,Corporate,Manufacturing,Waikato,Basic,10,52.15,Unassigned,2018-12-29
ACC-07495,James Lopez,Unknown,Residential,Individual,Unknown,Taranaki,Premium,11,39.49,Unassigned,2023-03-26
ACC-07496,Elizabeth Hernandez,Unknown,Residential,Small Business,Unknown,Canterbury,Free,2,0.0,Unassigned,2021-06-19
ACC-07498,Jennifer Martin,Gateway Ltd,Business,Corporate,Professional Services,Northland,Enterprise,10,0.0,Unassigned,2020-11-27
ACC-07500,Michael Garcia,Highland Engineering,Business,Small Business,Healthcare,Waikato,Basic,40,77.25,Unassigned,2021-10-16
ACC-07501,David Martinez,Valley Systems,Business,Corporate,Trades,Canterbury,Enterprise,43,213.15,Sarah Chen,2023-09-11
ACC-07502,Linda Anderson,Kiwi Enterprises,Business,Corporate,Professional Services,Otago,Basic,11,56.49,Unassigned,2021-02-07
ACC-07504,John Hernandez,Unknown,Residential,Individual,Unknown,Auckland,Basic,60,43.56,Unassigned,2021-03-02
ACC-07505,Patricia Lopez,Unknown,Residential,Individual,Unknown,Auckland,Enterprise,3,341.31,Rob Thompson,2021-03-19
ACC-07506,Charles Smith,Unknown,Residential,Corporate,Unknown,Taranaki,Basic,6,50.8,Unassigned,2023-06-23
ACC-07509,Patricia Anderson,Coastal Consulting,Business,Corporate,Construction,Wellington,Basic,37,900.89,Sarah Chen,2019-02-07
ACC-07510,David Davis,Unknown,Residential,Individual,Unknown,Auckland,Free,2,354.43,Lisa Hartley,2023-08-21
ACC-07511,Charles Martinez,Kiwi Transport,Business,Individual,Education,Auckland,Free,3,0.0,Unassigned,2020-11-08
ACC-07512,Susan Martinez,Central Ltd,Business,Individual,Retail,Auckland,Enterprise,20,184.92,Sarah Chen,2018-11-21
ACC-07514,Jessica Jones,Unknown,Residential,Individual,Unknown,Otago,Free,2,0.0,Unassigned,2021-05-09
ACC-07515,Robert Davis,Unknown,Residential,Corporate,Unknown,Canterbury,Premium,1,148.26,Unassigned,2023-04-06
ACC-07516,Barbara Jones,Sterling Services,Business,Corporate,Agriculture,Canterbury,Free,1,0.0,Unassigned,2018-07-08
ACC-07517,Joseph Gonzalez,Unknown,Residential,Small Business,Unknown,Hawke's Bay,Premium,34,145.27,Unassigned,2021-05-15
ACC-07519,James Miller,Island Logistics,Business,Corporate,Construction,Wellington,Basic,12,554.77,Mike Patterson,2022-11-07
ACC-07522,Jessica Martinez,Alpha Dental,Business,Corporate,Healthcare,Wellington,Basic,28,0.0,Unassigned,2019-06-17
ACC-07524,John Miller,Unknown,Residential,Individual,Unknown,Otago,Basic,41,435.75,Sarah Chen,2021-07-26
ACC-07525,Mary Thomas,Pacific Transport,Business,Corporate,Trades,Canterbury,Premium,26,243.79,Rob Thompson,2021-08-15
ACC-07526,Charles Anderson,Harbour Systems,Business,Corporate,Professional Services,Southland,Basic,34,90.42,Unassigned,2022-09-06
ACC-07527,Susan Hernandez,Unknown,Residential,Individual,Unknown,Waikato,Premium,29,161.69,Unassigned,2020-07-07
ACC-07528,Barbara Rodriguez,Unknown,Residential,Corporate,Unknown,Canterbury,Free,20,0.0,Unassigned,2021-01-02
ACC-07529,Elizabeth Smith,Metro Electrical,Business,Corporate,Education,Manawatu-Whanganui,Basic,1,105.29,Sarah Chen,2022-01-05
ACC-07534,Barbara Gonzalez,Unknown,Residential,Individual,Unknown,Canterbury,Premium,50,164.24,Lisa Hartley,2021-02-11
ACC-07535,Michael Garcia,Sterling Tech,Business,Corporate,Hospitality,Otago,Premium,12,285.09,Mike Patterson,2018-11-29
ACC-07537,Elizabeth Lopez,Unknown,Residential,Corporate,Unknown,Canterbury,Enterprise,46,398.12,Mike Patterson,2018-01-11
ACC-07538,Barbara Smith,Unknown,Residential,Corporate,Unknown,Canterbury,Basic,2,329.42,Mike Patterson,2020-07-07
ACC-07539,Michael Wilson,Unknown,Residential,Individual,Unknown,Canterbury,Enterprise,30,377.63,Sarah Chen,2020-06-08
ACC-07540,Patricia Brown,Northern Systems,Business,Corporate,Retail,Auckland,Free,10,0.0,Unassigned,2018-10-07
ACC-07543,Charles Gonzalez,Unknown,Residential,Small Business,Unknown,Otago,Free,13,0.0,Unassigned,2021-10-05
ACC-07544,Karen Smith,Coastal Consulting,Business,Corporate,Construction,Wellington,Free,8,0.0,Unassigned,2022-10-30
ACC-07545,Charles Smith,Kiwi Consulting,Business,Corporate,Healthcare,Canterbury,Basic,28,86.23,Unassigned,2018-04-15
ACC-07547,Charles Gonzalez,Unknown,Residential,Corporate,Unknown,Northland,Basic,6,329.52,Sarah Chen,2018-09-09
ACC-07548,William Lopez,Pacific Holdings,Business,Corporate,Construction,Wellington,Enterprise,51,694.5,Lisa Hartley,2022-10-25
ACC-07549,Jessica Moore,Unknown,Residential,Corporate,Unknown,Auckland,Basic,60,0.0,Unassigned,2020-05-12
ACC-07551,David Jackson,Peak Dental,Business,Individual,Professional Services,Wellington,Basic,41,481.19,Sarah Chen,2023-06-17
ACC-07552,Susan Taylor,Metro Tech,Business,Small Business,Agriculture,Bay of Plenty,Free,3,0.0,Unassigned,2023-10-31
ACC-07555,James Davis,Highland Industries,Business,Small Business,Construction,Hawke's Bay,Enterprise,14,816.83,Rob Thompson,2018-01-08
ACC-07556,Barbara Johnson,Alpha Construction,Business,Corporate,Education,Canterbury,Basic,15,309.52,Sarah Chen,2020-10-05
ACC-07557,Karen Johnson,Pacific Ltd,Business,Small Business,Transport & Logistics,Canterbury,Enterprise,38,828.91,Lisa Hartley,2018-11-21
ACC-07558,Mary Taylor,Sterling Partners,Business,Small Business,Trades,Canterbury,Basic,38,59.21,Unassigned,2018-12-03
ACC-07559,Mary Martin,Unknown,Residential,Corporate,Unknown,Otago,Basic,3,121.77,Lisa Hartley,2019-01-17
ACC-07560,Barbara Davis,Ridge Legal,Business,Individual,Professional Services,Wellington,Free,20,0.0,Unassigned,2023-05-20
ACC-07561,Patricia Brown,Central Solutions,Business,Corporate,Retail,Auckland,Basic,22,51.44,Unassigned,2019-04-09
ACC-07562,William Wilson,Southern Dental,Business,Small Business,Education,Auckland,Basic,24,87.31,Unassigned,2022-08-06
ACC-07563,David Hernandez,Highland Construction,Business,Small Business,Trades,Auckland,Basic,28,76.0,Unassigned,2023-11-16
ACC-07564,Barbara Martinez,Summit Services,Business,Corporate,Trades,Hawke's Bay,Premium,10,75.63,Unassigned,2018-04-12
ACC-07565,Mary Jones,Pioneer Partners,Business,Corporate,Retail,Bay of Plenty,Enterprise,5,525.67,Sarah Chen,2020-02-03
ACC-07566,Charles Garcia,Unknown,Residential,Individual,Unknown,Southland,Free,14,379.2,Sarah Chen,2019-04-02
ACC-07567,David Davis,Unknown,Residential,Corporate,Unknown,Canterbury,Basic,38,0.0,Unassigned,2020-05-23
ACC-07569,Barbara Jackson,Island Legal,Business,Corporate,Trades,Northland,Enterprise,18,739.99,Lisa Hartley,2018-07-29
ACC-07571,Jessica Jackson,Valley Logistics,Business,Small Business,Construction,Canterbury,Premium,59,169.51,Unassigned,2019-06-10
ACC-07572,James Thomas,Unknown,Residential,Individual,Unknown,Waikato,Free,43,0.0,Unassigned,2021-12-01
ACC-07573,Barbara Gonzalez,Valley Systems,Business,Corporate,Retail,Hawke's Bay,Free,18,0.0,Unassigned,2019-04-03
ACC-07574,Jessica Martinez,Northern Transport,Business,Small Business,Trades,Canterbury,Enterprise,28,730.57,Mike Patterson,2022-09-12
ACC-07578,Linda Hernandez,Alpha Systems,Business,Small Business,Retail,Canterbury,Enterprise,54,770.31,Rob Thompson,2021-07-16
ACC-07579,Robert Williams,Unknown,Residential,Small Business,Unknown,Hawke's Bay,Free,20,104.42,Rob Thompson,2020-07-10
ACC-07581,Robert Wilson,Northern Construction,Business,Small Business,Construction,Waikato,Enterprise,24,418.56,Sarah Chen,2019-01-05
ACC-07584,Sarah Garcia,Unknown,Residential,Individual,Unknown,Canterbury,Basic,37,0.0,Unassigned,2022-10-15
ACC-07588,Charles Jackson,Unknown,Residential,Individual,Unknown,Auckland,Basic,16,139.01,Sarah Chen,2022-07-24
ACC-07589,Thomas Brown,Island Consulting,Business,Individual,Transport & Logistics,Canterbury,Premium,7,171.59,Unassigned,2023-02-09
ACC-07591,David Davis,Apex Transport,Business,Corporate,Trades,Auckland,Premium,2,704.74,Rob Thompson,2023-11-18
ACC-07592,John Lopez,Unknown,Residential,Individual,Unknown,Otago,Enterprise,19,310.74,Rob Thompson,2020-01-27
ACC-07593,Barbara Jones,Central Legal,Business,Corporate,Education,Bay of Plenty,Enterprise,2,232.52,Rob Thompson,2023-05-11
ACC-07594,Joseph Jones,Highland Holdings,Business,Small Business,Property Management,Hawke's Bay,Free,13,212.4,Mike Patterson,2019-09-12
ACC-07596,Patricia Rodriguez,Unknown,Residential,Corporate,Unknown,Bay of Plenty,Enterprise,55,56.32,Unassigned,2023-11-10
ACC-07597,John Anderson,Metro Ltd,Business,Corporate,Construction,Wellington,Free,16,0.0,Unassigned,2019-12-29
ACC-07598,Thomas Martin,Unknown,Residential,Individual,Unknown,Wellington,Enterprise,43,385.92,Mike Patterson,2018-04-18
ACC-07599,Jennifer Moore,Pacific Systems,Business,Individual,Construction,Wellington,Premium,8,0.0,Unassigned,2019-07-22
ACC-07601,Richard Martinez,Coastal Services,Business,Small Business,Healthcare,Otago,Premium,1,192.82,Rob Thompson,2020-01-08
ACC-07603,Michael Garcia,Alpha Ltd,Business,Small Business,Agriculture,Canterbury,Free,20,0.0,Unassigned,2018-08-04
ACC-07604,David Taylor,Southern Partners,Business,Corporate,Education,Auckland,Basic,53,105.15,Unassigned,2021-05-05
ACC-07606,Jessica Johnson,Unknown,Residential,Small Business,Unknown,Bay of Plenty,Enterprise,10,272.11,Mike Patterson,2020-05-30
ACC-07607,Charles Martinez,Frontier Ltd,Business,Small Business,Transport & Logistics,Auckland,Enterprise,33,757.31,Lisa Hartley,2020-02-20
ACC-07609,Michael Moore,Unknown,Residential,Individual,Unknown,Wellington,Free,1,0.0,Unassigned,2022-01-05
ACC-07610,Jennifer Johnson,Apex Industries,Business,Corporate,Professional Services,Manawatu-Whanganui,Free,45,0.0,Unassigned,2023-12-10
ACC-07612,David Hernandez,Unknown,Residential,Corporate,Unknown,Waikato,Basic,12,318.71,Mike Patterson,2021-10-03
ACC-07613,Joseph Wilson,Alpha Electrical,Business,Corporate,Construction,Waikato,Basic,48,83.17,Unassigned,2021-07-09
ACC-07614,Linda Gonzalez,Metro Holdings,Business,Small Business,Healthcare,Taranaki,Basic,20,81.71,Unassigned,2020-09-23
ACC-07617,James Thomas,Unknown,Residential,Individual,Unknown,Auckland,Premium,15,135.34,Unassigned,2022-07-16
ACC-07619,Jennifer Jackson,Coastal Solutions,Business,Small Business,Agriculture,Canterbury,Premium,8,64.43,Unassigned,2020-10-26
ACC-07621,Charles Miller,Kiwi Enterprises,Business,Corporate,Trades,Auckland,Free,7,0.0,Unassigned,2018-10-30
ACC-07624,Karen Garcia,Unknown,Residential,Individual,Unknown,Canterbury,Enterprise,28,270.58,Sarah Chen,2018-07-23
ACC-07625,James Jackson,Unknown,Residential,Small Business,Unknown,Canterbury,Enterprise,6,317.92,Rob Thompson,2022-10-24
ACC-07626,Robert Hernandez,Unknown,Residential,Individual,Unknown,Auckland,Free,17,0.0,Unassigned,2020-06-23
ACC-07627,Karen Davis,Unknown,Residential,Individual,Unknown,Waikato,Premium,13,101.01,Unassigned,2021-10-02
ACC-07629,Barbara Taylor,Northern Partners,Business,Corporate,Trades,Otago,Free,18,230.93,Rob Thompson,2022-04-20
ACC-07630,Charles Jones,Valley Transport,Business,Individual,Retail,Bay of Plenty,Basic,56,0.0,Unassigned,2023-08-03
ACC-07631,Michael Jackson,Alpha Enterprises,Business,Small Business,Agriculture,Auckland,Free,34,0.0,Unassigned,2019-09-21
ACC-07634,Barbara Hernandez,Northern Legal,Business,Individual,Hospitality,Hawke's Bay,Premium,38,178.87,Unassigned,2020-08-12
ACC-07635,Robert Martinez,Frontier Engineering,Business,Corporate,Trades,Waikato,Basic,26,80.23,Unassigned,2023-08-07
ACC-07638,David Thomas,Peak Industries,Business,Corporate,Construction,Auckland,Free,28,0.0,Unassigned,2019-09-17
ACC-07639,John Brown,Unknown,Residential,Individual,Unknown,Auckland,Free,15,0.0,Unassigned,2020-02-24
ACC-07641,John Garcia,Alpha Systems,Business,Corporate,Construction,Hawke's Bay,Enterprise,35,892.68,Lisa Hartley,2021-04-02
ACC-07643,Joseph Garcia,Southern Solutions,Business,Corporate,Retail,Auckland,Basic,53,91.67,Unassigned,2020-05-23
ACC-07644,Elizabeth Taylor,Summit Solutions,Business,Small Business,Construction,Auckland,Basic,3,581.05,Mike Patterson,2022-04-30
ACC-07646,Linda Jackson,Unknown,Residential,Individual,Unknown,Manawatu-Whanganui,Enterprise,32,99.14,Unassigned,2019-04-16
ACC-07647,John Johnson,Coastal Enterprises,Business,Corporate,Trades,Auckland,Free,43,0.0,Unassigned,2023-10-12
ACC-07650,Barbara Jones,Frontier Holdings,Business,Corporate,Education,Auckland,Basic,30,0.0,Unassigned,2020-01-02
ACC-07654,Charles Miller,Central Construction,Business,Corporate,Education,Taranaki,Enterprise,1,410.2,Lisa Hartley,2021-12-11
ACC-07655,Elizabeth Brown,Frontier Enterprises,Business,Corporate,Healthcare,Canterbury,Enterprise,1,22.03,Unassigned,2023-02-18
ACC-07656,John Jackson,Alpha Ltd,Residential,Individual,Unknown,Canterbury,Enterprise,9,265.68,Sarah Chen,2019-08-07
ACC-07657,Charles Johnson,Coastal Holdings,Business,Small Business,Transport & Logistics,Wellington,Basic,17,123.58,Unassigned,2020-10-03
ACC-07658,David Anderson,Harbour Solutions,Business,Small Business,Construction,Canterbury,Basic,21,87.17,Unassigned,2020-03-03
ACC-07659,Jessica Martin,Island Tech,Business,Corporate,Trades,Canterbury,Basic,41,86.76,Unassigned,2020-05-28
ACC-07660,Linda Brown,Unknown,Residential,Individual,Unknown,Canterbury,Free,19,142.31,Unassigned,2018-04-27
ACC-07663,Barbara Taylor,Kiwi Dental,Business,Corporate,Construction,Canterbury,Basic,9,0.0,Unassigned,2019-05-01
ACC-07664,Barbara Rodriguez,Unknown,Residential,Corporate,Unknown,Otago,Basic,35,46.43,Unassigned,2021-02-14
ACC-07665,Jennifer Williams,Peak Medical,Business,Small Business,Education,Auckland,Premium,31,183.08,Unassigned,2023-06-03
ACC-07667,Barbara Rodriguez,Pacific Consulting,Business,Individual,Trades,Canterbury,Basic,38,717.06,Sarah Chen,2023-02-01
ACC-07668,David Moore,Apex Logistics,Business,Corporate,Trades,Waikato,Premium,14,254.62,Lisa Hartley,2022-01-19
ACC-07669,Mary Hernandez,Unknown,Residential,Individual,Unknown,Canterbury,Basic,25,139.98,Unassigned,2018-10-19
ACC-07670,Charles Williams,Unknown,Residential,Small Business,Unknown,Canterbury,Basic,9,40.46,Unassigned,2021-01-11
ACC-07671,Linda Rodriguez,Kiwi Construction,Business,Small Business,Manufacturing,Canterbury,Basic,17,136.09,Unassigned,2019-09-20
ACC-07672,David Taylor,Unknown,Residential,Individual,Unknown,Hawke's Bay,Enterprise,40,413.94,Rob Thompson,2021-05-26
ACC-07673,Jennifer Jones,Unknown,Residential,Corporate,Unknown,Wellington,Free,4,121.43,Mike Patterson,2018-01-14
ACC-07675,Susan Jackson,Island Services,Business,Corporate,Retail,Southland,Basic,41,60.16,Unassigned,2022-07-26
ACC-07676,David Hernandez,Unknown,Residential,Small Business,Unknown,Auckland,Premium,8,270.53,Mike Patterson,2018-12-01
ACC-07678,Elizabeth Martin,Unknown,Residential,Small Business,Unknown,Canterbury,Premium,3,145.57,Unassigned,2021-12-26
ACC-07681,Sarah Taylor,Central Industries,Business,Corporate,Technology,Manawatu-Whanganui,Free,8,0.0,Unassigned,2022-02-23
ACC-07682,Charles Smith,Summit Systems,Business,Small Business,Professional Services,Waikato,Basic,20,110.31,Unassigned,2018-12-23
ACC-07686,David Johnson,Ridge Construction,Business,Corporate,Professional Services,Southland,Free,40,251.07,Mike Patterson,2018-12-27
ACC-07687,Richard Williams,Northern Dental,Business,Small Business,Manufacturing,Waikato,Free,23,0.0,Unassigned,2023-07-17
ACC-07688,Mary Jones,Highland Consulting,Business,Individual,Manufacturing,Canterbury,Free,7,211.35,Mike Patterson,2019-06-04
ACC-07690,Patricia Johnson,Central Solutions,Business,Individual,Trades,Hawke's Bay,Basic,16,94.68,Unassigned,2019-07-26
ACC-07692,Barbara Davis,Island Ltd,Business,Small Business,Retail,Canterbury,Free,28,0.0,Unassigned,2022-02-24
ACC-07694,Patricia Hernandez,Pioneer Construction,Business,Small Business,Retail,Southland,Free,30,0.0,Unassigned,2023-05-30
ACC-07695,Charles Martinez,Unknown,Residential,Corporate,Unknown,Wellington,Premium,13,45.68,Unassigned,2022-04-13
ACC-07696,Michael Gonzalez,Peak Enterprises,Business,Corporate,Education,Canterbury,Premium,53,267.37,Rob Thompson,2019-05-12
ACC-07697,William Davis,Summit Construction,Residential,Individual,Unknown,Taranaki,Basic,36,54.52,Unassigned,2023-01-13
ACC-07698,Charles Lopez,Unknown,Residential,Individual,Unknown,Auckland,Basic,11,105.31,Unassigned,2019-03-23
ACC-07699,Barbara Brown,Ridge Enterprises,Business,Corporate,Professional Services,Wellington,Premium,56,214.52,Rob Thompson,2018-12-28
ACC-07700,Karen Lopez,Frontier Solutions,Business,Corporate,Retail,Canterbury,Free,55,0.0,Unassigned,2020-09-10
ACC-07701,Charles Taylor,Pacific Holdings,Business,Small Business,Professional Services,Taranaki,Basic,4,85.29,Unassigned,2023-01-24
ACC-07702,Michael Wilson,Unknown,Residential,Corporate,Unknown,Southland,Enterprise,22,0.0,Unassigned,2019-08-25
ACC-07703,David Smith,Unknown,Residential,Corporate,Unknown,Otago,Free,13,127.04,Sarah Chen,2019-04-18
ACC-07707,Charles Brown,Apex Services,Business,Corporate,Retail,Southland,Enterprise,38,770.86,Sarah Chen,2021-09-11
ACC-07708,Michael Hernandez,Unknown,Residential,Individual,Unknown,Canterbury,Free,48,0.0,Unassigned,2019-05-21
ACC-07709,Joseph Moore,Unknown,Residential,Individual,Unknown,Southland,Enterprise,31,432.74,Mike Patterson,2019-12-10
ACC-07710,Jessica Taylor,Frontier Electrical,Business,Small Business,Professional Services,Waikato,Basic,23,0.0,Unassigned,2022-09-10
ACC-07713,Robert Gonzalez,Valley Engineering,Business,Small Business,Trades,Canterbury,Premium,44,207.27,Lisa Hartley,2023-09-17
ACC-07714,Barbara Smith,Harbour Transport,Business,Small Business,Trades,Auckland,Enterprise,17,789.13,Lisa Hartley,2021-03-04
ACC-07716,Patricia Martin,Summit Services,Business,Corporate,Transport & Logistics,Canterbury,Premium,17,217.27,Lisa Hartley,2020-01-15
ACC-07717,Karen Garcia,Harbour Partners,Business,Corporate,Construction,Northland,Enterprise,34,764.35,Lisa Hartley,2018-11-23
ACC-07718,Barbara Johnson,Unknown,Residential,Individual,Unknown,Waikato,Premium,11,114.71,Sarah Chen,2022-11-23
ACC-07720,Charles Martin,Unknown,Residential,Individual,Unknown,Wellington,Basic,5,90.87,Unassigned,2022-01-31
ACC-07721,Jessica Thomas,Island Construction,Business,Individual,Healthcare,Hawke's Bay,Enterprise,41,799.3,Rob Thompson,2022-04-09
ACC-07722,Robert Taylor,Unknown,Residential,Corporate,Unknown,Canterbury,Enterprise,6,307.15,Sarah Chen,2018-01-01
ACC-07723,David Gonzalez,Unknown,Residential,Individual,Unknown,Waikato,Premium,4,140.97,Unassigned,2020-02-13
ACC-07724,Jessica Jones,Apex Logistics,Business,Small Business,Agriculture,Canterbury,Enterprise,8,0.0,Unassigned,2018-11-08
ACC-07725,Elizabeth Hernandez,Unknown,Residential,Small Business,Unknown,Canterbury,Basic,4,45.73,Unassigned,2020-09-30
ACC-07726,William Moore,Highland Transport,Business,Small Business,Construction,Wellington,Enterprise,56,768.57,Mike Patterson,2020-06-22
ACC-07727,Mary Jackson,Peak Logistics,Business,Small Business,Professional Services,Auckland,Free,4,0.0,Unassigned,2019-12-03
ACC-07728,Sarah Williams,Harbour Transport,Business,Corporate,Manufacturing,Canterbury,Basic,44,107.95,Unassigned,2019-08-08
ACC-07729,Barbara Lopez,Central Logistics,Business,Small Business,Professional Services,Canterbury,Free,5,244.82,Lisa Hartley,2019-12-03
ACC-07730,Richard Smith,Ridge Services,Business,Corporate,Retail,Canterbury,Premium,21,218.93,Rob Thompson,2023-02-27
ACC-07734,James Martinez,Unknown,Residential,Individual,Unknown,Waikato,Basic,15,48.71,Unassigned,2021-03-07
ACC-07736,Barbara Williams,Unknown,Residential,Corporate,Unknown,Wellington,Premium,17,133.6,Unassigned,2020-09-29
ACC-07737,Susan Smith,Summit Logistics,Business,Individual,Education,Southland,Free,13,0.0,Unassigned,2018-09-24
ACC-07739,Elizabeth Taylor,Harbour Dental,Business,Corporate,Retail,Nelson-Marlborough,Free,3,0.0,Unassigned,2018-01-20
ACC-07740,Richard Garcia,Alpha Services,Business,Small Business,Professional Services,Taranaki,Basic,3,249.16,Sarah Chen,2019-10-21
ACC-07743,Elizabeth Brown,Frontier Plumbing,Business,Small Business,Trades,Wellington,Enterprise,43,823.77,Lisa Hartley,2021-11-10
ACC-07744,Linda Anderson,Unknown,Residential,Corporate,Unknown,Hawke's Bay,Enterprise,36,128.81,Unassigned,2020-07-24
ACC-07746,Linda Wilson,Unknown,Residential,Individual,Unknown,Bay of Plenty,Free,47,0.0,Unassigned,2020-10-23
ACC-07747,Jennifer Davis,Unknown,Residential,Individual,Unknown,Auckland,Basic,11,0.0,Unassigned,2018-12-10
ACC-07750,Robert Taylor,Unknown,Residential,Corporate,Unknown,Bay of Plenty,Basic,54,49.84,Unassigned,2023-08-07
ACC-07752,David Thomas,Unknown,Residential,Small Business,Unknown,Auckland,Basic,52,141.75,Unassigned,2018-10-30
ACC-07753,Patricia Gonzalez,Ridge Services,Business,Small Business,Agriculture,Auckland,Enterprise,27,512.92,Rob Thompson,2022-05-03
ACC-07754,David Davis,Summit Holdings,Business,Small Business,Education,Auckland,Free,46,0.0,Unassigned,2021-05-31
ACC-07755,Charles Lopez,Northern Services,Business,Small Business,Trades,Northland,Free,5,0.0,Unassigned,2019-05-25
ACC-07756,Jessica Martin,Pioneer Systems,Business,Corporate,Retail,Canterbury,Enterprise,47,691.2,Rob Thompson,2021-07-30
ACC-07757,Patricia Jones,Unknown,Residential,Corporate,Unknown,Canterbury,Basic,23,45.39,Unassigned,2018-11-21
ACC-07758,Charles Brown,Ridge Tech,Business,Corporate,Trades,Wellington,Free,3,273.9,Mike Patterson,2022-11-19
ACC-07759,Barbara Martin,Unknown,Residential,Small Business,Unknown,Waikato,Enterprise,35,0.0,Unassigned,2019-11-16
ACC-07761,Richard Gonzalez,Summit Holdings,Business,Small Business,Healthcare,Waikato,Enterprise,39,508.27,Sarah Chen,2018-01-04
ACC-07762,David Jackson,Sterling Tech,Business,Small Business,Construction,Canterbury,Enterprise,23,861.02,Lisa Hartley,2021-06-05
ACC-07764,Susan Smith,Apex Group,Business,Small Business,Manufacturing,Otago,Basic,31,81.41,Unassigned,2019-06-21
ACC-07765,Mary Martinez,Frontier Group,Business,Corporate,Education,Canterbury,Basic,34,470.67,Rob Thompson,2018-10-23
ACC-07766,David Jones,Unknown,Residential,Individual,Unknown,Otago,Enterprise,39,353.86,Lisa Hartley,2023-07-14
ACC-07768,John Gonzalez,Valley Engineering,Business,Small Business,Construction,Canterbury,Basic,55,75.3,Unassigned,2023-05-03
ACC-07770,Elizabeth Martin,Ridge Services,Business,Corporate,Trades,Otago,Basic,33,655.73,Mike Patterson,2022-01-31
ACC-07771,Richard Davis,Unknown,Residential,Corporate,Unknown,Wellington,Basic,12,45.87,Unassigned,2020-02-12
ACC-07772,Karen Thomas,Alpha Services,Business,Corporate,Agriculture,Canterbury,Free,15,0.0,Unassigned,2023-09-23
ACC-07773,Robert Martin,Metro Group,Business,Corporate,Trades,Waikato,Enterprise,23,777.9,Sarah Chen,2020-01-19
ACC-07775,Mary Hernandez,Central Group,Business,Small Business,Education,Taranaki,Basic,16,63.87,Unassigned,2020-03-29
ACC-07776,Barbara Jackson,Ridge Consulting,Business,Corporate,Professional Services,Nelson-Marlborough,Basic,6,202.47,Mike Patterson,2018-12-19
ACC-07778,Michael Jones,Unknown,Residential,Individual,Unknown,Canterbury,Premium,8,55.27,Unassigned,2022-07-06
ACC-07779,David Gonzalez,Unknown,Residential,Corporate,Unknown,Auckland,Free,33,17.24,Unassigned,2020-08-22
ACC-07780,Robert Davis,Unknown,Residential,Individual,Unknown,Waikato,Basic,33,45.45,Unassigned,2018-09-16
ACC-07781,Karen Martin,Unknown,Residential,Corporate,Unknown,Auckland,Basic,15,0.0,Unassigned,2018-06-07
ACC-07782,Linda Smith,Alpha Services,Business,Small Business,Professional Services,Canterbury,Premium,5,269.73,Sarah Chen,2022-05-28
ACC-07783,Patricia Davis,Unknown,Residential,Corporate,Unknown,Otago,Enterprise,28,118.78,Unassigned,2018-02-23
ACC-07785,Jennifer Hernandez,Sterling Solutions,Business,Individual,Professional Services,Otago,Free,21,217.17,Lisa Hartley,2020-01-16
ACC-07788,Barbara Johnson,Unknown,Residential,Corporate,Unknown,Waikato,Basic,4,0.0,Unassigned,2023-09-11
ACC-07792,Robert Rodriguez,Unknown,Residential,Individual,Unknown,Manawatu-Whanganui,Free,41,0.0,Unassigned,2019-03-04
ACC-07793,James Brown,Harbour Partners,Business,Small Business,Trades,Canterbury,Premium,4,227.8,Rob Thompson,2021-07-06
ACC-07794,Susan Taylor,Unknown,Residential,Individual,Unknown,Auckland,Free,52,0.0,Unassigned,2020-01-22
ACC-07796,Charles Martinez,Island Tech,Business,Corporate,Transport & Logistics,Waikato,Enterprise,28,0.0,Unassigned,2021-10-10
ACC-07797,Charles Lopez,Pacific Solutions,Business,Individual,Transport & Logistics,Auckland,Premium,28,722.23,Lisa Hartley,2020-08-19
ACC-07798,Elizabeth Moore,Harbour Legal,Business,Corporate,Trades,Auckland,Premium,26,0.0,Unassigned,2022-07-02
ACC-07799,David Davis,Alpha Enterprises,Business,Small Business,Professional Services,Nelson-Marlborough,Enterprise,17,614.49,Sarah Chen,2022-06-14
ACC-07802,Mary Williams,Kiwi Engineering,Business,Small Business,Professional Services,Manawatu-Whanganui,Enterprise,38,641.8,Rob Thompson,2023-05-28
ACC-07803,Richard Thomas,Apex Industries,Business,Corporate,Professional Services,Otago,Enterprise,7,106.36,Unassigned,2023-04-05
ACC-07805,Sarah Martin,Summit Ltd,Business,Small Business,Hospitality,Waikato,Free,26,0.0,Unassigned,2022-05-18
ACC-07807,Jennifer Rodriguez,Pacific Legal,Business,Corporate,Hospitality,Wellington,Enterprise,6,179.19,Unassigned,2020-06-07
ACC-07808,Barbara Johnson,Northern Dental,Business,Small Business,Construction,Taranaki,Free,16,0.0,Unassigned,2019-04-08
ACC-07809,Robert Rodriguez,Pacific Enterprises,Business,Corporate,Healthcare,Wellington,Enterprise,11,716.19,Rob Thompson,2019-10-12
ACC-07812,Robert Lopez,Peak Ltd,Business,Corporate,Construction,Canterbury,Enterprise,36,707.93,Lisa Hartley,2021-07-10
ACC-07815,Michael Johnson,Sterling Partners,Business,Small Business,Healthcare,Wellington,Basic,40,88.29,Unassigned,2018-04-10
ACC-07817,Susan Martinez,Northern Plumbing,Business,Corporate,Property Management,Nelson-Marlborough,Free,19,0.0,Unassigned,2022-10-23
ACC-07818,Linda Martinez,Valley Ltd,Business,Corporate,Professional Services,Auckland,Free,2,271.89,Lisa Hartley,2022-11-11
ACC-07819,Barbara Brown,Southern Solutions,Business,Corporate,Construction,Canterbury,Enterprise,12,859.45,Sarah Chen,2018-03-31
ACC-07820,Sarah Rodriguez,Pacific Electrical,Business,Corporate,Trades,Wellington,Free,4,0.0,Unassigned,2022-06-06
ACC-07821,Linda Thomas,Unknown,Residential,Individual,Unknown,Waikato,Premium,2,100.11,Mike Patterson,2022-08-03
ACC-07824,Joseph Jones,Metro Transport,Business,Corporate,Construction,Waikato,Enterprise,12,507.0,Rob Thompson,2020-01-15
ACC-07825,Patricia Smith,Southern Consulting,Business,Small Business,Professional Services,Northland,Free,44,0.0,Unassigned,2023-01-27
ACC-07826,Charles Garcia,Metro Medical,Business,Individual,Property Management,Canterbury,Basic,3,0.0,Unassigned,2023-10-04
ACC-07827,Richard Smith,Metro Engineering,Business,Small Business,Trades,Canterbury,Enterprise,25,0.0,Unassigned,2018-10-25
ACC-07832,Elizabeth Rodriguez,Pacific Services,Business,Small Business,Agriculture,Auckland,Basic,31,76.6,Unassigned,2021-10-28
ACC-07834,Barbara Taylor,Pioneer Industries,Business,Corporate,Education,Auckland,Basic,15,63.88,Unassigned,2023-07-05
ACC-07836,Jennifer Miller,Ridge Holdings,Business,Corporate,Agriculture,Auckland,Basic,8,69.03,Unassigned,2019-10-24
ACC-07837,Jennifer Thomas,Alpha Dental,Business,Corporate,Trades,Canterbury,Free,20,0.0,Unassigned,2023-10-06
ACC-07838,Karen Rodriguez,Unknown,Residential,Individual,Unknown,Manawatu-Whanganui,Basic,14,47.48,Unassigned,2022-05-12
ACC-07839,Elizabeth Brown,Unknown,Residential,Individual,Unknown,Auckland,Premium,4,125.45,Unassigned,2020-06-21
ACC-07840,Joseph Hernandez,Sterling Holdings,Business,Corporate,Trades,Wellington,Basic,5,84.45,Unassigned,2018-07-19
ACC-07841,Patricia Garcia,Unknown,Residential,Small Business,Unknown,Taranaki,Free,14,0.0,Unassigned,2021-04-02
ACC-07843,John Jones,Unknown,Residential,Small Business,Unknown,Bay of Plenty,Premium,10,122.4,Mike Patterson,2018-09-28
ACC-07845,Charles Thomas,Unknown,Residential,Individual,Unknown,Canterbury,Basic,47,44.14,Unassigned,2018-04-24
ACC-07846,Thomas Jones,Highland Construction,Business,Small Business,Hospitality,Auckland,Enterprise,2,0.0,Unassigned,2021-07-14
ACC-07847,Karen Miller,Unknown,Residential,Individual,Unknown,Canterbury,Free,5,0.0,Unassigned,2019-02-19
ACC-07850,Joseph Williams,Peak Legal,Business,Corporate,Construction,Canterbury,Enterprise,52,974.98,Sarah Chen,2018-06-30
ACC-07852,Joseph Hernandez,Island Engineering,Business,Small Business,Technology,Canterbury,Basic,15,87.2,Unassigned,2022-02-15
ACC-07853,Mary Thomas,Pacific Holdings,Business,Corporate,Retail,Auckland,Enterprise,17,704.91,Sarah Chen,2020-10-11
ACC-07854,Karen Gonzalez,Unknown,Residential,Individual,Unknown,Otago,Free,39,0.0,Unassigned,2018-12-04
ACC-07855,Susan Jackson,Unknown,Residential,Small Business,Unknown,Wellington,Premium,33,149.75,Unassigned,2021-08-07
ACC-07856,Thomas Smith,Southern Services,Business,Corporate,Agriculture,Waikato,Premium,6,243.85,Mike Patterson,2021-12-22
ACC-07857,Barbara Rodriguez,Coastal Holdings,Business,Corporate,Agriculture,Canterbury,Enterprise,9,814.3,Sarah Chen,2018-01-14
ACC-07858,Jennifer Garcia,Unknown,Residential,Individual,Unknown,Canterbury,Basic,9,0.0,Unassigned,2022-06-23
ACC-07860,Elizabeth Brown,Apex Electrical,Business,Corporate,Retail,Auckland,Enterprise,29,578.19,Rob Thompson,2022-04-18
ACC-07861,Richard Smith,Unknown,Residential,Individual,Unknown,Wellington,Free,18,0.0,Unassigned,2020-12-29
ACC-07864,Charles Johnson,Unknown,Residential,Individual,Unknown,Otago,Basic,27,39.93,Unassigned,2018-02-17
ACC-07866,Barbara Williams,Valley Group,Business,Small Business,Education,Wellington,Basic,5,127.01,Unassigned,2023-03-28
ACC-07867,Thomas Smith,Frontier Partners,Business,Small Business,Healthcare,Manawatu-Whanganui,Enterprise,4,621.03,Sarah Chen,2020-09-04
ACC-07868,Thomas Moore,Northern Electrical,Business,Small Business,Construction,Waikato,Basic,39,122.34,Unassigned,2021-03-27
ACC-07869,Jennifer Williams,Harbour Ltd,Business,Small Business,Professional Services,Canterbury,Enterprise,58,752.56,Mike Patterson,2019-03-10
ACC-07871,David Brown,Northern Systems,Business,Individual,Construction,Canterbury,Basic,14,186.2,Unassigned,2018-08-14
ACC-07873,Susan Jackson,Gateway Tech,Business,Corporate,Transport & Logistics,Waikato,Enterprise,4,0.0,Unassigned,2021-07-29
ACC-07874,Barbara Smith,Gateway Holdings,Business,Individual,Hospitality,Wellington,Premium,1,165.42,Unassigned,2019-06-22
ACC-07875,Susan Lopez,Valley Legal,Business,Small Business,Trades,Auckland,Enterprise,25,579.56,Rob Thompson,2022-07-07
ACC-07876,Linda Anderson,Ridge Enterprises,Business,Corporate,Professional Services,Canterbury,Enterprise,37,0.0,Unassigned,2021-01-19
ACC-07879,Susan Williams,Gateway Dental,Business,Individual,Hospitality,Southland,Basic,4,85.78,Unassigned,2018-12-09
ACC-07881,David Taylor,Unknown,Residential,Corporate,Unknown,Auckland,Enterprise,3,280.85,Sarah Chen,2020-06-05
ACC-07883,Joseph Smith,Southern Plumbing,Business,Corporate,Professional Services,Taranaki,Enterprise,6,0.0,Unassigned,2023-02-07
ACC-07884,Barbara Thomas,Valley Industries,Business,Small Business,Professional Services,Waikato,Enterprise,39,682.37,Sarah Chen,2021-04-22
ACC-07885,Sarah Garcia,Sterling Ltd,Business,Corporate,Healthcare,Bay of Plenty,Premium,2,190.76,Mike Patterson,2023-07-01
ACC-07886,David Williams,Frontier Engineering,Business,Corporate,Trades,Bay of Plenty,Free,37,520.92,Rob Thompson,2022-11-03
ACC-07888,Jessica Rodriguez,Pioneer Partners,Residential,Individual,Unknown,Auckland,Premium,53,114.2,Unassigned,2018-10-30
ACC-07890,Elizabeth Williams,Northern Legal,Business,Corporate,Trades,Southland,Enterprise,38,522.49,Rob Thompson,2019-07-12
ACC-07891,Richard Davis,Kiwi Engineering,Business,Small Business,Healthcare,Canterbury,Enterprise,35,768.84,Sarah Chen,2020-12-09
ACC-07892,Joseph Anderson,Unknown,Residential,Individual,Unknown,Otago,Basic,57,50.35,Unassigned,2022-04-01
ACC-07895,Michael Jackson,Alpha Legal,Business,Small Business,Hospitality,Wellington,Enterprise,43,543.77,Mike Patterson,2018-08-19
ACC-07896,Karen Smith,Highland Industries,Business,Corporate,Retail,Waikato,Free,11,0.0,Unassigned,2022-06-12
ACC-07897,Robert Miller,Unknown,Residential,Individual,Unknown,Canterbury,Basic,4,279.47,Sarah Chen,2021-11-13
ACC-07899,Elizabeth Taylor,Alpha Plumbing,Business,Corporate,Construction,Hawke's Bay,Basic,16,90.84,Unassigned,2018-05-23
ACC-07900,Elizabeth Rodriguez,Gateway Group,Business,Corporate,Construction,Waikato,Free,1,263.75,Sarah Chen,2022-05-12
ACC-07901,William Brown,Valley Solutions,Business,Corporate,Technology,Waikato,Free,42,0.0,Unassigned,2021-03-03
ACC-07903,Mary Johnson,Unknown,Residential,Individual,Unknown,Northland,Free,47,0.0,Unassigned,2022-01-02
ACC-07904,David Jones,Alpha Enterprises,Business,Corporate,Education,Canterbury,Premium,5,828.27,Mike Patterson,2018-05-27
ACC-07905,Thomas Rodriguez,Ridge Services,Business,Corporate,Manufacturing,Canterbury,Free,45,0.0,Unassigned,2022-10-28
ACC-07906,David Anderson,Peak Electrical,Business,Corporate,Retail,Canterbury,Premium,59,61.58,Unassigned,2023-02-26
ACC-07908,Joseph Johnson,Unknown,Residential,Corporate,Unknown,Waikato,Enterprise,15,346.37,Rob Thompson,2023-06-25
ACC-07909,Karen Jones,Unknown,Residential,Small Business,Unknown,Canterbury,Premium,45,128.43,Unassigned,2021-05-16
ACC-07910,Mary Jackson,Pioneer Systems,Business,Small Business,Construction,Canterbury,Enterprise,28,637.26,Lisa Hartley,2018-01-17
ACC-07911,Charles Moore,Unknown,Residential,Individual,Unknown,Canterbury,Premium,14,132.61,Unassigned,2018-06-28
ACC-07912,Thomas Johnson,Ridge Consulting,Business,Small Business,Retail,Auckland,Free,21,0.0,Unassigned,2022-01-03
ACC-07913,Thomas Davis,Coastal Group,Business,Corporate,Retail,Auckland,Free,54,0.0,Unassigned,2021-08-27
ACC-07915,Karen Gonzalez,Valley Industries,Business,Individual,Trades,Canterbury,Basic,17,212.47,Mike Patterson,2021-09-27
ACC-07917,Jessica Moore,Unknown,Residential,Individual,Unknown,Canterbury,Enterprise,5,381.71,Lisa Hartley,2023-03-24
ACC-07918,James Smith,Ridge Services,Business,Small Business,Hospitality,Hawke's Bay,Enterprise,23,563.98,Lisa Hartley,2018-09-17
ACC-07921,Charles Martin,Unknown,Residential,Individual,Unknown,Canterbury,Enterprise,11,393.12,Sarah Chen,2020-06-06
ACC-07922,David Martinez,Unknown,Residential,Small Business,Unknown,Canterbury,Free,6,12.84,Unassigned,2019-10-04
ACC-07923,James Moore,Unknown,Residential,Individual,Unknown,Canterbury,Enterprise,24,403.06,Sarah Chen,2021-03-01
ACC-07925,Karen Moore,Sterling Plumbing,Business,Individual,Healthcare,Otago,Free,1,410.1,Rob Thompson,2023-07-24
ACC-07926,Jennifer Gonzalez,Highland Construction,Business,Corporate,Professional Services,Auckland,Basic,18,113.63,Unassigned,2022-01-28
ACC-07927,Elizabeth Garcia,Unknown,Residential,Small Business,Unknown,Wellington,Enterprise,30,304.56,Mike Patterson,2018-05-04
ACC-07928,Jessica Moore,Unknown,Residential,Corporate,Unknown,Auckland,Free,5,326.21,Lisa Hartley,2018-03-20
ACC-07929,Karen Taylor,Alpha Dental,Business,Corporate,Hospitality,Bay of Plenty,Basic,21,93.3,Unassigned,2021-09-04
ACC-07930,William Martinez,Coastal Holdings,Business,Corporate,Healthcare,Canterbury,Basic,18,104.56,Unassigned,2019-05-07
ACC-07931,David Gonzalez,Harbour Ltd,Business,Small Business,Trades,Bay of Plenty,Basic,8,479.53,Rob Thompson,2022-02-14
ACC-07932,Richard Taylor,Unknown,Residential,Individual,Unknown,Canterbury,Premium,19,115.79,Unassigned,2021-11-28
ACC-07933,Linda Garcia,Metro Services,Business,Corporate,Construction,Manawatu-Whanganui,Basic,35,91.87,Unassigned,2021-08-27
ACC-07938,James Hernandez,Summit Medical,Business,Individual,Trades,Canterbury,Basic,13,65.09,Unassigned,2018-05-01
ACC-07939,Mary Jackson,Peak Plumbing,Business,Individual,Retail,Otago,Free,50,0.0,Unassigned,2023-05-04
ACC-07940,Charles Miller,Harbour Logistics,Business,Corporate,Manufacturing,Manawatu-Whanganui,Enterprise,41,747.06,Rob Thompson,2021-01-06
ACC-07942,Joseph Smith,Apex Partners,Business,Corporate,Education,Canterbury,Basic,1,93.29,Unassigned,2022-02-08
ACC-07943,Charles Anderson,Unknown,Residential,Small Business,Unknown,Otago,Basic,11,446.48,Rob Thompson,2021-02-15
ACC-07946,Patricia Brown,Pacific Logistics,Business,Corporate,Trades,Wellington,Premium,53,221.37,Mike Patterson,2019-08-23
ACC-07947,Elizabeth Taylor,Sterling Group,Business,Individual,Professional Services,Wellington,Basic,30,64.86,Unassigned,2020-05-01
ACC-07948,Linda Brown,Metro Medical,Business,Corporate,Construction,Canterbury,Free,39,0.0,Unassigned,2022-03-19
ACC-07949,Charles Martin,Southern Consulting,Business,Corporate,Construction,Auckland,Free,51,100.43,Unassigned,2021-07-24
ACC-07951,Sarah Smith,Northern Services,Business,Small Business,Manufacturing,Wellington,Basic,36,0.0,Unassigned,2019-06-19
ACC-07953,Patricia Rodriguez,Unknown,Residential,Individual,Unknown,Canterbury,Basic,49,37.79,Unassigned,2018-03-04
ACC-07955,Mary Thomas,Coastal Systems,Business,Corporate,Healthcare,Canterbury,Premium,18,115.4,Unassigned,2022-03-21
ACC-07956,Karen Martinez,Pioneer Dental,Business,Small Business,Trades,Wellington,Free,34,21.5,Unassigned,2023-09-06
ACC-07957,James Johnson,Unknown,Residential,Individual,Unknown,Waikato,Premium,50,109.0,Unassigned,2021-08-01
ACC-07958,Barbara Lopez,Harbour Enterprises,Business,Corporate,Retail,Canterbury,Basic,5,70.38,Unassigned,2022-03-29
ACC-07959,Richard Smith,Northern Group,Business,Corporate,Manufacturing,Wellington,Premium,35,251.31,Mike Patterson,2023-03-06
ACC-07961,Karen Jones,Metro Medical,Business,Small Business,Trades,Waikato,Free,16,751.05,Mike Patterson,2023-07-15
ACC-07963,Elizabeth Wilson,Pacific Medical,Business,Corporate,Trades,Canterbury,Basic,36,93.15,Unassigned,2023-08-05
ACC-07969,David Thomas,Unknown,Residential,Individual,Unknown,Auckland,Free,11,0.0,Unassigned,2018-12-10
ACC-07970,Barbara Anderson,Unknown,Residential,Individual,Unknown,Canterbury,Premium,11,140.84,Unassigned,2018-01-22
ACC-07971,Joseph Martinez,Unknown,Residential,Corporate,Unknown,Bay of Plenty,Basic,39,330.67,Rob Thompson,2019-03-31
ACC-07972,Jessica Rodriguez,Unknown,Residential,Individual,Unknown,Waikato,Basic,12,50.21,Unassigned,2023-02-26
ACC-07974,Jessica Anderson,Sterling Logistics,Business,Corporate,Professional Services,Auckland,Basic,5,65.98,Unassigned,2023-09-02
ACC-07975,Jessica Rodriguez,Unknown,Residential,Individual,Unknown,Wellington,Basic,14,51.28,Unassigned,2020-02-17
ACC-07977,Susan Martinez,Peak Electrical,Business,Corporate,Construction,Canterbury,Basic,9,255.55,Rob Thompson,2019-07-13
ACC-07979,Karen Thomas,Frontier Transport,Business,Small Business,Trades,Wellington,Premium,45,176.91,Unassigned,2018-02-26
ACC-07982,Michael Thomas,Ridge Consulting,Business,Corporate,Retail,Otago,Premium,36,194.76,Unassigned,2018-06-26
ACC-07983,Joseph Williams,Apex Engineering,Business,Small Business,Healthcare,Bay of Plenty,Enterprise,1,739.96,Lisa Hartley,2022-06-23
ACC-07985,Charles Martin,Central Industries,Residential,Individual,Unknown,Canterbury,Premium,46,144.5,Lisa Hartley,2021-12-07
ACC-07986,Mary Jones,Summit Dental,Business,Small Business,Education,Canterbury,Enterprise,16,495.7,Mike Patterson,2019-10-08
ACC-07987,David Wilson,Metro Partners,Business,Corporate,Education,Canterbury,Basic,2,93.62,Unassigned,2018-10-02
ACC-07989,Charles Williams,Harbour Construction,Business,Small Business,Professional Services,Wellington,Enterprise,2,418.58,Lisa Hartley,2019-10-17
ACC-07990,Joseph Jackson,Unknown,Residential,Individual,Unknown,Auckland,Basic,18,47.85,Unassigned,2022-07-08
ACC-07993,Joseph Johnson,Peak Logistics,Business,Corporate,Professional Services,Wellington,Enterprise,4,203.34,Mike Patterson,2022-11-14
ACC-07996,Linda Smith,Unknown,Residential,Individual,Unknown,Auckland,Basic,2,40.07,Unassigned,2020-09-20
ACC-07998,William Lopez,Valley Services,Business,Corporate,Education,Canterbury,Enterprise,57,669.69,Rob Thompson,2023-06-26
ACC-07999,Michael Martinez,Kiwi Group,Business,Corporate,Construction,Canterbury,Free,42,301.71,Mike Patterson,2022-03-17
ACC-08000,Thomas Rodriguez,Gateway Medical,Business,Small Business,Retail,Southland,Enterprise,51,896.19,Mike Patterson,2019-05-04
ACC-08001,David Brown,Kiwi Enterprises,Business,Corporate,Healthcare,Auckland,Free,29,223.05,Sarah Chen,2019-04-04
ACC-08002,Elizabeth Smith,Highland Legal,Business,Small Business,Education,Auckland,Premium,32,222.4,Lisa Hartley,2020-11-12
ACC-08003,Richard Rodriguez,Kiwi Systems,Business,Individual,Property Management,Auckland,Free,7,0.0,Unassigned,2018-03-10
ACC-08004,David Martin,Unknown,Residential,Individual,Unknown,Wellington,Free,5,0.0,Unassigned,2019-02-21
ACC-08005,William Jackson,Valley Dental,Business,Corporate,Retail,Auckland,Free,55,0.0,Unassigned,2020-01-25
ACC-08006,Joseph Taylor,Island Logistics,Business,Individual,Technology,Bay of Plenty,Basic,13,58.12,Unassigned,2023-09-07
ACC-08009,Charles Brown,Unknown,Residential,Corporate,Unknown,Bay of Plenty,Basic,18,300.01,Mike Patterson,2018-02-24
ACC-08010,Sarah Miller,Peak Partners,Residential,Corporate,Unknown,Hawke's Bay,Basic,4,121.1,Unassigned,2022-02-20
ACC-08011,Elizabeth Jones,Pioneer Holdings,Business,Corporate,Construction,Taranaki,Enterprise,5,416.65,Sarah Chen,2022-11-27
ACC-08012,James Brown,Sterling Dental,Business,Individual,Technology,Waikato,Basic,14,94.44,Unassigned,2021-05-17
ACC-08015,Robert Brown,Unknown,Residential,Individual,Unknown,Waikato,Free,37,28.01,Unassigned,2022-10-21
ACC-08016,Robert Martinez,Pacific Industries,Business,Small Business,Retail,Canterbury,Basic,13,77.54,Unassigned,2020-11-16
ACC-08017,James Rodriguez,Pacific Ltd,Business,Small Business,Construction,Auckland,Enterprise,1,726.52,Lisa Hartley,2021-10-16
ACC-08018,Karen Thomas,Unknown,Residential,Small Business,Unknown,Canterbury,Basic,6,51.0,Unassigned,2019-05-24
ACC-08019,Joseph Miller,Frontier Solutions,Business,Corporate,Agriculture,Canterbury,Basic,16,75.63,Unassigned,2021-01-29
ACC-08020,Charles Brown,Metro Medical,Business,Small Business,Agriculture,Waikato,Free,15,0.0,Unassigned,2023-08-13
ACC-08022,Karen Garcia,Unknown,Residential,Corporate,Unknown,Canterbury,Premium,1,126.4,Mike Patterson,2021-08-23
ACC-08023,Barbara Jackson,Harbour Services,Business,Corporate,Trades,Canterbury,Premium,3,54.61,Unassigned,2020-09-09
ACC-08024,Jessica Anderson,Unknown,Residential,Small Business,Unknown,Waikato,Basic,57,57.22,Unassigned,2022-10-25
ACC-08025,Jessica Martin,Alpha Plumbing,Business,Corporate,Retail,Otago,Basic,18,114.53,Unassigned,2021-01-14
ACC-08026,Karen Martin,Highland Logistics,Business,Corporate,Agriculture,Canterbury,Enterprise,18,778.59,Mike Patterson,2020-12-24
ACC-08027,Elizabeth Jones,Northern Systems,Business,Individual,Manufacturing,Bay of Plenty,Free,48,0.0,Unassigned,2023-11-24
ACC-08029,Barbara Hernandez,Ridge Group,Business,Corporate,Professional Services,Taranaki,Enterprise,4,559.34,Rob Thompson,2019-09-19
ACC-08030,James Taylor,Coastal Systems,Business,Corporate,Professional Services,Canterbury,Basic,4,0.0,Unassigned,2020-12-18
ACC-08032,Jessica Hernandez,Unknown,Residential,Small Business,Unknown,Auckland,Premium,1,0.0,Unassigned,2018-06-16
ACC-08035,Charles Brown,Unknown,Residential,Individual,Unknown,Canterbury,Basic,16,0.0,Unassigned,2018-08-12
ACC-08036,Jessica Anderson,Frontier Consulting,Business,Corporate,Education,Canterbury,Enterprise,49,708.95,Lisa Hartley,2022-04-12
ACC-08038,James Gonzalez,Unknown,Residential,Small Business,Unknown,Northland,Premium,8,91.7,Unassigned,2022-11-04
ACC-08040,Elizabeth Miller,Northern Engineering,Business,Corporate,Hospitality,Auckland,Premium,36,448.3,Mike Patterson,2023-10-02
ACC-08041,Karen Thomas,Kiwi Partners,Business,Small Business,Trades,Otago,Premium,7,628.67,Rob Thompson,2020-01-31
ACC-08044,John Hernandez,Pacific Dental,Business,Corporate,Professional Services,Auckland,Free,16,0.0,Unassigned,2022-01-25
ACC-08045,Elizabeth Rodriguez,Unknown,Residential,Individual,Unknown,Canterbury,Enterprise,39,340.49,Rob Thompson,2023-07-08
ACC-08049,Barbara Martinez,Coastal Plumbing,Business,Corporate,Manufacturing,Auckland,Enterprise,4,0.0,Unassigned,2019-08-18
ACC-08053,Richard Davis,Pioneer Medical,Business,Corporate,Retail,Waikato,Free,15,250.31,Mike Patterson,2022-09-13
ACC-08054,John Jones,Ridge Consulting,Business,Corporate,Trades,Canterbury,Basic,34,98.92,Unassigned,2023-12-10
ACC-08055,Charles Martin,Pioneer Enterprises,Business,Corporate,Trades,Otago,Enterprise,31,623.66,Rob Thompson,2018-01-15
ACC-08056,Michael Taylor,Metro Logistics,Business,Corporate,Construction,Canterbury,Free,35,0.0,Unassigned,2020-02-05
ACC-08057,Mary Smith,Northern Construction,Business,Small Business,Construction,Wellington,Basic,36,87.29,Unassigned,2021-12-09
ACC-08063,Robert Martinez,Gateway Ltd,Business,Corporate,Retail,Auckland,Basic,17,114.04,Unassigned,2020-03-08
ACC-08065,Jessica Hernandez,Unknown,Residential,Individual,Unknown,Otago,Basic,6,41.11,Unassigned,2018-01-28
ACC-08070,Patricia Moore,Coastal Holdings,Business,Small Business,Retail,Otago,Premium,2,161.36,Lisa Hartley,2023-06-06
ACC-08071,James Taylor,Highland Engineering,Business,Small Business,Education,Northland,Enterprise,36,859.61,Rob Thompson,2021-10-24
ACC-08072,Charles Thomas,Harbour Engineering,Business,Corporate,Hospitality,Auckland,Basic,49,82.49,Unassigned,2020-08-31
ACC-08073,Michael Lopez,Gateway Group,Business,Small Business,Construction,Waikato,Basic,13,93.64,Unassigned,2021-03-11
ACC-08074,Charles Williams,Unknown,Residential,Small Business,Unknown,Wellington,Free,20,23.53,Unassigned,2020-01-31
ACC-08075,David Taylor,Harbour Solutions,Business,Corporate,Professional Services,Waikato,Enterprise,1,0.0,Unassigned,2018-06-11
ACC-08076,Joseph Davis,Unknown,Residential,Individual,Unknown,Waikato,Premium,51,111.46,Mike Patterson,2020-01-22
ACC-08077,Barbara Jones,Unknown,Residential,Individual,Unknown,Nelson-Marlborough,Premium,6,107.26,Sarah Chen,2020-07-20
ACC-08078,David Taylor,Highland Construction,Business,Individual,Retail,Auckland,Basic,5,98.81,Unassigned,2019-04-22
ACC-08079,Charles Moore,Harbour Medical,Business,Corporate,Professional Services,Canterbury,Free,15,257.36,Sarah Chen,2021-06-11
ACC-08080,Elizabeth Anderson,Southern Holdings,Business,Individual,Trades,Hawke's Bay,Enterprise,2,597.34,Lisa Hartley,2019-04-23
ACC-08081,Susan Davis,Valley Dental,Business,Corporate,Construction,Canterbury,Free,10,29.65,Unassigned,2018-03-28
ACC-08082,Susan Smith,Unknown,Residential,Individual,Unknown,Canterbury,Enterprise,19,387.05,Mike Patterson,2023-08-28
ACC-08084,Patricia Garcia,Frontier Dental,Business,Small Business,Technology,Auckland,Premium,37,223.2,Mike Patterson,2020-08-10
ACC-08085,Jennifer Wilson,Unknown,Residential,Individual,Unknown,Waikato,Enterprise,10,345.92,Lisa Hartley,2022-08-19
ACC-08086,Charles Miller,Gateway Systems,Business,Corporate,Agriculture,Canterbury,Basic,27,70.5,Unassigned,2020-08-01
ACC-08087,Barbara Moore,Alpha Dental,Business,Individual,Healthcare,Waikato,Enterprise,7,500.82,Rob Thompson,2021-04-17
ACC-08090,John Gonzalez,Highland Consulting,Business,Small Business,Hospitality,Auckland,Enterprise,20,724.14,Lisa Hartley,2021-03-13
ACC-08091,Mary Johnson,Unknown,Residential,Small Business,Unknown,Hawke's Bay,Premium,12,121.14,Sarah Chen,2021-12-19
ACC-08092,Jennifer Moore,Alpha Ltd,Business,Corporate,Healthcare,Auckland,Premium,13,258.68,Sarah Chen,2020-10-11
ACC-08093,Richard Taylor,Sterling Construction,Business,Small Business,Education,Auckland,Premium,54,133.52,Unassigned,2022-11-06
ACC-08094,David Hernandez,Unknown,Residential,Individual,Unknown,Wellington,Premium,9,430.84,Rob Thompson,2022-03-28
ACC-08095,John Moore,Unknown,Residential,Individual,Unknown,Wellington,Premium,48,86.17,Unassigned,2020-02-11
ACC-08096,David Smith,Frontier Legal,Business,Corporate,Trades,Canterbury,Free,24,99.47,Unassigned,2020-09-08
ACC-08099,David Thomas,Valley Tech,Business,Corporate,Professional Services,Canterbury,Enterprise,21,244.9,Lisa Hartley,2020-10-08
ACC-08100,Mary Anderson,Highland Logistics,Business,Corporate,Construction,Canterbury,Enterprise,31,800.96,Sarah Chen,2022-09-15
ACC-08102,Charles Lopez,Harbour Medical,Business,Corporate,Manufacturing,Auckland,Premium,49,772.43,Rob Thompson,2023-06-02
ACC-08105,David Thomas,Pioneer Group,Business,Small Business,Retail,Bay of Plenty,Basic,28,67.73,Unassigned,2019-05-24
ACC-08108,Charles Taylor,Unknown,Residential,Corporate,Unknown,Canterbury,Premium,4,152.57,Unassigned,2020-11-29
ACC-08109,Thomas Johnson,Unknown,Residential,Corporate,Unknown,Otago,Enterprise,11,441.0,Lisa Hartley,2021-08-04
ACC-08110,Jessica Rodriguez,Central Industries,Business,Corporate,Professional Services,Canterbury,Free,23,0.0,Unassigned,2023-03-11
ACC-08113,Susan Martin,Unknown,Residential,Individual,Unknown,Wellington,Basic,5,255.75,Rob Thompson,2023-01-07
ACC-08114,Sarah Jones,Unknown,Residential,Small Business,Unknown,Canterbury,Basic,17,250.35,Sarah Chen,2019-04-14
ACC-08115,Jennifer Moore,Unknown,Residential,Individual,Unknown,Canterbury,Free,60,0.0,Unassigned,2023-01-18
ACC-08116,Richard Rodriguez,Gateway Enterprises,Business,Small Business,Education,Canterbury,Enterprise,24,612.07,Lisa Hartley,2018-10-22
ACC-08117,Michael Taylor,Unknown,Residential,Individual,Unknown,Waikato,Enterprise,29,357.06,Lisa Hartley,2019-07-24
ACC-08118,David Jones,Unknown,Residential,Small Business,Unknown,Auckland,Basic,7,46.64,Unassigned,2022-07-05
ACC-08119,Robert Martinez,Unknown,Residential,Individual,Unknown,Canterbury,Basic,11,38.49,Unassigned,2021-03-15
ACC-08121,Karen Lopez,Harbour Medical,Business,Small Business,Trades,Waikato,Basic,57,92.16,Unassigned,2022-08-01
ACC-08124,Karen Brown,Unknown,Residential,Individual,Unknown,Canterbury,Enterprise,5,411.57,Lisa Hartley,2022-10-27
ACC-08128,David Miller,Unknown,Residential,Individual,Unknown,Canterbury,Basic,45,112.66,Mike Patterson,2019-06-01
ACC-08129,David Johnson,Unknown,Residential,Small Business,Unknown,Auckland,Enterprise,2,0.0,Unassigned,2022-11-10
ACC-08130,David Jones,Gateway Solutions,Business,Small Business,Education,Canterbury,Basic,13,787.29,Lisa Hartley,2021-08-10
ACC-08131,David Moore,Peak Tech,Business,Corporate,Construction,Wellington,Enterprise,14,473.99,Rob Thompson,2019-12-05
ACC-08133,Barbara Garcia,Unknown,Residential,Small Business,Unknown,Canterbury,Basic,32,0.0,Unassigned,2018-07-08
ACC-08134,Susan Brown,Central Engineering,Business,Individual,Hospitality,Canterbury,Basic,2,506.69,Lisa Hartley,2022-03-11
ACC-08135,Mary Lopez,Unknown,Residential,Individual,Unknown,Canterbury,Enterprise,35,303.17,Mike Patterson,2019-04-25
ACC-08138,John Hernandez,Unknown,Residential,Small Business,Unknown,Manawatu-Whanganui,Enterprise,13,0.0,Unassigned,2018-12-02
ACC-08139,Charles Jones,Unknown,Residential,Individual,Unknown,Auckland,Basic,8,45.51,Unassigned,2021-06-19
ACC-08140,Joseph Thomas,Unknown,Residential,Individual,Unknown,Auckland,Enterprise,50,398.13,Mike Patterson,2021-09-16
ACC-08142,Charles Moore,Unknown,Residential,Small Business,Unknown,Nelson-Marlborough,Enterprise,12,416.97,Rob Thompson,2022-04-04
ACC-08143,Robert Wilson,Unknown,Residential,Corporate,Unknown,Waikato,Enterprise,18,0.0,Unassigned,2021-03-02
ACC-08144,Mary Thomas,Unknown,Residential,Individual,Unknown,Waikato,Free,47,0.0,Unassigned,2020-03-16
ACC-08145,Joseph Johnson,Southern Medical,Business,Individual,Trades,Auckland,Enterprise,3,0.0,Unassigned,2018-10-11
ACC-08146,James Lopez,Highland Legal,Business,Corporate,Healthcare,Auckland,Basic,8,65.79,Unassigned,2022-06-10
ACC-08148,James Anderson,Sterling Enterprises,Business,Small Business,Professional Services,Waikato,Enterprise,1,129.17,Unassigned,2018-12-12
ACC-08150,Thomas Smith,Pacific Holdings,Business,Small Business,Professional Services,Taranaki,Free,49,0.0,Unassigned,2018-10-29
ACC-08151,Linda Jackson,Unknown,Residential,Individual,Unknown,Otago,Enterprise,10,378.22,Rob Thompson,2023-01-09
ACC-08152,Barbara Wilson,Unknown,Residential,Individual,Unknown,Auckland,Enterprise,8,124.32,Mike Patterson,2022-04-17
ACC-08153,Patricia Johnson,Metro Tech,Business,Corporate,Trades,Waikato,Premium,44,211.62,Rob Thompson,2018-03-02
ACC-08154,Barbara Smith,Alpha Transport,Business,Individual,Retail,Canterbury,Free,19,0.0,Unassigned,2022-07-25
ACC-08155,Jennifer Rodriguez,Highland Engineering,Business,Corporate,Construction,Auckland,Enterprise,7,0.0,Unassigned,2021-12-30
ACC-08157,Jennifer Brown,Northern Medical,Business,Small Business,Manufacturing,Otago,Free,36,0.0,Unassigned,2020-07-19
ACC-08158,Patricia Brown,Unknown,Residential,Individual,Unknown,Auckland,Basic,7,42.83,Unassigned,2021-03-15
ACC-08159,Elizabeth Anderson,Alpha Systems,Business,Small Business,Retail,Canterbury,Free,47,0.0,Unassigned,2019-04-26
ACC-08160,Charles Jones,Ridge Plumbing,Business,Corporate,Construction,Waikato,Enterprise,4,727.21,Mike Patterson,2023-03-24
ACC-08161,Michael Martinez,Unknown,Residential,Individual,Unknown,Auckland,Enterprise,50,54.29,Unassigned,2020-02-25
ACC-08162,Michael Martinez,Valley Consulting,Business,Corporate,Healthcare,Wellington,Basic,54,71.53,Unassigned,2023-05-28
ACC-08163,Barbara Miller,Gateway Logistics,Business,Corporate,Professional Services,Canterbury,Basic,20,115.03,Unassigned,2023-10-16
ACC-08164,Sarah Lopez,Pacific Group,Residential,Corporate,Unknown,Canterbury,Premium,38,134.71,Unassigned,2021-09-08
ACC-08168,Thomas Rodriguez,Frontier Transport,Business,Corporate,Construction,Wellington,Basic,8,72.27,Unassigned,2021-04-24
ACC-08171,Charles Williams,Unknown,Residential,Individual,Unknown,Canterbury,Basic,8,0.0,Unassigned,2021-04-28
ACC-08172,Charles Johnson,Central Holdings,Business,Individual,Healthcare,Otago,Enterprise,9,0.0,Unassigned,2018-04-30
ACC-08173,William Garcia,Southern Industries,Business,Individual,Hospitality,Canterbury,Basic,50,105.48,Mike Patterson,2020-07-01
ACC-08177,Sarah Davis,Unknown,Residential,Individual,Unknown,Otago,Enterprise,47,326.3,Lisa Hartley,2020-10-25
ACC-08178,Jessica Gonzalez,Alpha Engineering,Business,Corporate,Retail,Auckland,Enterprise,39,746.48,Mike Patterson,2022-06-04
ACC-08180,John Smith,Unknown,Residential,Corporate,Unknown,Waikato,Basic,10,45.33,Unassigned,2018-11-01
ACC-08183,Mary Brown,Unknown,Residential,Individual,Unknown,Manawatu-Whanganui,Premium,28,156.29,Lisa Hartley,2021-02-02
ACC-08184,Susan Johnson,Unknown,Residential,Individual,Unknown,Wellington,Enterprise,27,373.18,Sarah Chen,2021-06-22
ACC-08186,David Moore,Unknown,Residential,Individual,Unknown,Canterbury,Premium,42,158.48,Mike Patterson,2023-04-26
ACC-08187,John Anderson,Harbour Consulting,Business,Individual,Retail,Wellington,Basic,1,71.65,Unassigned,2023-12-11
ACC-08188,Barbara Davis,Northern Group,Business,Small Business,Retail,Auckland,Enterprise,16,308.75,Mike Patterson,2018-01-20
ACC-08189,Richard Gonzalez,Unknown,Residential,Corporate,Unknown,Waikato,Enterprise,28,0.0,Unassigned,2022-01-29
ACC-08191,Charles Williams,Harbour Medical,Business,Corporate,Healthcare,Auckland,Basic,1,706.64,Sarah Chen,2021-06-18
ACC-08192,James Martinez,Gateway Industries,Business,Individual,Retail,Auckland,Enterprise,18,717.24,Rob Thompson,2019-11-28
ACC-08193,William Hernandez,Pioneer Plumbing,Business,Corporate,Healthcare,Bay of Plenty,Premium,6,284.25,Lisa Hartley,2019-06-27
ACC-08194,Barbara Rodriguez,Frontier Medical,Business,Corporate,Construction,Auckland,Enterprise,25,0.0,Unassigned,2022-11-22
ACC-08196,Jennifer Smith,Alpha Legal,Business,Small Business,Retail,Canterbury,Enterprise,47,939.14,Lisa Hartley,2022-11-30
ACC-08197,John Garcia,Gateway Enterprises,Business,Corporate,Education,Taranaki,Basic,47,0.0,Unassigned,2022-03-02
ACC-08199,Robert Hernandez,Island Medical,Business,Small Business,Retail,Nelson-Marlborough,Basic,59,68.28,Unassigned,2021-05-07
ACC-08201,John Williams,Valley Engineering,Business,Corporate,Healthcare,Auckland,Enterprise,53,482.99,Lisa Hartley,2022-12-11
ACC-08203,Michael Davis,Highland Partners,Business,Small Business,Construction,Auckland,Premium,30,167.87,Rob Thompson,2018-12-13
ACC-08205,Joseph Gonzalez,Central Logistics,Business,Corporate,Retail,Otago,Premium,1,627.52,Mike Patterson,2021-04-21
ACC-08208,Joseph Thomas,Valley Holdings,Business,Small Business,Hospitality,Canterbury,Free,10,0.0,Unassigned,2020-03-03
ACC-08209,Barbara Williams,Alpha Consulting,Business,Corporate,Healthcare,Canterbury,Premium,6,305.52,Rob Thompson,2023-04-02
ACC-08212,Karen Rodriguez,Peak Services,Business,Small Business,Construction,Auckland,Basic,24,120.14,Mike Patterson,2023-02-07
ACC-08213,John Rodriguez,Pioneer Legal,Business,Corporate,Retail,Bay of Plenty,Basic,30,119.35,Unassigned,2023-09-30
ACC-08215,Patricia Taylor,Gateway Legal,Business,Small Business,Hospitality,Auckland,Free,37,0.0,Unassigned,2021-01-25
ACC-08216,Jessica Martin,Ridge Transport,Business,Small Business,Professional Services,Waikato,Premium,19,293.8,Sarah Chen,2018-10-09
ACC-08219,Joseph Brown,Unknown,Residential,Individual,Unknown,Canterbury,Premium,26,156.23,Mike Patterson,2020-01-27
ACC-08220,Karen Hernandez,Coastal Engineering,Business,Corporate,Retail,Canterbury,Basic,3,85.91,Unassigned,2021-07-05
ACC-08221,David Lopez,Ridge Tech,Business,Corporate,Education,Hawke's Bay,Enterprise,8,301.02,Lisa Hartley,2018-04-15
ACC-08222,Karen Lopez,Central Group,Business,Individual,Hospitality,Taranaki,Basic,47,112.0,Lisa Hartley,2019-07-04
ACC-08224,Mary Rodriguez,Harbour Ltd,Business,Small Business,Trades,Bay of Plenty,Basic,9,83.5,Unassigned,2022-07-17
ACC-08225,Barbara Taylor,Peak Systems,Business,Corporate,Professional Services,Wellington,Basic,6,0.0,Unassigned,2021-05-22
ACC-08226,Thomas Gonzalez,Valley Plumbing,Business,Corporate,Agriculture,Auckland,Premium,34,168.61,Unassigned,2020-05-04
ACC-08229,Jessica Davis,Peak Tech,Business,Individual,Construction,Auckland,Basic,2,0.0,Unassigned,2020-09-22
ACC-08231,Linda Lopez,Sterling Dental,Business,Corporate,Healthcare,Canterbury,Enterprise,23,482.05,Lisa Hartley,2020-02-02
ACC-08232,Charles Taylor,Harbour Solutions,Business,Individual,Professional Services,Otago,Premium,10,185.84,Unassigned,2021-05-27
ACC-08233,Patricia Jackson,Unknown,Residential,Individual,Unknown,Otago,Free,7,0.0,Unassigned,2018-09-22
ACC-08234,Linda Jones,Southern Medical,Business,Corporate,Construction,Waikato,Basic,4,0.0,Unassigned,2018-12-15
ACC-08238,David Johnson,Pioneer Group,Business,Individual,Construction,Canterbury,Enterprise,1,0.0,Unassigned,2023-11-29
ACC-08241,Karen Brown,Island Electrical,Business,Small Business,Construction,Waikato,Basic,37,97.9,Unassigned,2020-04-09
ACC-08242,Michael Davis,Frontier Dental,Business,Small Business,Manufacturing,Auckland,Enterprise,2,639.54,Lisa Hartley,2018-12-29
ACC-08244,Jennifer Gonzalez,Unknown,Residential,Individual,Unknown,Canterbury,Free,50,0.0,Unassigned,2021-03-23
ACC-08245,Karen Anderson,Ridge Transport,Business,Small Business,Hospitality,Canterbury,Enterprise,17,653.65,Sarah Chen,2019-10-07
ACC-08246,Mary Garcia,Unknown,Residential,Individual,Unknown,Bay of Plenty,Enterprise,3,358.41,Mike Patterson,2023-07-28
ACC-08249,John Anderson,Northern Medical,Business,Corporate,Manufacturing,Taranaki,Basic,41,423.0,Sarah Chen,2022-06-09
ACC-08250,Charles Davis,Harbour Dental,Business,Corporate,Trades,Auckland,Free,17,219.04,Sarah Chen,2023-07-02
ACC-08251,Charles Davis,Pacific Consulting,Business,Small Business,Trades,Canterbury,Enterprise,11,86.78,Unassigned,2019-09-24
ACC-08252,Robert Jackson,Ridge Logistics,Business,Corporate,Healthcare,Wellington,Free,12,88.52,Unassigned,2023-03-15
ACC-08254,David Anderson,Harbour Systems,Business,Corporate,Trades,Canterbury,Basic,33,85.29,Unassigned,2018-05-05
ACC-08256,Susan Moore,Peak Holdings,Business,Individual,Education,Nelson-Marlborough,Basic,13,100.44,Lisa Hartley,2021-09-18
ACC-08258,James Miller,Alpha Construction,Business,Small Business,Trades,Wellington,Free,10,56.88,Unassigned,2022-04-05
ACC-08260,Joseph Hernandez,Ridge Transport,Business,Corporate,Healthcare,Auckland,Premium,7,250.46,Rob Thompson,2018-09-10
ACC-08263,Karen Davis,Valley Electrical,Business,Small Business,Hospitality,Canterbury,Basic,26,65.02,Unassigned,2021-06-11
ACC-08265,Charles Martinez,Ridge Medical,Business,Individual,Construction,Manawatu-Whanganui,Basic,21,94.56,Unassigned,2023-03-23
ACC-08266,John Jackson,Valley Medical,Business,Corporate,Construction,Auckland,Premium,25,188.37,Unassigned,2022-12-18
ACC-08267,Barbara Wilson,Alpha Tech,Business,Corporate,Trades,Wellington,Basic,1,429.94,Mike Patterson,2018-12-21
ACC-08270,Karen Smith,Unknown,Residential,Corporate,Unknown,Canterbury,Basic,46,355.64,Mike Patterson,2021-02-17
ACC-08271,John Gonzalez,Central Ltd,Business,Small Business,Construction,Waikato,Premium,14,210.69,Sarah Chen,2020-03-18
ACC-08274,John Hernandez,Valley Systems,Business,Small Business,Professional Services,Auckland,Basic,10,567.77,Rob Thompson,2020-09-21
ACC-08275,Barbara Taylor,Frontier Systems,Business,Corporate,Retail,Taranaki,Basic,18,93.49,Unassigned,2022-10-10
ACC-08276,Charles Martinez,Unknown,Residential,Corporate,Unknown,Canterbury,Enterprise,22,125.4,Unassigned,2023-02-12
ACC-08277,Elizabeth Martinez,Pioneer Engineering,Business,Corporate,Education,Auckland,Premium,46,160.31,Unassigned,2023-12-22
ACC-08278,Joseph Taylor,Highland Plumbing,Business,Small Business,Trades,Northland,Basic,27,106.14,Rob Thompson,2022-05-25
ACC-08281,Robert Wilson,Unknown,Residential,Individual,Unknown,Canterbury,Free,36,0.0,Unassigned,2023-04-20
ACC-08282,Thomas Jones,Apex Services,Business,Corporate,Retail,Northland,Enterprise,6,252.8,Lisa Hartley,2021-08-02
ACC-08283,Jessica Brown,Pacific Partners,Business,Corporate,Retail,Wellington,Basic,59,87.29,Unassigned,2022-10-28
ACC-08285,Sarah Martin,Unknown,Residential,Individual,Unknown,Manawatu-Whanganui,Premium,7,106.57,Unassigned,2023-04-27
ACC-08286,Karen Miller,Unknown,Residential,Small Business,Unknown,Bay of Plenty,Free,2,110.43,Unassigned,2019-12-31
ACC-08289,Michael Martin,Unknown,Residential,Individual,Unknown,Canterbury,Basic,4,44.79,Unassigned,2022-02-19
ACC-08290,David Davis,Northern Services,Business,Corporate,Hospitality,Canterbury,Free,7,256.75,Rob Thompson,2022-10-11
ACC-08291,Karen Lopez,Valley Ltd,Business,Small Business,Trades,Auckland,Premium,5,463.4,Rob Thompson,2023-07-27
ACC-08292,David Williams,Sterling Medical,Business,Corporate,Healthcare,Otago,Premium,6,199.35,Unassigned,2023-04-26
ACC-08293,Robert Miller,Northern Plumbing,Business,Corporate,Professional Services,Waikato,Premium,21,174.88,Unassigned,2023-12-05
ACC-08294,Linda Garcia,Unknown,Residential,Individual,Unknown,Waikato,Basic,14,60.14,Unassigned,2022-12-28
ACC-08295,David Wilson,Unknown,Residential,Individual,Unknown,Waikato,Basic,17,46.78,Unassigned,2018-12-16
ACC-08296,Robert Lopez,Kiwi Enterprises,Business,Corporate,Professional Services,Canterbury,Premium,13,181.29,Unassigned,2023-01-20
ACC-08297,Jessica Williams,Pioneer Ltd,Business,Small Business,Healthcare,Auckland,Premium,12,222.66,Mike Patterson,2021-08-12
ACC-08298,James Jackson,Coastal Legal,Business,Small Business,Retail,Bay of Plenty,Enterprise,2,697.48,Sarah Chen,2018-06-02
ACC-08299,Richard Martinez,Harbour Transport,Business,Small Business,Transport & Logistics,Bay of Plenty,Basic,59,60.51,Unassigned,2018-06-23
ACC-08300,Barbara Garcia,Unknown,Residential,Individual,Unknown,Southland,Free,28,117.87,Unassigned,2023-08-06
ACC-08301,Linda Garcia,Unknown,Residential,Corporate,Unknown,Wellington,Free,4,0.0,Unassigned,2018-05-22
ACC-08302,Barbara Davis,Unknown,Residential,Individual,Unknown,Canterbury,Basic,23,39.67,Unassigned,2023-12-02
ACC-08303,Barbara Johnson,Northern Construction,Business,Corporate,Trades,Wellington,Basic,4,860.03,Sarah Chen,2019-08-19
ACC-08305,David Smith,Unknown,Residential,Individual,Unknown,Southland,Enterprise,49,376.88,Rob Thompson,2018-07-16
ACC-08308,Patricia Rodriguez,Unknown,Residential,Individual,Unknown,Manawatu-Whanganui,Free,51,0.0,Unassigned,2018-07-30
ACC-08311,David Thomas,Highland Plumbing,Business,Small Business,Trades,Waikato,Free,43,0.0,Unassigned,2023-01-19
ACC-08313,John Anderson,Metro Tech,Business,Small Business,Retail,Wellington,Basic,1,68.61,Unassigned,2022-03-24
ACC-08316,Joseph Moore,Unknown,Residential,Individual,Unknown,Wellington,Enterprise,8,338.79,Sarah Chen,2021-07-09
ACC-08317,James Gonzalez,Unknown,Residential,Individual,Unknown,Auckland,Free,15,0.0,Unassigned,2018-03-15
ACC-08318,Karen Rodriguez,Summit Enterprises,Business,Small Business,Transport & Logistics,Bay of Plenty,Basic,23,98.03,Unassigned,2019-05-04
ACC-08319,James Rodriguez,Unknown,Residential,Small Business,Unknown,Auckland,Premium,2,0.0,Unassigned,2021-07-07
ACC-08322,Mary Smith,Summit Construction,Business,Corporate,Construction,Auckland,Basic,13,86.82,Unassigned,2020-09-19
ACC-08326,David Rodriguez,Unknown,Residential,Individual,Unknown,Canterbury,Basic,13,43.24,Unassigned,2023-01-18
ACC-08328,Barbara Lopez,Frontier Tech,Business,Small Business,Retail,Canterbury,Premium,1,219.41,Rob Thompson,2022-09-05
ACC-08329,Barbara Johnson,Unknown,Residential,Individual,Unknown,Auckland,Enterprise,35,342.78,Rob Thompson,2022-01-13
ACC-08330,Thomas Hernandez,Unknown,Residential,Individual,Unknown,Northland,Free,9,404.02,Rob Thompson,2019-11-11
ACC-08331,Susan Smith,Unknown,Residential,Corporate,Unknown,Southland,Enterprise,14,298.05,Sarah Chen,2021-01-30
ACC-08332,James Moore,Unknown,Residential,Individual,Unknown,Waikato,Basic,25,327.41,Sarah Chen,2020-11-18
ACC-08333,Barbara Garcia,Northern Medical,Business,Individual,Education,Canterbury,Free,30,149.13,Rob Thompson,2021-01-15
ACC-08334,Barbara Wilson,Valley Industries,Business,Small Business,Education,Canterbury,Enterprise,15,679.3,Sarah Chen,2019-03-18
ACC-08336,Mary Garcia,Unknown,Residential,Individual,Unknown,Waikato,Free,39,0.0,Unassigned,2019-08-26
ACC-08337,Charles Davis,Unknown,Residential,Individual,Unknown,Taranaki,Free,2,0.0,Unassigned,2021-06-06
ACC-08340,David Moore,Peak Ltd,Business,Corporate,Construction,Otago,Basic,8,58.05,Unassigned,2021-06-28
ACC-08341,William Lopez,Unknown,Residential,Individual,Unknown,Waikato,Enterprise,50,100.85,Unassigned,2020-11-14
ACC-08342,Mary Moore,Ridge Transport,Business,Corporate,Healthcare,Taranaki,Basic,11,120.48,Sarah Chen,2019-10-19
ACC-08345,Barbara Jones,Northern Logistics,Business,Corporate,Hospitality,Auckland,Premium,25,0.0,Unassigned,2023-07-19
ACC-08346,Elizabeth Jones,Coastal Group,Business,Corporate,Healthcare,Otago,Basic,11,58.12,Unassigned,2021-10-23
ACC-08347,Charles Davis,Highland Electrical,Business,Corporate,Trades,Northland,Enterprise,4,701.32,Mike Patterson,2021-05-19
ACC-08348,Charles Taylor,Unknown,Residential,Individual,Unknown,Canterbury,Enterprise,7,289.35,Lisa Hartley,2021-05-19
ACC-08349,Robert Hernandez,Ridge Services,Business,Corporate,Healthcare,Waikato,Free,34,0.0,Unassigned,2021-07-18
ACC-08350,James Martinez,Coastal Electrical,Business,Corporate,Trades,Wellington,Enterprise,5,240.03,Sarah Chen,2023-12-13
ACC-08351,Jessica Martinez,Pioneer Solutions,Residential,Individual,Unknown,Otago,Enterprise,6,101.84,Unassigned,2023-02-16
ACC-08352,Barbara Lopez,Unknown,Residential,Individual,Unknown,Bay of Plenty,Premium,11,122.1,Unassigned,2021-06-18
ACC-08353,Charles Jones,Central Group,Business,Individual,Professional Services,Canterbury,Basic,6,85.61,Unassigned,2018-08-10
ACC-08355,Barbara Martin,Unknown,Residential,Individual,Unknown,Waikato,Basic,16,41.46,Unassigned,2021-01-25
ACC-08356,Jennifer Martin,Coastal Solutions,Business,Corporate,Agriculture,Canterbury,Premium,51,311.65,Rob Thompson,2023-11-26
ACC-08357,Thomas Brown,Highland Systems,Business,Small Business,Construction,Manawatu-Whanganui,Free,16,0.0,Unassigned,2018-02-16
ACC-08358,Jennifer Rodriguez,Harbour Logistics,Business,Corporate,Manufacturing,Canterbury,Enterprise,37,562.66,Rob Thompson,2021-11-21
ACC-08360,Jennifer Moore,Frontier Systems,Business,Small Business,Professional Services,Wellington,Premium,51,290.6,Rob Thompson,2020-12-11
ACC-08361,Elizabeth Moore,Unknown,Residential,Corporate,Unknown,Manawatu-Whanganui,Enterprise,44,0.0,Unassigned,2023-06-19
ACC-08364,Robert Jones,Ridge Medical,Residential,Individual,Unknown,Waikato,Premium,24,121.58,Unassigned,2022-06-20
ACC-08365,Linda Garcia,Unknown,Residential,Individual,Unknown,Canterbury,Free,23,0.0,Unassigned,2021-07-18
ACC-08366,Richard Wilson,Unknown,Residential,Individual,Unknown,Auckland,Basic,38,47.87,Unassigned,2020-09-27
ACC-08367,Jessica Martin,Coastal Ltd,Business,Small Business,Trades,Canterbury,Enterprise,52,808.45,Sarah Chen,2018-10-31
ACC-08369,Elizabeth Johnson,Unknown,Residential,Corporate,Unknown,Bay of Plenty,Enterprise,16,279.56,Rob Thompson,2019-08-24
ACC-08372,Jessica Jackson,Valley Holdings,Business,Small Business,Professional Services,Canterbury,Enterprise,1,430.86,Mike Patterson,2018-12-27
ACC-08374,Karen Wilson,Unknown,Residential,Individual,Unknown,Canterbury,Premium,22,139.4,Unassigned,2021-04-17
ACC-08375,Jennifer Thomas,Unknown,Residential,Corporate,Unknown,Auckland,Free,8,0.0,Unassigned,2021-01-06
ACC-08381,Susan Garcia,Unknown,Residential,Individual,Unknown,Canterbury,Free,7,0.0,Unassigned,2020-03-12
ACC-08384,Charles Gonzalez,Harbour Logistics,Business,Small Business,Healthcare,Wellington,Enterprise,3,0.0,Unassigned,2020-04-10
ACC-08387,David Jones,Highland Systems,Business,Small Business,Construction,Auckland,Premium,11,88.34,Unassigned,2020-06-14
ACC-08389,David Garcia,Unknown,Residential,Corporate,Unknown,Waikato,Free,30,129.77,Unassigned,2018-05-13
ACC-08390,Mary Moore,Southern Legal,Business,Small Business,Hospitality,Wellington,Free,20,0.0,Unassigned,2020-05-10
ACC-08391,Michael Garcia,Unknown,Residential,Small Business,Unknown,Wellington,Basic,56,43.55,Unassigned,2018-05-07
ACC-08392,James Jackson,Alpha Industries,Business,Corporate,Trades,Southland,Free,42,0.0,Unassigned,2018-10-26
ACC-08393,Susan Wilson,Ridge Systems,Business,Corporate,Hospitality,Canterbury,Basic,20,55.65,Unassigned,2022-10-28
ACC-08394,Joseph Rodriguez,Metro Consulting,Business,Corporate,Education,Canterbury,Basic,49,77.94,Unassigned,2021-03-20
ACC-08395,Charles Johnson,Southern Medical,Business,Corporate,Retail,Northland,Enterprise,12,0.0,Unassigned,2023-08-21
ACC-08398,Robert Jones,Alpha Industries,Business,Corporate,Trades,Otago,Basic,51,122.57,Sarah Chen,2020-12-05
ACC-08399,Barbara Jones,Frontier Dental,Business,Individual,Construction,Wellington,Free,8,0.0,Unassigned,2021-05-03
ACC-08400,Barbara Gonzalez,Highland Industries,Business,Individual,Manufacturing,Waikato,Free,37,257.0,Sarah Chen,2022-02-13
ACC-08401,Elizabeth Thomas,Metro Ltd,Business,Corporate,Trades,Hawke's Bay,Basic,9,67.25,Unassigned,2020-02-15
ACC-08402,Richard Wilson,Gateway Dental,Business,Individual,Hospitality,Southland,Basic,42,528.05,Lisa Hartley,2019-11-04
ACC-08403,Barbara Smith,Unknown,Residential,Individual,Unknown,Auckland,Basic,6,0.0,Unassigned,2018-10-18
ACC-08404,Jessica Wilson,Island Partners,Business,Corporate,Education,Canterbury,Basic,35,124.96,Unassigned,2019-12-18
ACC-08406,Patricia Wilson,Highland Partners,Business,Small Business,Trades,Wellington,Premium,50,193.47,Unassigned,2020-09-07
ACC-08409,Patricia Brown,Island Group,Business,Small Business,Hospitality,Auckland,Free,34,0.0,Unassigned,2018-02-04
ACC-08410,Linda Johnson,Unknown,Residential,Corporate,Unknown,Taranaki,Basic,33,33.94,Unassigned,2022-03-29
ACC-08411,Charles Martinez,Southern Electrical,Business,Small Business,Hospitality,Canterbury,Enterprise,29,761.9,Lisa Hartley,2021-10-08
ACC-08412,Charles Jones,Metro Transport,Business,Small Business,Education,Hawke's Bay,Basic,41,84.87,Unassigned,2020-11-25
ACC-08414,Michael Rodriguez,Coastal Tech,Business,Corporate,Technology,Auckland,Enterprise,3,76.93,Unassigned,2020-05-19
ACC-08415,Patricia Moore,Unknown,Residential,Individual,Unknown,Auckland,Enterprise,25,349.73,Rob Thompson,2023-08-15
ACC-08417,Charles Moore,Pacific Systems,Business,Individual,Healthcare,Canterbury,Basic,5,0.0,Unassigned,2021-09-25
ACC-08419,Barbara Anderson,Unknown,Residential,Individual,Unknown,Hawke's Bay,Basic,31,346.59,Sarah Chen,2021-03-29
ACC-08421,David Anderson,Unknown,Residential,Corporate,Unknown,Auckland,Basic,8,51.74,Unassigned,2022-12-05
ACC-08422,Linda Davis,Pioneer Partners,Business,Corporate,Technology,Wellington,Basic,7,451.39,Mike Patterson,2020-11-11
ACC-08424,Karen Jackson,Unknown,Residential,Individual,Unknown,Canterbury,Enterprise,24,315.09,Rob Thompson,2023-04-04
ACC-08426,Charles Jackson,Unknown,Residential,Individual,Unknown,Waikato,Premium,37,120.53,Unassigned,2020-12-03
ACC-08427,Michael Rodriguez,Metro Industries,Business,Corporate,Hospitality,Wellington,Enterprise,10,745.7,Rob Thompson,2019-11-15
ACC-08428,Linda Moore,Kiwi Logistics,Business,Individual,Construction,Auckland,Free,19,182.73,Unassigned,2022-08-18
ACC-08432,Barbara Thomas,Summit Dental,Business,Corporate,Construction,Auckland,Basic,51,55.64,Unassigned,2019-11-12
ACC-08434,Charles Smith,Pacific Engineering,Business,Corporate,Trades,Canterbury,Basic,1,0.0,Unassigned,2020-08-27
ACC-08435,Sarah Jackson,Alpha Dental,Business,Corporate,Construction,Canterbury,Enterprise,30,685.35,Lisa Hartley,2020-04-02
ACC-08437,Jessica Rodriguez,Pioneer Engineering,Business,Corporate,Construction,Canterbury,Basic,28,0.0,Unassigned,2023-05-24
ACC-08438,David Moore,Pioneer Logistics,Business,Corporate,Manufacturing,Waikato,Enterprise,27,634.7,Rob Thompson,2020-05-06
ACC-08440,Mary Davis,Kiwi Construction,Business,Small Business,Construction,Canterbury,Basic,42,121.77,Unassigned,2018-12-15
ACC-08447,William Anderson,Metro Systems,Business,Corporate,Retail,Auckland,Free,60,26.54,Unassigned,2021-01-29
ACC-08448,David Hernandez,Gateway Partners,Business,Corporate,Professional Services,Southland,Free,29,0.0,Unassigned,2019-02-15
ACC-08450,Jennifer Wilson,Unknown,Residential,Individual,Unknown,Canterbury,Free,32,0.0,Unassigned,2020-08-09
ACC-08451,Barbara Taylor,Unknown,Residential,Individual,Unknown,Auckland,Basic,44,329.79,Rob Thompson,2020-03-18
ACC-08453,James Taylor,Unknown,Residential,Individual,Unknown,Canterbury,Enterprise,16,0.0,Unassigned,2018-06-03
ACC-08455,James Taylor,Pioneer Consulting,Business,Corporate,Construction,Waikato,Basic,8,274.48,Lisa Hartley,2018-12-04
ACC-08457,Joseph Garcia,Unknown,Residential,Corporate,Unknown,Auckland,Basic,10,47.95,Unassigned,2019-04-05
ACC-08458,Charles Smith,Pacific Logistics,Business,Individual,Trades,Wellington,Basic,1,276.16,Lisa Hartley,2018-06-24
ACC-08459,Charles Miller,Unknown,Residential,Corporate,Unknown,Nelson-Marlborough,Enterprise,2,334.43,Rob Thompson,2020-01-16
ACC-08460,William Williams,Unknown,Residential,Individual,Unknown,Bay of Plenty,Basic,40,53.21,Unassigned,2023-06-06
ACC-08461,John Martinez,Ridge Solutions,Business,Corporate,Construction,Wellington,Free,21,260.71,Mike Patterson,2023-08-03
ACC-08462,Elizabeth Rodriguez,Unknown,Residential,Corporate,Unknown,Auckland,Basic,5,0.0,Unassigned,2019-03-17
ACC-08465,David Gonzalez,Island Ltd,Business,Corporate,Trades,Otago,Premium,56,0.0,Unassigned,2020-08-20
ACC-08466,James Rodriguez,Unknown,Residential,Individual,Unknown,Canterbury,Premium,37,130.26,Unassigned,2018-03-14
ACC-08467,James Martin,Metro Electrical,Business,Small Business,Hospitality,Wellington,Basic,54,82.08,Unassigned,2019-12-24
ACC-08468,Karen Williams,Central Construction,Business,Corporate,Technology,Bay of Plenty,Enterprise,16,831.45,Sarah Chen,2021-02-13
ACC-08469,David Anderson,Pacific Services,Business,Corporate,Hospitality,Auckland,Basic,51,113.01,Lisa Hartley,2022-01-12
ACC-08471,John Moore,Apex Consulting,Business,Individual,Education,Otago,Basic,14,48.42,Unassigned,2020-02-28
ACC-08475,Linda Garcia,Alpha Plumbing,Business,Individual,Retail,Wellington,Basic,5,73.18,Unassigned,2021-09-13
ACC-08476,Barbara Williams,Pacific Partners,Residential,Individual,Unknown,Canterbury,Basic,8,54.01,Unassigned,2022-12-07
ACC-08479,Joseph Anderson,Northern Medical,Business,Small Business,Retail,Canterbury,Enterprise,50,668.81,Lisa Hartley,2020-01-02
ACC-08480,Barbara Garcia,Unknown,Residential,Corporate,Unknown,Hawke's Bay,Enterprise,55,0.0,Unassigned,2022-01-18
ACC-08481,Karen Wilson,Gateway Partners,Business,Corporate,Construction,Northland,Premium,27,292.05,Rob Thompson,2022-08-13
ACC-08482,Elizabeth Brown,Valley Group,Business,Small Business,Construction,Wellington,Premium,44,280.59,Mike Patterson,2021-01-24
ACC-08483,Barbara Taylor,Island Solutions,Business,Corporate,Construction,Canterbury,Enterprise,33,83.15,Unassigned,2019-04-03
ACC-08484,Elizabeth Thomas,Southern Tech,Business,Corporate,Trades,Wellington,Free,38,0.0,Unassigned,2020-03-14
ACC-08485,David Moore,Unknown,Residential,Corporate,Unknown,Auckland,Premium,2,138.32,Sarah Chen,2020-09-21
ACC-08486,Karen Davis,Sterling Construction,Business,Corporate,Hospitality,Canterbury,Basic,9,0.0,Unassigned,2018-12-30
ACC-08488,Thomas Jackson,Apex Electrical,Business,Corporate,Construction,Auckland,Enterprise,2,841.89,Mike Patterson,2020-03-13
ACC-08490,Elizabeth Garcia,Unknown,Residential,Individual,Unknown,Hawke's Bay,Free,20,0.0,Unassigned,2022-09-08
ACC-08491,James Hernandez,Harbour Legal,Business,Corporate,Hospitality,Waikato,Basic,11,106.96,Unassigned,2023-02-28
ACC-08492,Susan Miller,Unknown,Residential,Individual,Unknown,Canterbury,Enterprise,47,438.09,Lisa Hartley,2021-10-10
ACC-08493,John Lopez,Highland Group,Business,Small Business,Professional Services,Auckland,Basic,19,70.03,Unassigned,2021-08-11
ACC-08494,David Martin,Central Enterprises,Business,Small Business,Construction,Waikato,Premium,28,762.67,Rob Thompson,2022-09-23
ACC-08496,Sarah Brown,Unknown,Residential,Corporate,Unknown,Wellington,Basic,6,49.63,Unassigned,2019-04-29
ACC-08497,Jennifer Miller,Southern Transport,Business,Small Business,Hospitality,Waikato,Premium,51,61.01,Unassigned,2019-11-14
ACC-08500,Karen Brown,Unknown,Residential,Individual,Unknown,Canterbury,Enterprise,38,242.66,Sarah Chen,2020-05-08
ACC-08501,Barbara Williams,Unknown,Residential,Individual,Unknown,Canterbury,Basic,23,0.0,Unassigned,2020-06-16
ACC-08504,Jennifer Garcia,Southern Legal,Business,Corporate,Professional Services,Canterbury,Enterprise,9,973.48,Lisa Hartley,2020-02-22
ACC-08505,Karen Johnson,Valley Enterprises,Business,Small Business,Agriculture,Wellington,Free,43,0.0,Unassigned,2019-01-26
ACC-08506,Charles Brown,Peak Holdings,Business,Corporate,Professional Services,Bay of Plenty,Enterprise,5,916.87,Sarah Chen,2018-08-08
ACC-08508,Barbara Hernandez,Unknown,Residential,Individual,Unknown,Bay of Plenty,Basic,14,46.99,Unassigned,2022-03-30
ACC-08509,Joseph Hernandez,Frontier Enterprises,Business,Individual,Trades,Waikato,Premium,16,272.68,Rob Thompson,2020-08-18
ACC-08512,Jessica Gonzalez,Unknown,Residential,Individual,Unknown,Otago,Basic,20,157.14,Sarah Chen,2018-01-29
ACC-08513,Sarah Lopez,Pioneer Legal,Business,Corporate,Education,Canterbury,Free,56,0.0,Unassigned,2020-11-28
ACC-08514,Charles Miller,Unknown,Residential,Small Business,Unknown,Hawke's Bay,Free,17,0.0,Unassigned,2022-11-02
ACC-08517,Jennifer Moore,Unknown,Residential,Individual,Unknown,Canterbury,Enterprise,59,144.81,Unassigned,2019-04-27
ACC-08518,Elizabeth Garcia,Harbour Industries,Business,Corporate,Construction,Wellington,Enterprise,30,734.41,Sarah Chen,2023-12-03
ACC-08519,David Jones,Unknown,Residential,Individual,Unknown,Wellington,Enterprise,19,384.86,Sarah Chen,2018-11-16
ACC-08520,Jennifer Johnson,Unknown,Residential,Corporate,Unknown,Auckland,Basic,11,40.08,Unassigned,2021-11-12
ACC-08523,Charles Martinez,Central Medical,Business,Corporate,Professional Services,Nelson-Marlborough,Basic,49,105.38,Unassigned,2023-06-28
ACC-08524,Karen Taylor,Frontier Logistics,Business,Small Business,Hospitality,Otago,Basic,9,193.94,Unassigned,2021-08-28
ACC-08525,Mary Rodriguez,Island Solutions,Business,Small Business,Construction,Otago,Basic,6,54.37,Unassigned,2020-12-22
ACC-08526,Sarah Lopez,Unknown,Residential,Small Business,Unknown,Hawke's Bay,Free,51,0.0,Unassigned,2021-05-27
ACC-08527,James Miller,Sterling Group,Business,Small Business,Retail,Auckland,Free,36,0.0,Unassigned,2023-06-08
ACC-08528,Barbara Davis,Island Group,Business,Corporate,Retail,Canterbury,Basic,12,0.0,Unassigned,2020-07-27
ACC-08529,John Anderson,Pacific Systems,Business,Individual,Construction,Manawatu-Whanganui,Enterprise,11,986.98,Lisa Hartley,2019-07-30
ACC-08530,John Garcia,Harbour Enterprises,Business,Individual,Professional Services,Auckland,Enterprise,29,518.74,Mike Patterson,2020-08-23
ACC-08531,John Taylor,Coastal Holdings,Business,Small Business,Trades,Bay of Plenty,Free,2,0.0,Unassigned,2023-04-11
ACC-08535,Susan Smith,Sterling Plumbing,Business,Corporate,Retail,Canterbury,Basic,51,127.56,Unassigned,2021-07-17
ACC-08536,Thomas Thomas,Pacific Logistics,Business,Corporate,Construction,Auckland,Free,43,0.0,Unassigned,2018-05-18
ACC-08538,Barbara Williams,Central Transport,Residential,Individual,Unknown,Canterbury,Free,8,54.67,Unassigned,2019-12-01
ACC-08539,Sarah Garcia,Unknown,Residential,Individual,Unknown,Otago,Free,14,0.0,Unassigned,2022-06-12
ACC-08540,Jennifer Gonzalez,Highland Consulting,Business,Individual,Agriculture,Otago,Enterprise,7,107.47,Unassigned,2023-11-14
ACC-08541,William Jackson,Unknown,Residential,Individual,Unknown,Nelson-Marlborough,Premium,50,108.48,Unassigned,2023-12-06
ACC-08542,David Martinez,Unknown,Residential,Small Business,Unknown,Auckland,Enterprise,19,0.0,Unassigned,2022-01-16
ACC-08543,Jessica Anderson,Peak Medical,Business,Corporate,Property Management,Canterbury,Free,10,114.69,Unassigned,2019-08-11
ACC-08544,Karen Davis,Ridge Systems,Business,Corporate,Agriculture,Auckland,Basic,7,90.58,Unassigned,2019-02-14
ACC-08545,Patricia Martinez,Northern Consulting,Business,Small Business,Manufacturing,Canterbury,Free,15,0.0,Unassigned,2021-09-09
ACC-08546,John Thomas,Summit Group,Business,Corporate,Manufacturing,Otago,Free,12,0.0,Unassigned,2021-07-03
ACC-08547,David Martinez,Kiwi Dental,Business,Corporate,Trades,Auckland,Enterprise,9,759.75,Rob Thompson,2020-01-17
ACC-08550,Jessica Smith,Pioneer Electrical,Business,Corporate,Construction,Auckland,Premium,18,335.67,Mike Patterson,2020-12-20
ACC-08551,William Martin,Valley Group,Business,Small Business,Construction,Canterbury,Basic,36,660.12,Mike Patterson,2020-01-01
ACC-08553,Elizabeth Martin,Unknown,Residential,Individual,Unknown,Canterbury,Basic,24,41.44,Unassigned,2020-11-01
ACC-08554,Barbara Martinez,Apex Systems,Business,Corporate,Professional Services,Auckland,Enterprise,26,548.84,Mike Patterson,2023-11-23
ACC-08556,Joseph Garcia,Ridge Ltd,Business,Individual,Professional Services,Auckland,Basic,21,0.0,Unassigned,2020-05-20
ACC-08557,David Gonzalez,Pioneer Tech,Business,Corporate,Property Management,Waikato,Basic,6,60.96,Unassigned,2019-05-07
ACC-08559,Linda Smith,Pacific Legal,Business,Corporate,Manufacturing,Canterbury,Free,34,0.0,Unassigned,2018-04-28
ACC-08560,Barbara Hernandez,Ridge Tech,Business,Small Business,Healthcare,Canterbury,Enterprise,45,916.59,Mike Patterson,2019-08-17
ACC-08561,James Thomas,Unknown,Residential,Individual,Unknown,Auckland,Enterprise,55,333.97,Mike Patterson,2021-09-22
ACC-08562,Sarah Taylor,Unknown,Residential,Corporate,Unknown,Otago,Free,34,0.0,Unassigned,2023-04-22
ACC-08563,Jennifer Miller,Highland Solutions,Business,Small Business,Professional Services,Canterbury,Enterprise,3,706.82,Rob Thompson,2020-01-26
ACC-08564,David Davis,Harbour Industries,Business,Corporate,Manufacturing,Canterbury,Premium,1,65.26,Unassigned,2020-03-24
ACC-08565,Richard Smith,Gateway Solutions,Business,Small Business,Construction,Otago,Premium,22,256.55,Sarah Chen,2019-09-06
ACC-08567,Elizabeth Johnson,Gateway Legal,Business,Small Business,Trades,Auckland,Premium,1,193.38,Lisa Hartley,2018-04-06
ACC-08568,David Brown,Island Logistics,Business,Small Business,Trades,Bay of Plenty,Enterprise,44,549.78,Sarah Chen,2023-12-27
ACC-08571,Patricia Wilson,Unknown,Residential,Individual,Unknown,Bay of Plenty,Basic,45,50.46,Unassigned,2020-01-18
ACC-08572,Robert Brown,Sterling Tech,Business,Small Business,Trades,Canterbury,Basic,47,80.2,Unassigned,2022-10-20
ACC-08574,James Garcia,Pioneer Plumbing,Business,Corporate,Hospitality,Wellington,Free,41,0.0,Unassigned,2018-11-27
ACC-08575,David Taylor,Unknown,Residential,Individual,Unknown,Auckland,Enterprise,17,332.84,Mike Patterson,2021-10-04
ACC-08577,Charles Gonzalez,Ridge Engineering,Business,Corporate,Healthcare,Southland,Enterprise,53,489.62,Mike Patterson,2020-01-13
ACC-08578,Jessica Thomas,Sterling Systems,Business,Small Business,Trades,Auckland,Basic,46,161.69,Unassigned,2022-04-01
ACC-08579,David Anderson,Apex Solutions,Business,Corporate,Property Management,Auckland,Enterprise,23,414.86,Lisa Hartley,2019-12-04
ACC-08580,Mary Davis,Unknown,Residential,Individual,Unknown,Taranaki,Basic,40,44.32,Unassigned,2019-11-02
ACC-08581,Thomas Hernandez,Unknown,Residential,Individual,Unknown,Auckland,Basic,35,56.51,Unassigned,2019-07-31
ACC-08582,James Jackson,Unknown,Residential,Individual,Unknown,Waikato,Basic,23,44.68,Unassigned,2022-06-07
ACC-08583,Charles Williams,Unknown,Residential,Corporate,Unknown,Nelson-Marlborough,Free,5,147.87,Unassigned,2022-10-07
ACC-08585,Joseph Smith,Sterling Enterprises,Business,Small Business,Education,Northland,Enterprise,23,696.15,Lisa Hartley,2023-12-14
ACC-08587,Jessica Lopez,Sterling Group,Business,Individual,Construction,Bay of Plenty,Free,20,0.0,Unassigned,2022-09-02
ACC-08588,Jennifer Jones,Unknown,Residential,Individual,Unknown,Auckland,Free,33,0.0,Unassigned,2022-03-23
ACC-08590,Charles Anderson,Summit Medical,Business,Corporate,Manufacturing,Bay of Plenty,Free,52,0.0,Unassigned,2022-08-23
ACC-08591,Mary Hernandez,Valley Dental,Business,Corporate,Transport & Logistics,Wellington,Basic,48,79.4,Unassigned,2018-03-24
ACC-08592,Jennifer Brown,Unknown,Residential,Individual,Unknown,Manawatu-Whanganui,Basic,2,44.07,Unassigned,2018-09-22
ACC-08593,David Lopez,Pioneer Industries,Business,Small Business,Education,Bay of Plenty,Enterprise,55,564.83,Mike Patterson,2019-10-26
ACC-08594,Barbara Wilson,Kiwi Partners,Business,Small Business,Retail,Hawke's Bay,Enterprise,8,222.04,Lisa Hartley,2019-02-23
ACC-08595,Michael Jackson,Alpha Partners,Business,Corporate,Education,Nelson-Marlborough,Premium,3,286.9,Sarah Chen,2023-07-20
ACC-08597,James Moore,Frontier Legal,Business,Corporate,Hospitality,Nelson-Marlborough,Basic,14,67.14,Unassigned,2023-07-29
ACC-08599,James Rodriguez,Harbour Ltd,Business,Small Business,Trades,Canterbury,Basic,7,101.31,Unassigned,2023-07-13
ACC-08600,Mary Lopez,Unknown,Residential,Corporate,Unknown,Canterbury,Basic,8,36.89,Unassigned,2020-10-09
ACC-08601,Jennifer Jackson,Northern Partners,Business,Small Business,Hospitality,Auckland,Basic,3,97.28,Unassigned,2018-11-07
ACC-08602,Mary Garcia,Unknown,Residential,Individual,Unknown,Canterbury,Enterprise,38,461.51,Lisa Hartley,2022-04-22
ACC-08603,Jessica Brown,Unknown,Residential,Individual,Unknown,Bay of Plenty,Basic,5,294.73,Sarah Chen,2023-07-31
ACC-08604,David Anderson,Apex Enterprises,Business,Small Business,Healthcare,Canterbury,Basic,42,74.35,Unassigned,2023-01-23
ACC-08605,Elizabeth Jackson,Alpha Plumbing,Residential,Small Business,Unknown,Bay of Plenty,Premium,3,141.69,Unassigned,2020-07-24
ACC-08607,William Johnson,Valley Construction,Business,Individual,Agriculture,Canterbury,Free,18,0.0,Unassigned,2023-09-30
ACC-08608,Linda Jackson,Unknown,Residential,Individual,Unknown,Canterbury,Free,48,0.0,Unassigned,2020-12-09
ACC-08610,James Wilson,Unknown,Residential,Corporate,Unknown,Auckland,Enterprise,24,90.27,Unassigned,2018-02-12
ACC-08611,Susan Hernandez,Pacific Tech,Business,Corporate,Retail,Canterbury,Enterprise,50,499.96,Rob Thompson,2018-08-25
ACC-08612,Susan Martinez,Unknown,Residential,Corporate,Unknown,Nelson-Marlborough,Basic,4,335.44,Rob Thompson,2018-01-02
ACC-08613,Elizabeth Lopez,Gateway Transport,Business,Corporate,Trades,Hawke's Bay,Basic,48,277.33,Lisa Hartley,2022-03-09
ACC-08615,Karen Garcia,Island Solutions,Business,Small Business,Healthcare,Wellington,Free,6,0.0,Unassigned,2018-06-21
ACC-08616,David Rodriguez,Pioneer Solutions,Business,Corporate,Trades,Waikato,Premium,18,212.24,Lisa Hartley,2018-01-02
ACC-08617,Linda Hernandez,Unknown,Residential,Individual,Unknown,Wellington,Free,13,0.0,Unassigned,2023-05-12
ACC-08621,Elizabeth Davis,Unknown,Residential,Corporate,Unknown,Northland,Free,37,123.44,Unassigned,2018-12-03
ACC-08624,Barbara Gonzalez,Unknown,Residential,Individual,Unknown,Canterbury,Enterprise,2,402.84,Sarah Chen,2020-08-09
ACC-08626,Elizabeth Martinez,Peak Legal,Business,Small Business,Construction,Canterbury,Enterprise,15,694.17,Sarah Chen,2022-05-04
ACC-08628,Elizabeth Jones,Summit Solutions,Business,Small Business,Construction,Bay of Plenty,Free,40,0.0,Unassigned,2019-01-25
ACC-08629,Jennifer Jones,Unknown,Residential,Individual,Unknown,Canterbury,Enterprise,36,323.77,Lisa Hartley,2020-08-07
ACC-08630,Charles Rodriguez,Pacific Holdings,Business,Corporate,Retail,Wellington,Basic,31,94.68,Unassigned,2018-03-30
ACC-08631,David Lopez,Island Ltd,Business,Individual,Manufacturing,Wellington,Premium,1,273.74,Lisa Hartley,2023-11-26
ACC-08633,James Miller,Frontier Electrical,Business,Small Business,Trades,Wellington,Enterprise,57,699.42,Rob Thompson,2019-03-02
ACC-08636,David Moore,Unknown,Residential,Individual,Unknown,Canterbury,Basic,6,350.04,Rob Thompson,2020-11-17
ACC-08637,Charles Williams,Ridge Plumbing,Business,Individual,Construction,Southland,Basic,9,67.32,Unassigned,2021-09-30
ACC-08638,Mary Taylor,Sterling Holdings,Business,Corporate,Trades,Waikato,Free,8,0.0,Unassigned,2023-09-30
ACC-08640,Joseph Brown,Unknown,Residential,Corporate,Unknown,Auckland,Enterprise,17,130.08,Sarah Chen,2020-05-28
ACC-08641,Barbara Martin,Frontier Medical,Business,Small Business,Construction,Canterbury,Premium,44,194.71,Unassigned,2021-07-13
ACC-08644,James Jones,Unknown,Residential,Individual,Unknown,Wellington,Enterprise,16,244.33,Mike Patterson,2021-06-07
ACC-08645,Thomas Brown,Gateway Systems,Business,Corporate,Healthcare,Nelson-Marlborough,Basic,50,96.61,Unassigned,2020-07-28
ACC-08649,David Gonzalez,Unknown,Residential,Small Business,Unknown,Bay of Plenty,Premium,2,35.77,Unassigned,2023-08-23
ACC-08652,Sarah Jackson,Unknown,Residential,Individual,Unknown,Canterbury,Premium,17,107.0,Rob Thompson,2019-08-12
ACC-08653,Charles Gonzalez,Unknown,Residential,Individual,Unknown,Canterbury,Free,6,0.0,Unassigned,2019-09-28
ACC-08654,Mary Anderson,Unknown,Residential,Individual,Unknown,Canterbury,Free,4,0.0,Unassigned,2020-05-01
ACC-08656,Sarah Anderson,Sterling Electrical,Business,Small Business,Property Management,Otago,Basic,47,99.4,Unassigned,2020-09-19
ACC-08657,Jessica Williams,Frontier Partners,Business,Small Business,Construction,Wellington,Enterprise,11,0.0,Unassigned,2023-12-16
ACC-08658,Michael Thomas,Pioneer Dental,Business,Small Business,Construction,Auckland,Free,26,0.0,Unassigned,2019-04-26
ACC-08660,Barbara Johnson,Unknown,Residential,Corporate,Unknown,Waikato,Basic,4,43.52,Unassigned,2021-06-17
ACC-08662,Thomas Johnson,Unknown,Residential,Individual,Unknown,Nelson-Marlborough,Basic,35,46.63,Unassigned,2021-10-29
ACC-08663,Robert Wilson,Unknown,Residential,Individual,Unknown,Waikato,Premium,37,132.75,Unassigned,2018-11-18
ACC-08664,Mary Jones,Kiwi Transport,Business,Corporate,Education,Canterbury,Enterprise,22,639.23,Lisa Hartley,2020-05-15
ACC-08665,Elizabeth Martinez,Unknown,Residential,Individual,Unknown,Wellington,Basic,16,42.78,Unassigned,2019-12-25
ACC-08666,James Taylor,Unknown,Residential,Individual,Unknown,Canterbury,Basic,16,41.98,Unassigned,2021-07-11
ACC-08667,David Lopez,Unknown,Residential,Individual,Unknown,Auckland,Premium,15,34.14,Unassigned,2019-10-08
ACC-08670,Joseph Brown,Peak Ltd,Business,Corporate,Transport & Logistics,Canterbury,Enterprise,20,838.01,Rob Thompson,2023-06-03
ACC-08671,John Gonzalez,Unknown,Residential,Corporate,Unknown,Canterbury,Basic,11,50.15,Unassigned,2020-09-30
ACC-08673,Mary Wilson,Pacific Logistics,Residential,Individual,Unknown,Canterbury,Premium,44,127.99,Rob Thompson,2023-08-29
ACC-08678,James Moore,Central Industries,Business,Corporate,Professional Services,Canterbury,Premium,21,250.47,Rob Thompson,2020-09-01
ACC-08679,David Jones,Metro Electrical,Business,Small Business,Property Management,Southland,Premium,47,250.83,Rob Thompson,2020-06-25
ACC-08682,Robert Martin,Southern Consulting,Business,Corporate,Healthcare,Canterbury,Enterprise,7,0.0,Unassigned,2022-01-08
ACC-08683,Elizabeth Hernandez,Highland Systems,Residential,Corporate,Unknown,Southland,Enterprise,20,286.0,Mike Patterson,2022-09-26
ACC-08684,Robert Johnson,Valley Legal,Business,Corporate,Agriculture,Canterbury,Premium,21,162.35,Unassigned,2019-07-02
ACC-08686,Michael Brown,Valley Transport,Business,Corporate,Retail,Waikato,Premium,36,312.29,Sarah Chen,2022-03-22
ACC-08687,Barbara Miller,Alpha Solutions,Business,Small Business,Retail,Auckland,Basic,30,95.67,Unassigned,2020-03-01
ACC-08689,Joseph Williams,Unknown,Residential,Individual,Unknown,Auckland,Basic,2,45.56,Unassigned,2019-03-05
ACC-08691,Jennifer Smith,Kiwi Dental,Business,Corporate,Professional Services,Otago,Basic,41,274.47,Sarah Chen,2020-03-01
ACC-08692,Barbara Wilson,Coastal Enterprises,Business,Small Business,Construction,Canterbury,Premium,41,303.49,Lisa Hartley,2018-03-27
ACC-08697,Barbara Martinez,Valley Industries,Business,Small Business,Transport & Logistics,Nelson-Marlborough,Basic,13,682.99,Mike Patterson,2018-01-25
ACC-08698,Joseph Moore,Kiwi Plumbing,Business,Corporate,Trades,Waikato,Free,58,0.0,Unassigned,2019-08-11
ACC-08700,Richard Davis,Unknown,Residential,Corporate,Unknown,Auckland,Basic,17,55.18,Unassigned,2021-04-18
ACC-08701,David Anderson,Pacific Group,Business,Individual,Hospitality,Auckland,Enterprise,42,95.43,Unassigned,2021-08-11
ACC-08702,David Garcia,Unknown,Residential,Corporate,Unknown,Wellington,Basic,8,358.48,Rob Thompson,2022-08-25
ACC-08704,Karen Hernandez,Unknown,Residential,Individual,Unknown,Wellington,Premium,26,153.03,Unassigned,2018-02-15
ACC-08705,Barbara Thomas,Unknown,Residential,Individual,Unknown,Canterbury,Basic,39,37.49,Unassigned,2023-05-15
ACC-08706,Barbara Wilson,Pacific Partners,Business,Corporate,Retail,Auckland,Basic,10,214.59,Mike Patterson,2019-04-21
ACC-08707,Charles Taylor,Frontier Tech,Business,Small Business,Construction,Auckland,Premium,2,72.3,Unassigned,2019-12-26
ACC-08708,Sarah Jackson,Ridge Group,Business,Individual,Professional Services,Canterbury,Basic,20,96.06,Unassigned,2019-01-25
ACC-08710,Elizabeth Gonzalez,Central Systems,Business,Small Business,Retail,Auckland,Free,1,0.0,Unassigned,2018-09-19
ACC-08711,Patricia Moore,Island Medical,Business,Small Business,Trades,Canterbury,Premium,24,786.74,Lisa Hartley,2020-01-31
ACC-08715,Mary Rodriguez,Alpha Partners,Business,Corporate,Trades,Canterbury,Enterprise,25,103.7,Unassigned,2022-08-06
ACC-08716,Elizabeth Davis,Summit Enterprises,Business,Corporate,Education,Otago,Basic,18,259.74,Mike Patterson,2023-10-09
ACC-08717,Linda Rodriguez,Ridge Group,Business,Corporate,Construction,Canterbury,Basic,31,65.0,Unassigned,2023-05-01
ACC-08719,Barbara Moore,Unknown,Residential,Corporate,Unknown,Bay of Plenty,Enterprise,2,35.18,Unassigned,2021-02-05
ACC-08721,Susan Lopez,Alpha Ltd,Business,Individual,Manufacturing,Otago,Free,4,0.0,Unassigned,2023-11-19
ACC-08722,Jennifer Jones,Unknown,Residential,Individual,Unknown,Auckland,Premium,4,101.47,Sarah Chen,2021-05-11
ACC-08723,John Brown,Unknown,Residential,Individual,Unknown,Manawatu-Whanganui,Enterprise,7,406.97,Mike Patterson,2019-07-16
ACC-08725,Charles Taylor,Unknown,Residential,Small Business,Unknown,Wellington,Basic,33,49.8,Unassigned,2020-10-22
ACC-08726,Jessica Rodriguez,Unknown,Residential,Individual,Unknown,Canterbury,Enterprise,37,322.77,Sarah Chen,2018-12-03
ACC-08729,David Johnson,Coastal Holdings,Business,Corporate,Hospitality,Wellington,Enterprise,11,452.78,Sarah Chen,2019-08-27
ACC-08732,James Smith,Unknown,Residential,Corporate,Unknown,Waikato,Enterprise,31,108.4,Unassigned,2023-02-21
ACC-08734,Michael Taylor,Island Holdings,Business,Individual,Retail,Nelson-Marlborough,Basic,2,97.98,Unassigned,2023-02-22
ACC-08736,Richard Anderson,Apex Services,Business,Individual,Education,Bay of Plenty,Basic,39,0.0,Unassigned,2022-12-30
ACC-08737,Robert Rodriguez,Unknown,Residential,Individual,Unknown,Canterbury,Basic,20,37.55,Unassigned,2023-06-14
ACC-08738,John Rodriguez,Unknown,Residential,Individual,Unknown,Taranaki,Basic,37,34.34,Unassigned,2022-08-21
ACC-08740,James Miller,Harbour Engineering,Business,Corporate,Construction,Auckland,Free,43,0.0,Unassigned,2018-05-14
ACC-08743,William Jones,Northern Legal,Business,Corporate,Trades,Bay of Plenty,Basic,40,78.67,Unassigned,2021-04-19
ACC-08746,Robert Johnson,Northern Enterprises,Business,Small Business,Hospitality,Auckland,Enterprise,9,734.76,Rob Thompson,2020-02-18
ACC-08747,Jennifer Hernandez,Ridge Partners,Business,Small Business,Professional Services,Auckland,Enterprise,39,664.49,Sarah Chen,2022-02-20
ACC-08750,Patricia Wilson,Unknown,Residential,Individual,Unknown,Otago,Premium,6,137.07,Unassigned,2022-08-02
ACC-08751,Sarah Rodriguez,Apex Logistics,Business,Corporate,Retail,Otago,Premium,27,238.35,Lisa Hartley,2018-07-12
ACC-08753,Jennifer Garcia,Unknown,Residential,Individual,Unknown,Waikato,Basic,22,43.32,Unassigned,2022-11-03
ACC-08754,Michael Garcia,Unknown,Residential,Individual,Unknown,Canterbury,Enterprise,4,304.23,Sarah Chen,2018-01-21
ACC-08755,Linda Martinez,Northern Medical,Business,Corporate,Retail,Hawke's Bay,Premium,20,449.86,Sarah Chen,2018-08-22
ACC-08756,Barbara Smith,Unknown,Residential,Corporate,Unknown,Waikato,Free,4,103.45,Rob Thompson,2018-04-21
ACC-08757,Barbara Brown,Unknown,Residential,Individual,Unknown,Otago,Free,4,0.0,Unassigned,2020-10-10
ACC-08758,Elizabeth Gonzalez,Central Plumbing,Business,Small Business,Retail,Wellington,Premium,10,178.65,Unassigned,2023-10-31
ACC-08761,Jennifer Anderson,Unknown,Residential,Corporate,Unknown,Waikato,Basic,9,46.91,Unassigned,2019-04-13
ACC-08762,John Martin,Unknown,Residential,Individual,Unknown,Southland,Enterprise,50,0.0,Unassigned,2022-09-27
ACC-08763,Thomas Martin,Summit Transport,Business,Small Business,Trades,Canterbury,Enterprise,22,709.89,Mike Patterson,2020-01-24
ACC-08764,Barbara Jones,Summit Transport,Business,Small Business,Construction,Waikato,Basic,49,168.04,Unassigned,2023-05-25
ACC-08765,David Garcia,Harbour Systems,Business,Small Business,Education,Otago,Free,24,0.0,Unassigned,2023-03-01
ACC-08766,Robert Williams,Pioneer Engineering,Business,Small Business,Education,Hawke's Bay,Enterprise,22,662.33,Sarah Chen,2022-06-13
ACC-08767,Charles Davis,Highland Logistics,Business,Individual,Professional Services,Northland,Basic,8,0.0,Unassigned,2021-08-28
ACC-08769,Patricia Anderson,Unknown,Residential,Individual,Unknown,Canterbury,Enterprise,58,430.31,Rob Thompson,2022-02-27
ACC-08770,Jennifer Smith,Unknown,Residential,Small Business,Unknown,Canterbury,Basic,20,55.15,Unassigned,2020-11-20
ACC-08771,James Wilson,Southern Dental,Business,Small Business,Professional Services,Auckland,Enterprise,51,458.39,Mike Patterson,2022-03-21
ACC-08773,Linda Johnson,Unknown,Residential,Individual,Unknown,Wellington,Basic,21,54.92,Unassigned,2023-03-12
ACC-08775,Joseph Jones,Unknown,Residential,Individual,Unknown,Canterbury,Enterprise,5,0.0,Unassigned,2020-04-17
ACC-08776,John Brown,Northern Partners,Business,Corporate,Healthcare,Southland,Enterprise,19,838.99,Rob Thompson,2020-04-08
ACC-08777,Charles Davis,Pacific Industries,Business,Individual,Hospitality,Wellington,Basic,3,64.37,Unassigned,2023-04-05
ACC-08778,Robert Anderson,Sterling Medical,Business,Small Business,Hospitality,Canterbury,Free,40,0.0,Unassigned,2020-04-21
ACC-08779,David Garcia,Ridge Systems,Business,Corporate,Trades,Canterbury,Basic,53,186.11,Unassigned,2019-10-05
ACC-08780,James Garcia,Valley Services,Business,Corporate,Hospitality,Canterbury,Enterprise,7,651.14,Mike Patterson,2023-03-20
ACC-08781,Charles Williams,Unknown,Residential,Individual,Unknown,Auckland,Enterprise,38,281.83,Lisa Hartley,2019-12-23
ACC-08782,Charles Johnson,Harbour Partners,Business,Corporate,Professional Services,Canterbury,Premium,26,98.62,Unassigned,2023-11-22
ACC-08783,Susan Martinez,Unknown,Residential,Individual,Unknown,Auckland,Free,31,0.0,Unassigned,2021-02-16
ACC-08786,Robert Smith,Highland Industries,Business,Small Business,Agriculture,Auckland,Basic,3,104.82,Sarah Chen,2020-05-27
ACC-08790,Jennifer Jones,Peak Consulting,Business,Corporate,Transport & Logistics,Canterbury,Premium,27,207.5,Sarah Chen,2018-07-11
ACC-08791,Charles Martinez,Unknown,Residential,Small Business,Unknown,Manawatu-Whanganui,Free,40,0.0,Unassigned,2023-07-18
ACC-08792,David Johnson,Ridge Industries,Business,Corporate,Construction,Canterbury,Basic,31,75.3,Unassigned,2021-11-30
ACC-08794,Sarah Rodriguez,Central Ltd,Business,Small Business,Construction,Hawke's Bay,Premium,26,207.15,Lisa Hartley,2022-10-17
ACC-08796,James Hernandez,Northern Transport,Business,Corporate,Retail,Waikato,Free,56,0.0,Unassigned,2022-09-19
ACC-08798,Michael Gonzalez,Apex Logistics,Business,Small Business,Construction,Otago,Premium,39,294.57,Sarah Chen,2023-08-10
ACC-08799,James Hernandez,Gateway Logistics,Business,Small Business,Construction,Canterbury,Premium,27,251.9,Mike Patterson,2023-12-25
ACC-08801,Michael Anderson,Harbour Solutions,Business,Small Business,Education,Canterbury,Basic,53,126.18,Unassigned,2021-02-18
ACC-08802,Joseph Hernandez,Unknown,Residential,Individual,Unknown,Auckland,Basic,10,44.36,Unassigned,2022-03-04
ACC-08803,Michael Jackson,Island Group,Business,Corporate,Education,Waikato,Enterprise,16,919.68,Mike Patterson,2019-12-23
ACC-08804,Karen Wilson,Unknown,Residential,Small Business,Unknown,Taranaki,Enterprise,18,0.0,Unassigned,2018-09-03
ACC-08805,Jennifer Wilson,Ridge Partners,Business,Small Business,Construction,Waikato,Basic,17,86.16,Unassigned,2022-03-16
ACC-08806,Patricia Lopez,Island Enterprises,Business,Small Business,Professional Services,Wellington,Basic,29,99.07,Unassigned,2018-09-02
ACC-08808,Joseph Thomas,Southern Holdings,Business,Small Business,Construction,Canterbury,Free,4,0.0,Unassigned,2023-11-16
ACC-08811,John Davis,Unknown,Residential,Corporate,Unknown,Southland,Basic,43,39.89,Unassigned,2019-11-23
ACC-08812,Sarah Thomas,Unknown,Residential,Corporate,Unknown,Auckland,Basic,53,46.5,Unassigned,2021-04-12
ACC-08813,John Brown,Island Consulting,Business,Corporate,Trades,Canterbury,Free,8,0.0,Unassigned,2018-04-13
ACC-08815,Jessica Moore,Unknown,Residential,Individual,Unknown,Otago,Premium,29,94.92,Unassigned,2019-09-23
ACC-08816,Sarah Rodriguez,Unknown,Residential,Individual,Unknown,Canterbury,Basic,13,41.21,Unassigned,2020-12-16
ACC-08817,James Anderson,Unknown,Residential,Individual,Unknown,Waikato,Enterprise,13,399.03,Lisa Hartley,2022-06-21
ACC-08819,Jennifer Garcia,Gateway Systems,Business,Corporate,Trades,Auckland,Free,9,94.51,Unassigned,2018-11-26
ACC-08820,Patricia Taylor,Southern Group,Business,Small Business,Agriculture,Bay of Plenty,Basic,29,78.7,Unassigned,2021-06-16
ACC-08821,John Martin,Apex Systems,Business,Corporate,Transport & Logistics,Wellington,Premium,18,156.26,Unassigned,2018-10-06
ACC-08822,Charles Rodriguez,Southern Engineering,Business,Small Business,Construction,Wellington,Premium,35,0.0,Unassigned,2019-11-30
ACC-08823,Sarah Jackson,Unknown,Residential,Individual,Unknown,Otago,Basic,55,57.32,Unassigned,2022-01-21
ACC-08824,Sarah Thomas,Unknown,Residential,Individual,Unknown,Bay of Plenty,Free,48,0.0,Unassigned,2021-11-02
ACC-08825,William Martinez,Unknown,Residential,Corporate,Unknown,Canterbury,Free,12,0.0,Unassigned,2022-02-25
ACC-08829,Jennifer Jackson,Unknown,Residential,Individual,Unknown,Otago,Free,51,0.0,Unassigned,2021-10-31
ACC-08833,Jessica Hernandez,Unknown,Residential,Corporate,Unknown,Auckland,Enterprise,29,374.19,Lisa Hartley,2022-04-26
ACC-08835,Barbara Garcia,Gateway Solutions,Business,Individual,Professional Services,Auckland,Basic,38,110.76,Mike Patterson,2023-08-04
ACC-08837,David Thomas,Valley Transport,Business,Corporate,Construction,Wellington,Free,6,0.0,Unassigned,2020-08-08
ACC-08838,Jennifer Gonzalez,Highland Ltd,Business,Corporate,Construction,Canterbury,Enterprise,3,0.0,Unassigned,2022-03-07
ACC-08839,David Garcia,Pioneer Legal,Business,Individual,Professional Services,Waikato,Premium,45,253.51,Rob Thompson,2021-01-15
ACC-08840,David Taylor,Harbour Enterprises,Business,Corporate,Construction,Auckland,Free,44,0.0,Unassigned,2021-08-04
ACC-08842,John Garcia,Frontier Group,Business,Small Business,Retail,Canterbury,Enterprise,17,0.0,Unassigned,2020-11-04
ACC-08843,Michael Smith,Unknown,Residential,Individual,Unknown,Wellington,Basic,54,39.34,Unassigned,2023-06-21
ACC-08844,Barbara Smith,Southern Plumbing,Business,Corporate,Trades,Manawatu-Whanganui,Basic,3,80.19,Unassigned,2021-06-26
ACC-08847,Barbara Rodriguez,Highland Dental,Business,Individual,Trades,Otago,Enterprise,3,750.32,Lisa Hartley,2018-02-20
ACC-08848,Elizabeth Smith,Coastal Tech,Residential,Small Business,Unknown,Canterbury,Basic,3,37.72,Unassigned,2022-11-29
ACC-08849,Jennifer Garcia,Harbour Engineering,Business,Corporate,Professional Services,Canterbury,Enterprise,38,868.24,Rob Thompson,2020-03-10
ACC-08851,Barbara Taylor,Island Engineering,Business,Corporate,Technology,Hawke's Bay,Basic,13,175.3,Unassigned,2020-02-19
ACC-08852,Barbara Davis,Frontier Legal,Business,Corporate,Construction,Canterbury,Basic,18,68.56,Unassigned,2021-03-10
ACC-08854,Charles Martin,Apex Systems,Business,Corporate,Hospitality,Wellington,Basic,23,86.17,Unassigned,2022-11-15
ACC-08855,Barbara Wilson,Alpha Logistics,Business,Corporate,Construction,Wellington,Free,18,0.0,Unassigned,2022-08-27
ACC-08859,Mary Rodriguez,Unknown,Residential,Corporate,Unknown,Canterbury,Basic,18,380.4,Lisa Hartley,2023-02-18
ACC-08860,Joseph Wilson,Island Services,Business,Corporate,Retail,Canterbury,Premium,13,136.62,Rob Thompson,2023-11-30
ACC-08862,Joseph Johnson,Unknown,Residential,Individual,Unknown,Canterbury,Basic,7,0.0,Unassigned,2022-04-11
ACC-08863,David Rodriguez,Alpha Dental,Business,Corporate,Technology,Wellington,Premium,8,285.36,Rob Thompson,2022-05-12
ACC-08866,Susan Moore,Central Consulting,Business,Corporate,Construction,Auckland,Premium,17,183.87,Unassigned,2019-05-03
ACC-08867,Mary Gonzalez,Unknown,Residential,Individual,Unknown,Canterbury,Basic,54,44.99,Unassigned,2020-01-10
ACC-08871,Jessica Moore,Harbour Enterprises,Residential,Small Business,Unknown,Bay of Plenty,Free,1,0.0,Unassigned,2022-07-23
ACC-08873,Barbara Moore,Unknown,Residential,Individual,Unknown,Auckland,Enterprise,26,432.71,Lisa Hartley,2020-06-28
ACC-08875,Karen Williams,Pacific Partners,Business,Small Business,Property Management,Canterbury,Enterprise,27,796.67,Mike Patterson,2019-05-13
ACC-08876,Patricia Davis,Southern Dental,Business,Corporate,Construction,Waikato,Free,48,0.0,Unassigned,2019-05-03
ACC-08881,Linda Garcia,Unknown,Residential,Small Business,Unknown,Auckland,Basic,7,45.26,Unassigned,2022-11-16
ACC-08882,Barbara Wilson,Peak Dental,Business,Small Business,Professional Services,Canterbury,Premium,55,272.59,Mike Patterson,2020-02-28
ACC-08885,Jennifer Lopez,Apex Engineering,Business,Individual,Professional Services,Auckland,Enterprise,1,170.01,Unassigned,2022-07-19
ACC-08886,Elizabeth Anderson,Unknown,Residential,Small Business,Unknown,Waikato,Premium,18,322.38,Mike Patterson,2020-02-17
ACC-08887,Charles Brown,Unknown,Residential,Individual,Unknown,Taranaki,Premium,48,125.63,Unassigned,2022-09-09
ACC-08888,Barbara Brown,Unknown,Residential,Individual,Unknown,Auckland,Premium,8,132.89,Unassigned,2021-12-30
ACC-08890,Richard Martin,Unknown,Residential,Individual,Unknown,Northland,Enterprise,5,286.02,Rob Thompson,2019-04-04
ACC-08892,Barbara Martinez,Valley Tech,Business,Corporate,Trades,Canterbury,Basic,8,96.14,Unassigned,2021-04-16
ACC-08893,Barbara Davis,Metro Consulting,Business,Corporate,Retail,Canterbury,Basic,6,258.2,Lisa Hartley,2021-05-21
ACC-08896,Karen Martin,Southern Medical,Business,Small Business,Property Management,Canterbury,Free,2,0.0,Unassigned,2020-10-28
ACC-08898,Richard Moore,Peak Logistics,Business,Corporate,Professional Services,Wellington,Premium,42,220.83,Rob Thompson,2022-09-26
ACC-08899,Linda Jones,Unknown,Residential,Individual,Unknown,Auckland,Free,42,0.0,Unassigned,2019-11-09
ACC-08900,John Taylor,Pacific Plumbing,Business,Corporate,Property Management,Hawke's Bay,Enterprise,8,0.0,Unassigned,2022-11-16
ACC-08901,William Martinez,Kiwi Services,Business,Small Business,Hospitality,Canterbury,Enterprise,25,719.52,Lisa Hartley,2021-01-18
ACC-08902,Robert Williams,Gateway Engineering,Business,Small Business,Trades,Auckland,Basic,2,63.48,Unassigned,2018-05-23
ACC-08903,Barbara Martin,Unknown,Residential,Individual,Unknown,Southland,Enterprise,3,267.25,Rob Thompson,2018-03-28
ACC-08904,David Johnson,Unknown,Residential,Corporate,Unknown,Auckland,Free,21,102.63,Lisa Hartley,2019-01-30
ACC-08905,William Hernandez,Unknown,Residential,Individual,Unknown,Auckland,Enterprise,53,440.73,Lisa Hartley,2019-12-29
ACC-08906,David Johnson,Unknown,Residential,Individual,Unknown,Auckland,Basic,26,0.0,Unassigned,2022-05-19
ACC-08907,Elizabeth Taylor,Kiwi Solutions,Business,Small Business,Healthcare,Nelson-Marlborough,Basic,36,97.69,Unassigned,2021-12-23
ACC-08910,David Gonzalez,Kiwi Electrical,Business,Small Business,Retail,Canterbury,Premium,10,236.3,Mike Patterson,2018-10-10
ACC-08911,John Davis,Island Medical,Business,Corporate,Professional Services,Auckland,Basic,7,92.37,Unassigned,2020-03-04
ACC-08912,Karen Taylor,Valley Solutions,Business,Corporate,Professional Services,Auckland,Free,57,0.0,Unassigned,2022-07-20
ACC-08913,Charles Smith,Pioneer Medical,Business,Corporate,Transport & Logistics,Bay of Plenty,Free,4,0.0,Unassigned,2018-09-04
ACC-08914,Karen Smith,Unknown,Residential,Individual,Unknown,Auckland,Basic,6,37.83,Unassigned,2018-04-02
ACC-08916,James Wilson,Highland Enterprises,Business,Corporate,Professional Services,Auckland,Free,2,0.0,Unassigned,2019-07-31
ACC-08918,Karen Taylor,Southern Dental,Business,Individual,Trades,Canterbury,Free,1,0.0,Unassigned,2021-06-07
ACC-08919,James Thomas,Coastal Industries,Business,Individual,Transport & Logistics,Wellington,Basic,28,72.51,Unassigned,2020-02-02
ACC-08920,Mary Lopez,Unknown,Residential,Individual,Unknown,Waikato,Basic,3,0.0,Unassigned,2019-10-31
ACC-08921,Elizabeth Thomas,Island Consulting,Business,Corporate,Construction,Otago,Premium,16,0.0,Unassigned,2022-08-07
ACC-08923,Robert Lopez,Pioneer Legal,Business,Small Business,Education,Canterbury,Free,8,0.0,Unassigned,2022-12-29
ACC-08924,Linda Jones,Northern Dental,Business,Corporate,Healthcare,Waikato,Basic,5,77.86,Unassigned,2022-07-24
ACC-08925,James Hernandez,Unknown,Residential,Small Business,Unknown,Waikato,Premium,26,104.01,Unassigned,2023-08-02
ACC-08926,Susan Gonzalez,Frontier Services,Business,Corporate,Transport & Logistics,Auckland,Free,53,0.0,Unassigned,2018-09-20
ACC-08928,Barbara Garcia,Highland Construction,Business,Corporate,Trades,Manawatu-Whanganui,Premium,50,188.12,Unassigned,2022-10-19
ACC-08929,James Martin,Unknown,Residential,Individual,Unknown,Auckland,Enterprise,39,320.96,Lisa Hartley,2022-02-28
ACC-08930,Susan Smith,Unknown,Residential,Small Business,Unknown,Otago,Premium,43,137.86,Unassigned,2020-01-21
ACC-08931,Sarah Brown,Ridge Solutions,Business,Small Business,Hospitality,Canterbury,Free,16,0.0,Unassigned,2023-04-14
ACC-08935,Charles Moore,Unknown,Residential,Corporate,Unknown,Bay of Plenty,Enterprise,16,321.32,Mike Patterson,2022-03-12
ACC-08936,David Davis,Valley Logistics,Business,Small Business,Construction,Auckland,Enterprise,16,259.81,Lisa Hartley,2022-10-29
ACC-08938,Charles Brown,Unknown,Residential,Individual,Unknown,Canterbury,Enterprise,19,331.69,Lisa Hartley,2020-09-25
ACC-08942,Elizabeth Moore,Northern Plumbing,Business,Individual,Retail,Bay of Plenty,Enterprise,24,768.24,Mike Patterson,2021-08-25
ACC-08943,Karen Hernandez,Frontier Logistics,Business,Corporate,Professional Services,Wellington,Free,23,0.0,Unassigned,2019-06-20
ACC-08944,Susan Smith,Unknown,Residential,Individual,Unknown,Taranaki,Enterprise,17,110.9,Unassigned,2019-09-04
ACC-08945,Barbara Rodriguez,Pacific Dental,Business,Corporate,Education,Taranaki,Basic,4,259.88,Sarah Chen,2020-10-07
ACC-08946,Barbara Jones,Unknown,Residential,Individual,Unknown,Otago,Free,29,0.0,Unassigned,2020-01-04
ACC-08947,Joseph Garcia,Unknown,Residential,Individual,Unknown,Canterbury,Premium,6,0.0,Unassigned,2022-08-03
ACC-08948,Thomas Hernandez,Alpha Transport,Business,Corporate,Retail,Southland,Free,52,498.81,Rob Thompson,2022-08-18
ACC-08949,Jessica Rodriguez,Central Legal,Business,Small Business,Property Management,Canterbury,Enterprise,15,59.54,Unassigned,2018-05-29
ACC-08950,Charles Martin,Northern Engineering,Business,Corporate,Trades,Canterbury,Free,5,163.59,Mike Patterson,2018-05-21
ACC-08952,Joseph Hernandez,Southern Engineering,Business,Corporate,Hospitality,Auckland,Basic,30,74.16,Unassigned,2018-07-06
ACC-08954,Jennifer Wilson,Unknown,Residential,Individual,Unknown,Auckland,Enterprise,32,359.33,Mike Patterson,2020-02-28
ACC-08955,Robert Davis,Unknown,Residential,Individual,Unknown,Waikato,Enterprise,15,0.0,Unassigned,2019-08-22
ACC-08956,Mary Garcia,Unknown,Residential,Small Business,Unknown,Auckland,Free,47,0.0,Unassigned,2022-01-06
ACC-08957,Jessica Williams,Southern Ltd,Business,Corporate,Agriculture,Auckland,Premium,50,202.84,Mike Patterson,2023-08-08
ACC-08958,Joseph Martinez,Unknown,Residential,Individual,Unknown,Nelson-Marlborough,Basic,5,46.51,Unassigned,2022-10-20
ACC-08959,Richard Smith,Kiwi Transport,Business,Small Business,Healthcare,Otago,Premium,17,256.54,Sarah Chen,2021-12-09
ACC-08960,Barbara Gonzalez,Ridge Systems,Business,Corporate,Construction,Otago,Basic,55,103.49,Unassigned,2023-05-10
ACC-08961,Robert Wilson,Kiwi Transport,Business,Small Business,Manufacturing,Southland,Premium,30,217.68,Sarah Chen,2022-03-05
ACC-08962,Jennifer Thomas,Unknown,Residential,Individual,Unknown,Wellington,Enterprise,3,318.09,Sarah Chen,2022-12-19
ACC-08963,James Hernandez,Unknown,Residential,Individual,Unknown,Bay of Plenty,Enterprise,37,272.16,Lisa Hartley,2023-12-02
ACC-08964,Jennifer Smith,Summit Tech,Business,Small Business,Professional Services,Auckland,Basic,30,115.18,Unassigned,2023-05-18
ACC-08967,Elizabeth Jackson,Harbour Services,Business,Corporate,Professional Services,Auckland,Free,18,277.83,Sarah Chen,2018-03-23
ACC-08968,John Martin,Ridge Electrical,Business,Corporate,Manufacturing,Auckland,Premium,6,315.35,Rob Thompson,2020-03-14
ACC-08969,Joseph Taylor,Unknown,Residential,Corporate,Unknown,Bay of Plenty,Premium,10,97.53,Unassigned,2021-02-23
ACC-08970,Elizabeth Gonzalez,Central Partners,Business,Small Business,Professional Services,Canterbury,Free,42,28.03,Unassigned,2022-06-27
ACC-08972,William Wilson,Unknown,Residential,Individual,Unknown,Canterbury,Basic,55,40.15,Unassigned,2019-10-31
ACC-08975,James Martinez,Unknown,Residential,Individual,Unknown,Auckland,Enterprise,51,348.1,Mike Patterson,2019-01-08
ACC-08976,Sarah Smith,Ridge Consulting,Business,Corporate,Education,Auckland,Basic,12,0.0,Unassigned,2023-02-22
ACC-08977,David Rodriguez,Unknown,Residential,Individual,Unknown,Auckland,Premium,40,132.88,Unassigned,2022-12-28
ACC-08978,Michael Martin,Coastal Engineering,Business,Corporate,Construction,Canterbury,Basic,5,291.76,Sarah Chen,2018-10-20
ACC-08979,Elizabeth Lopez,Alpha Ltd,Business,Small Business,Retail,Manawatu-Whanganui,Enterprise,16,536.73,Sarah Chen,2020-11-18
ACC-08983,Barbara Miller,Highland Group,Business,Corporate,Healthcare,Waikato,Enterprise,17,843.92,Lisa Hartley,2018-01-04
ACC-08985,Thomas Smith,Peak Enterprises,Business,Corporate,Trades,Auckland,Enterprise,45,907.39,Mike Patterson,2019-12-14
ACC-08986,Mary Smith,Frontier Ltd,Business,Corporate,Technology,Waikato,Premium,7,194.88,Unassigned,2019-11-05
ACC-08988,Charles Davis,Ridge Medical,Business,Individual,Agriculture,Wellington,Basic,1,0.0,Unassigned,2022-10-27
ACC-08989,Michael Williams,Southern Partners,Business,Small Business,Construction,Auckland,Premium,12,221.8,Lisa Hartley,2018-04-04
ACC-08991,Richard Gonzalez,Apex Transport,Business,Small Business,Professional Services,Taranaki,Premium,10,194.98,Unassigned,2023-09-25
ACC-08993,Jennifer Lopez,Central Construction,Business,Corporate,Retail,Auckland,Free,43,0.0,Unassigned,2022-07-02
ACC-08996,Linda Williams,Apex Dental,Business,Corporate,Trades,Taranaki,Premium,19,235.31,Rob Thompson,2021-05-03
ACC-08998,Michael Garcia,Unknown,Residential,Corporate,Unknown,Waikato,Enterprise,49,0.0,Unassigned,2019-08-03
ACC-08999,Michael Rodriguez,Kiwi Logistics,Business,Small Business,Hospitality,Auckland,Enterprise,7,702.07,Rob Thompson,2020-12-19
ACC-09000,Charles Martinez,Ridge Group,Business,Small Business,Education,Hawke's Bay,Free,2,100.11,Sarah Chen,2018-12-05
